cohort,scope,outcome_id,adjustment,exposure_model,analysis_family,outcome_coding_status,n,people,parameters,matrix_rank,events,model_status,any_withdrawal_n,any_withdrawal_events,any_withdrawal_nonevents,warnings,term,estimate_scale,estimate,standard_error,ci_low,ci_high,p_value,loss_1_n,loss_1_events,loss_1_nonevents,loss_2plus_n,loss_2plus_events,loss_2plus_nonevents,alcohol_loss_n,alcohol_loss_events,alcohol_loss_nonevents,activity_loss_n,activity_loss_events,activity_loss_nonevents,work_loss_n,work_loss_events,work_loss_nonevents,standardized_estimate,standardized_standard_error,standardized_ci_low,standardized_ci_high,extended_loss_1_n,extended_loss_1_events,extended_loss_1_nonevents,extended_loss_2plus_n,extended_loss_2plus_events,extended_loss_2plus_nonevents,work_exit_retirement_n,work_exit_retirement_events,work_exit_retirement_nonevents,work_exit_no_retirement_n,work_exit_no_retirement_events,work_exit_no_retirement_nonevents
charls,comparable_22_30_months,incident_diabetes,basic,any_withdrawal,core,PASS_BASELINE_FREE_RISK_SET,1537,1537,7,7,31.0,NOT_EVALUABLE_EPV,,,,,,,,,,,,,,,,,,,,,,,,,,,,,,,,,,,,,,,,,,
charls,comparable_22_30_months,incident_diabetes,basic,score_categorical,core,PASS_BASELINE_FREE_RISK_SET,1537,1537,8,8,31.0,NOT_EVALUABLE_EPV,,,,,,,,,,,,,,,,,,,,,,,,,,,,,,,,,,,,,,,,,,
charls,comparable_22_30_months,incident_diabetes,basic,mutually_adjusted_components,core,PASS_BASELINE_FREE_RISK_SET,1537,1537,9,9,31.0,NOT_EVALUABLE_EPV,,,,,,,,,,,,,,,,,,,,,,,,,,,,,,,,,,,,,,,,,,
charls,comparable_22_30_months,incident_diabetes,full,any_withdrawal,core,PASS_BASELINE_FREE_RISK_SET,1087,1087,12,12,24.0,NOT_EVALUABLE_EPV,,,,,,,,,,,,,,,,,,,,,,,,,,,,,,,,,,,,,,,,,,
charls,comparable_22_30_months,incident_diabetes,full,score_categorical,core,PASS_BASELINE_FREE_RISK_SET,1087,1087,13,13,24.0,NOT_EVALUABLE_EPV,,,,,,,,,,,,,,,,,,,,,,,,,,,,,,,,,,,,,,,,,,
charls,comparable_22_30_months,incident_diabetes,full,mutually_adjusted_components,core,PASS_BASELINE_FREE_RISK_SET,1087,1087,14,14,24.0,NOT_EVALUABLE_EPV,,,,,,,,,,,,,,,,,,,,,,,,,,,,,,,,,,,,,,,,,,
charls,comparable_22_30_months,incident_stroke,basic,any_withdrawal,core,PASS_BASELINE_FREE_RISK_SET,1624,1624,7,7,8.0,NOT_EVALUABLE_EPV,,,,,,,,,,,,,,,,,,,,,,,,,,,,,,,,,,,,,,,,,,
charls,comparable_22_30_months,incident_stroke,basic,score_categorical,core,PASS_BASELINE_FREE_RISK_SET,1624,1624,8,8,8.0,NOT_EVALUABLE_EPV,,,,,,,,,,,,,,,,,,,,,,,,,,,,,,,,,,,,,,,,,,
charls,comparable_22_30_months,incident_stroke,basic,mutually_adjusted_components,core,PASS_BASELINE_FREE_RISK_SET,1624,1624,9,9,8.0,NOT_EVALUABLE_EPV,,,,,,,,,,,,,,,,,,,,,,,,,,,,,,,,,,,,,,,,,,
charls,comparable_22_30_months,incident_stroke,full,any_withdrawal,core,PASS_BASELINE_FREE_RISK_SET,1156,1156,12,12,7.0,NOT_EVALUABLE_EPV,,,,,,,,,,,,,,,,,,,,,,,,,,,,,,,,,,,,,,,,,,
charls,comparable_22_30_months,incident_stroke,full,score_categorical,core,PASS_BASELINE_FREE_RISK_SET,1156,1156,13,13,7.0,NOT_EVALUABLE_EPV,,,,,,,,,,,,,,,,,,,,,,,,,,,,,,,,,,,,,,,,,,
charls,comparable_22_30_months,incident_stroke,full,mutually_adjusted_components,core,PASS_BASELINE_FREE_RISK_SET,1156,1156,14,14,7.0,NOT_EVALUABLE_EPV,,,,,,,,,,,,,,,,,,,,,,,,,,,,,,,,,,,,,,,,,,
charls,comparable_22_30_months,incident_any_adl,basic,any_withdrawal,core,PASS_STRICT_COMPLETE_ITEM_COUNTS,1385,1385,7,7,224.0,PASS,565.0,106.0,459.0,,any_withdrawal,risk_ratio,1.2242807276754584,0.1241103413449612,0.9599267604041682,1.5614350614899697,0.1030101607061198,,,,,,,,,,,,,,,,,,,,,,,,,,,,,,,
charls,comparable_22_30_months,incident_any_adl,basic,score_categorical,core,PASS_STRICT_COMPLETE_ITEM_COUNTS,1385,1385,8,8,224.0,PASS,,,,,loss_1,risk_ratio,1.179352097286419,0.1312086691746038,0.911923614492448,1.5252060011056932,0.2086545201903052,469.0,85.0,384.0,96.0,21.0,75.0,,,,,,,,,,,,,,,,,,,,,,,,,
charls,comparable_22_30_months,incident_any_adl,basic,score_categorical,core,PASS_STRICT_COMPLETE_ITEM_COUNTS,1385,1385,8,8,224.0,PASS,,,,,loss_2plus,risk_ratio,1.4765202583750083,0.2193986635517967,0.9604769104356932,2.2698224701756287,0.0757057887714619,469.0,85.0,384.0,96.0,21.0,75.0,,,,,,,,,,,,,,,,,,,,,,,,,
charls,comparable_22_30_months,incident_any_adl,basic,mutually_adjusted_components,core,PASS_STRICT_COMPLETE_ITEM_COUNTS,1385,1385,9,9,224.0,PASS,,,,,alcohol_loss,risk_ratio,1.3059801342992805,0.2038323413370013,0.8758589401223633,1.947327398343488,0.1903063058325198,,,,,,,119.0,23.0,96.0,344.0,69.0,275.0,208.0,37.0,171.0,,,,,,,,,,,,,,,,
charls,comparable_22_30_months,incident_any_adl,basic,mutually_adjusted_components,core,PASS_STRICT_COMPLETE_ITEM_COUNTS,1385,1385,9,9,224.0,PASS,,,,,activity_loss,risk_ratio,1.2642706766382106,0.1333789775712711,0.973436605354032,1.6419973678983637,0.0787281550301113,,,,,,,119.0,23.0,96.0,344.0,69.0,275.0,208.0,37.0,171.0,,,,,,,,,,,,,,,,
charls,comparable_22_30_months,incident_any_adl,basic,mutually_adjusted_components,core,PASS_STRICT_COMPLETE_ITEM_COUNTS,1385,1385,9,9,224.0,PASS,,,,,work_loss,risk_ratio,1.0293256137454612,0.1639394274319463,0.746461281883147,1.419378666820564,0.8600519232682936,,,,,,,119.0,23.0,96.0,344.0,69.0,275.0,208.0,37.0,171.0,,,,,,,,,,,,,,,,
charls,comparable_22_30_months,incident_any_adl,full,any_withdrawal,core,PASS_STRICT_COMPLETE_ITEM_COUNTS,966,966,12,12,153.0,PASS,392.0,72.0,320.0,,any_withdrawal,risk_ratio,1.1260929644035946,0.1445389012023264,0.8482864098285074,1.4948787930430667,0.4113009390546674,,,,,,,,,,,,,,,,,,,,,,,,,,,,,,,
charls,comparable_22_30_months,incident_any_adl,full,score_categorical,core,PASS_STRICT_COMPLETE_ITEM_COUNTS,966,966,13,13,153.0,NOT_EVALUABLE_LOSS_2PLUS_EVENTS,,,,,,,,,,,,332.0,59.0,273.0,60.0,13.0,47.0,,,,,,,,,,,,,,,,,,,,,,,,,
charls,comparable_22_30_months,incident_any_adl,full,mutually_adjusted_components,core,PASS_STRICT_COMPLETE_ITEM_COUNTS,966,966,14,14,153.0,NOT_EVALUABLE_ALCOHOL_LOSS_EVENTS,,,,,,,,,,,,,,,,,,64.0,11.0,53.0,,,,,,,,,,,,,,,,,,,,,,
charls,comparable_22_30_months,multimorbidity_progression,basic,any_withdrawal,core,PASS_STRICT_COMMON_SIX,1588,1588,8,8,178.0,PASS,659.0,76.0,583.0,,any_withdrawal,risk_ratio,1.0370542656889186,0.1463261443592587,0.7784817616270383,1.3815115562062878,0.803630145503446,,,,,,,,,,,,,,,,,,,,,,,,,,,,,,,
charls,comparable_22_30_months,multimorbidity_progression,basic,score_categorical,core,PASS_STRICT_COMMON_SIX,1588,1588,9,9,178.0,NOT_EVALUABLE_LOSS_2PLUS_EVENTS,,,,,,,,,,,,535.0,60.0,475.0,124.0,16.0,108.0,,,,,,,,,,,,,,,,,,,,,,,,,
charls,comparable_22_30_months,multimorbidity_progression,basic,mutually_adjusted_components,core,PASS_STRICT_COMMON_SIX,1588,1588,10,10,178.0,NOT_EVALUABLE_ALCOHOL_LOSS_EVENTS,,,,,,,,,,,,,,,,,,145.0,18.0,127.0,,,,,,,,,,,,,,,,,,,,,,
charls,comparable_22_30_months,multimorbidity_progression,full,any_withdrawal,core,PASS_STRICT_COMMON_SIX,1144,1144,12,12,125.0,PASS,469.0,53.0,416.0,,any_withdrawal,risk_ratio,1.0298177959850248,0.1763645064560409,0.7288508295400663,1.45506412278722,0.8676867447358048,,,,,,,,,,,,,,,,,,,,,,,,,,,,,,,
charls,comparable_22_30_months,multimorbidity_progression,full,score_categorical,core,PASS_STRICT_COMMON_SIX,1144,1144,13,13,125.0,NOT_EVALUABLE_EPV,,,,,,,,,,,,,,,,,,,,,,,,,,,,,,,,,,,,,,,,,,
charls,comparable_22_30_months,multimorbidity_progression,full,mutually_adjusted_components,core,PASS_STRICT_COMMON_SIX,1144,1144,14,14,125.0,NOT_EVALUABLE_EPV,,,,,,,,,,,,,,,,,,,,,,,,,,,,,,,,,,,,,,,,,,
charls,comparable_22_30_months,mortality,basic,any_withdrawal,core,PASS_SOURCE_STATUS,1780,1780,7,7,58.0,NOT_EVALUABLE_EPV,,,,,,,,,,,,,,,,,,,,,,,,,,,,,,,,,,,,,,,,,,
charls,comparable_22_30_months,mortality,basic,score_categorical,core,PASS_SOURCE_STATUS,1780,1780,8,8,58.0,NOT_EVALUABLE_EPV,,,,,,,,,,,,,,,,,,,,,,,,,,,,,,,,,,,,,,,,,,
charls,comparable_22_30_months,mortality,basic,mutually_adjusted_components,core,PASS_SOURCE_STATUS,1780,1780,9,9,58.0,NOT_EVALUABLE_EPV,,,,,,,,,,,,,,,,,,,,,,,,,,,,,,,,,,,,,,,,,,
charls,comparable_22_30_months,mortality,full,any_withdrawal,core,PASS_SOURCE_STATUS,1262,1262,12,12,34.0,NOT_EVALUABLE_EPV,,,,,,,,,,,,,,,,,,,,,,,,,,,,,,,,,,,,,,,,,,
charls,comparable_22_30_months,mortality,full,score_categorical,core,PASS_SOURCE_STATUS,1262,1262,13,13,34.0,NOT_EVALUABLE_EPV,,,,,,,,,,,,,,,,,,,,,,,,,,,,,,,,,,,,,,,,,,
charls,comparable_22_30_months,mortality,full,mutually_adjusted_components,core,PASS_SOURCE_STATUS,1262,1262,14,14,34.0,NOT_EVALUABLE_EPV,,,,,,,,,,,,,,,,,,,,,,,,,,,,,,,,,,,,,,,,,,
charls,comparable_22_30_months,incident_heart_disease,basic,any_withdrawal,core,PASS_BASELINE_FREE_RISK_SET,1407,1407,7,7,46.0,NOT_EVALUABLE_EPV,,,,,,,,,,,,,,,,,,,,,,,,,,,,,,,,,,,,,,,,,,
charls,comparable_22_30_months,incident_heart_disease,basic,score_categorical,core,PASS_BASELINE_FREE_RISK_SET,1407,1407,8,8,46.0,NOT_EVALUABLE_EPV,,,,,,,,,,,,,,,,,,,,,,,,,,,,,,,,,,,,,,,,,,
charls,comparable_22_30_months,incident_heart_disease,basic,mutually_adjusted_components,core,PASS_BASELINE_FREE_RISK_SET,1407,1407,9,9,46.0,NOT_EVALUABLE_EPV,,,,,,,,,,,,,,,,,,,,,,,,,,,,,,,,,,,,,,,,,,
charls,comparable_22_30_months,incident_heart_disease,full,any_withdrawal,core,PASS_BASELINE_FREE_RISK_SET,1005,1005,12,12,34.0,NOT_EVALUABLE_EPV,,,,,,,,,,,,,,,,,,,,,,,,,,,,,,,,,,,,,,,,,,
charls,comparable_22_30_months,incident_heart_disease,full,score_categorical,core,PASS_BASELINE_FREE_RISK_SET,1005,1005,13,13,34.0,NOT_EVALUABLE_EPV,,,,,,,,,,,,,,,,,,,,,,,,,,,,,,,,,,,,,,,,,,
charls,comparable_22_30_months,incident_heart_disease,full,mutually_adjusted_components,core,PASS_BASELINE_FREE_RISK_SET,1005,1005,14,14,34.0,NOT_EVALUABLE_EPV,,,,,,,,,,,,,,,,,,,,,,,,,,,,,,,,,,,,,,,,,,
charls,comparable_22_30_months,incident_hypertension,basic,any_withdrawal,core,PASS_BASELINE_FREE_RISK_SET,1099,1099,7,7,80.0,PASS,440.0,37.0,403.0,,any_withdrawal,risk_ratio,1.207060721364074,0.2218250489549926,0.7814681707981499,1.8644336896944391,0.3962356297169307,,,,,,,,,,,,,,,,,,,,,,,,,,,,,,,
charls,comparable_22_30_months,incident_hypertension,basic,score_categorical,core,PASS_BASELINE_FREE_RISK_SET,1099,1099,8,8,80.0,NOT_EVALUABLE_LOSS_2PLUS_EVENTS,,,,,,,,,,,,359.0,30.0,329.0,81.0,7.0,74.0,,,,,,,,,,,,,,,,,,,,,,,,,
charls,comparable_22_30_months,incident_hypertension,basic,mutually_adjusted_components,core,PASS_BASELINE_FREE_RISK_SET,1099,1099,9,9,80.0,NOT_EVALUABLE_EPV,,,,,,,,,,,,,,,,,,,,,,,,,,,,,,,,,,,,,,,,,,
charls,comparable_22_30_months,incident_hypertension,full,any_withdrawal,core,PASS_BASELINE_FREE_RISK_SET,777,777,12,12,51.0,NOT_EVALUABLE_EPV,,,,,,,,,,,,,,,,,,,,,,,,,,,,,,,,,,,,,,,,,,
charls,comparable_22_30_months,incident_hypertension,full,score_categorical,core,PASS_BASELINE_FREE_RISK_SET,777,777,13,13,51.0,NOT_EVALUABLE_EPV,,,,,,,,,,,,,,,,,,,,,,,,,,,,,,,,,,,,,,,,,,
charls,comparable_22_30_months,incident_hypertension,full,mutually_adjusted_components,core,PASS_BASELINE_FREE_RISK_SET,777,777,14,14,51.0,NOT_EVALUABLE_EPV,,,,,,,,,,,,,,,,,,,,,,,,,,,,,,,,,,,,,,,,,,
charls,comparable_22_30_months,incident_any_iadl,basic,any_withdrawal,core,PASS_STRICT_COMPLETE_ITEM_COUNTS,1318,1318,7,7,216.0,PASS,518.0,98.0,420.0,,any_withdrawal,risk_ratio,1.198809970310731,0.1257362313647387,0.936965223939086,1.5338299738324632,0.1492626032188282,,,,,,,,,,,,,,,,,,,,,,,,,,,,,,,
charls,comparable_22_30_months,incident_any_iadl,basic,score_categorical,core,PASS_STRICT_COMPLETE_ITEM_COUNTS,1318,1318,8,8,216.0,NOT_EVALUABLE_LOSS_2PLUS_EVENTS,,,,,,,,,,,,426.0,79.0,347.0,92.0,19.0,73.0,,,,,,,,,,,,,,,,,,,,,,,,,
charls,comparable_22_30_months,incident_any_iadl,basic,mutually_adjusted_components,core,PASS_STRICT_COMPLETE_ITEM_COUNTS,1318,1318,9,9,216.0,PASS,,,,,alcohol_loss,risk_ratio,1.441687870273335,0.1943514636560242,0.9850062331127416,2.110102297246445,0.0598045120301047,,,,,,,117.0,25.0,92.0,310.0,61.0,249.0,195.0,33.0,162.0,,,,,,,,,,,,,,,,
charls,comparable_22_30_months,incident_any_iadl,basic,mutually_adjusted_components,core,PASS_STRICT_COMPLETE_ITEM_COUNTS,1318,1318,9,9,216.0,PASS,,,,,activity_loss,risk_ratio,1.1984605445924017,0.1392803010859729,0.9121539300585136,1.574632997363261,0.1936662805564839,,,,,,,117.0,25.0,92.0,310.0,61.0,249.0,195.0,33.0,162.0,,,,,,,,,,,,,,,,
charls,comparable_22_30_months,incident_any_iadl,basic,mutually_adjusted_components,core,PASS_STRICT_COMPLETE_ITEM_COUNTS,1318,1318,9,9,216.0,PASS,,,,,work_loss,risk_ratio,0.9402716149471454,0.1742885792042031,0.6681879173943155,1.3231468077468629,0.7238190810294829,,,,,,,117.0,25.0,92.0,310.0,61.0,249.0,195.0,33.0,162.0,,,,,,,,,,,,,,,,
charls,comparable_22_30_months,incident_any_iadl,full,any_withdrawal,core,PASS_STRICT_COMPLETE_ITEM_COUNTS,917,917,12,12,152.0,PASS,350.0,67.0,283.0,,any_withdrawal,risk_ratio,1.159900417172162,0.1477883768705429,0.8682064544698436,1.5495956875576142,0.3155266290358388,,,,,,,,,,,,,,,,,,,,,,,,,,,,,,,
charls,comparable_22_30_months,incident_any_iadl,full,score_categorical,core,PASS_STRICT_COMPLETE_ITEM_COUNTS,917,917,13,13,152.0,NOT_EVALUABLE_LOSS_2PLUS_EVENTS,,,,,,,,,,,,292.0,53.0,239.0,58.0,14.0,44.0,,,,,,,,,,,,,,,,,,,,,,,,,
charls,comparable_22_30_months,incident_any_iadl,full,mutually_adjusted_components,core,PASS_STRICT_COMPLETE_ITEM_COUNTS,917,917,14,14,152.0,NOT_EVALUABLE_ALCOHOL_LOSS_EVENTS,,,,,,,,,,,,,,,,,,64.0,17.0,47.0,,,,,,,,,,,,,,,,,,,,,,
charls,comparable_22_30_months,iadl_count_increase,basic,any_withdrawal,core,PASS_STRICT_COMPLETE_ITEM_COUNTS,1634,1634,8,8,268.0,PASS,668.0,127.0,541.0,,any_withdrawal,risk_ratio,1.241325232643667,0.114122999787167,0.9925306111157916,1.5524844432411051,0.0581894481254475,,,,,,,,,,,,,,,,,,,,,,,,,,,,,,,
charls,comparable_22_30_months,iadl_count_increase,basic,score_categorical,core,PASS_STRICT_COMPLETE_ITEM_COUNTS,1634,1634,9,9,268.0,PASS,,,,,loss_1,risk_ratio,1.2236202819296471,0.119450083191053,0.968212247081146,1.546403279718176,0.0911188539005418,544.0,103.0,441.0,124.0,24.0,100.0,,,,,,,,,,,,,,,,,,,,,,,,,
charls,comparable_22_30_months,iadl_count_increase,basic,score_categorical,core,PASS_STRICT_COMPLETE_ITEM_COUNTS,1634,1634,9,9,268.0,PASS,,,,,loss_2plus,risk_ratio,1.335800912971168,0.2107047278123963,0.883872346563727,2.018802925594135,0.1694081640902019,544.0,103.0,441.0,124.0,24.0,100.0,,,,,,,,,,,,,,,,,,,,,,,,,
charls,comparable_22_30_months,iadl_count_increase,basic,mutually_adjusted_components,core,PASS_STRICT_COMPLETE_ITEM_COUNTS,1634,1634,10,10,268.0,PASS,,,,,alcohol_loss,risk_ratio,1.465022848256179,0.1756827731152274,1.0382524158943005,2.067215941957558,0.0297322950961034,,,,,,,145.0,31.0,114.0,411.0,81.0,330.0,252.0,42.0,210.0,,,,,,,,,,,,,,,,
charls,comparable_22_30_months,iadl_count_increase,basic,mutually_adjusted_components,core,PASS_STRICT_COMPLETE_ITEM_COUNTS,1634,1634,10,10,268.0,PASS,,,,,activity_loss,risk_ratio,1.2331936462467508,0.1238146931352089,0.9674755995165883,1.571891394370284,0.0904723956828993,,,,,,,145.0,31.0,114.0,411.0,81.0,330.0,252.0,42.0,210.0,,,,,,,,,,,,,,,,
charls,comparable_22_30_months,iadl_count_increase,basic,mutually_adjusted_components,core,PASS_STRICT_COMPLETE_ITEM_COUNTS,1634,1634,10,10,268.0,PASS,,,,,work_loss,risk_ratio,0.9548684967344456,0.155721445856538,0.7037092021852708,1.2956684994661336,0.7667980608327308,,,,,,,145.0,31.0,114.0,411.0,81.0,330.0,252.0,42.0,210.0,,,,,,,,,,,,,,,,
charls,comparable_22_30_months,iadl_count_increase,full,any_withdrawal,core,PASS_STRICT_COMPLETE_ITEM_COUNTS,1162,1162,13,13,193.0,PASS,471.0,91.0,380.0,,any_withdrawal,risk_ratio,1.2158195504108933,0.1315440554713761,0.9395039698777574,1.57340173810408,0.1373919414258007,,,,,,,,,,,,,,,,,,,,,,,,,,,,,,,
charls,comparable_22_30_months,iadl_count_increase,full,score_categorical,core,PASS_STRICT_COMPLETE_ITEM_COUNTS,1162,1162,14,14,193.0,NOT_EVALUABLE_LOSS_2PLUS_EVENTS,,,,,,,,,,,,388.0,74.0,314.0,83.0,17.0,66.0,,,,,,,,,,,,,,,,,,,,,,,,,
charls,comparable_22_30_months,iadl_count_increase,full,mutually_adjusted_components,core,PASS_STRICT_COMPLETE_ITEM_COUNTS,1162,1162,15,15,193.0,PASS,,,,,alcohol_loss,risk_ratio,1.6754808826866106,0.1966888437350339,1.1395086586712782,2.4635496772105934,0.0086918455105445,,,,,,,86.0,21.0,65.0,297.0,62.0,235.0,182.0,28.0,154.0,,,,,,,,,,,,,,,,
charls,comparable_22_30_months,iadl_count_increase,full,mutually_adjusted_components,core,PASS_STRICT_COMPLETE_ITEM_COUNTS,1162,1162,15,15,193.0,PASS,,,,,activity_loss,risk_ratio,1.252710467485949,0.1393723415353539,0.9532718183950568,1.6462078129939215,0.1059642637806513,,,,,,,86.0,21.0,65.0,297.0,62.0,235.0,182.0,28.0,154.0,,,,,,,,,,,,,,,,
charls,comparable_22_30_months,iadl_count_increase,full,mutually_adjusted_components,core,PASS_STRICT_COMPLETE_ITEM_COUNTS,1162,1162,15,15,193.0,PASS,,,,,work_loss,risk_ratio,0.8700899826934,0.1880710773674676,0.6018354665114204,1.2579128683986176,0.4593450123383487,,,,,,,86.0,21.0,65.0,297.0,62.0,235.0,182.0,28.0,154.0,,,,,,,,,,,,,,,,
charls,comparable_22_30_months,word_recall_change,basic,any_withdrawal,core,PASS_BASELINE_ADJUSTED_CHANGE_CANDIDATE,1446,1446,8,8,,PASS,575.0,,,,any_withdrawal,mean_difference,0.1599968333732052,0.1631483630234286,-0.1597680822893812,0.4797617490357917,0.3267490677171694,,,,,,,,,,,,,,,,0.0448003825512007,0.0456828358533991,-0.0447363304331165,0.1343370955355181,,,,,,,,,,,,
charls,comparable_22_30_months,word_recall_change,basic,score_categorical,core,PASS_BASELINE_ADJUSTED_CHANGE_CANDIDATE,1446,1446,9,9,,PASS,,,,,loss_1,mean_difference,0.0965808564568696,0.1698916613316976,-0.2364006810269339,0.4295623939406732,0.5697057066861555,469.0,,,106.0,,,,,,,,,,,,0.0270434059547768,0.0475710128722694,-0.0661940659829627,0.1202808778925162,,,,,,,,,,,,
charls,comparable_22_30_months,word_recall_change,basic,score_categorical,core,PASS_BASELINE_ADJUSTED_CHANGE_CANDIDATE,1446,1446,9,9,,PASS,,,,,loss_2plus,mean_difference,0.4690392348878086,0.3439462715928428,-0.2050830700509951,1.1431615398266124,0.1726622747421252,469.0,,,106.0,,,,,,,,,,,,0.1313347065156067,0.0963076844682046,-0.0574248864765218,0.3200942995077354,,,,,,,,,,,,
charls,comparable_22_30_months,word_recall_change,basic,mutually_adjusted_components,core,PASS_BASELINE_ADJUSTED_CHANGE_CANDIDATE,1446,1446,10,10,,PASS,,,,,alcohol_loss,mean_difference,0.2597314463404188,0.3050115456831239,-0.3380801980673973,0.8575430907482351,0.3944659677117543,,,,,,,123.0,,,350.0,,,221.0,,,0.0727268653466746,0.0854056523560261,-0.0946651373472849,0.2401188680406343,,,,,,,,,,,,
charls,comparable_22_30_months,word_recall_change,basic,mutually_adjusted_components,core,PASS_BASELINE_ADJUSTED_CHANGE_CANDIDATE,1446,1446,10,10,,PASS,,,,,activity_loss,mean_difference,0.0886703485545148,0.1847916175335569,-0.273514566456157,0.4508552635651868,0.6313414033320704,,,,,,,123.0,,,350.0,,,221.0,,,0.0248284009904401,0.0517431188056561,-0.076586248316423,0.1262430502973034,,,,,,,,,,,,
charls,comparable_22_30_months,word_recall_change,basic,mutually_adjusted_components,core,PASS_BASELINE_ADJUSTED_CHANGE_CANDIDATE,1446,1446,10,10,,PASS,,,,,work_loss,mean_difference,0.1722257582406822,0.2205989191753969,-0.2601401783715579,0.6045916948529224,0.4349678081301122,,,,,,,123.0,,,350.0,,,221.0,,,0.0482245785224731,0.0617694473139135,-0.0728413135577417,0.169290470602688,,,,,,,,,,,,
charls,comparable_22_30_months,word_recall_change,full,any_withdrawal,core,PASS_BASELINE_ADJUSTED_CHANGE_CANDIDATE,1023,1023,13,13,,PASS,400.0,,,,any_withdrawal,mean_difference,0.0379379318847413,0.192168603681944,-0.3387056102912202,0.4145814740607029,0.8434988548350499,,,,,,,,,,,,,,,,0.0108816647300974,0.0551193545096468,-0.0971502849599057,0.1189136144201007,,,,,,,,,,,,
charls,comparable_22_30_months,word_recall_change,full,score_categorical,core,PASS_BASELINE_ADJUSTED_CHANGE_CANDIDATE,1023,1023,14,14,,NOT_EVALUABLE_LOSS_2PLUS_N,,,,,,,,,,,,331.0,,,69.0,,,,,,,,,,,,,,,,,,,,,,,,,,,
charls,comparable_22_30_months,word_recall_change,full,mutually_adjusted_components,core,PASS_BASELINE_ADJUSTED_CHANGE_CANDIDATE,1023,1023,15,15,,NOT_EVALUABLE_ALCOHOL_LOSS_N,,,,,,,,,,,,,,,,,,72.0,,,,,,,,,,,,,,,,,,,,,,,,
charls,all_primary_wave_intervals,incident_diabetes,basic,any_withdrawal,core,PASS_BASELINE_FREE_RISK_SET,2476,1865,8,8,103.0,PASS,1021.0,48.0,973.0,,any_withdrawal,risk_ratio,1.2455131075006276,0.1940345669996368,0.851502209948074,1.821842483591993,0.2578501949012018,,,,,,,,,,,,,,,,,,,,,,,,,,,,,,,
charls,all_primary_wave_intervals,incident_diabetes,basic,score_categorical,core,PASS_BASELINE_FREE_RISK_SET,2476,1865,9,9,103.0,NOT_EVALUABLE_LOSS_2PLUS_EVENTS,,,,,,,,,,,,837.0,41.0,796.0,184.0,7.0,177.0,,,,,,,,,,,,,,,,,,,,,,,,,
charls,all_primary_wave_intervals,incident_diabetes,basic,mutually_adjusted_components,core,PASS_BASELINE_FREE_RISK_SET,2476,1865,10,10,103.0,NOT_EVALUABLE_ALCOHOL_LOSS_EVENTS,,,,,,,,,,,,,,,,,,223.0,7.0,216.0,,,,,,,,,,,,,,,,,,,,,,
charls,all_primary_wave_intervals,incident_diabetes,full,any_withdrawal,core,PASS_BASELINE_FREE_RISK_SET,1974,1560,13,13,92.0,NOT_EVALUABLE_EPV,,,,,,,,,,,,,,,,,,,,,,,,,,,,,,,,,,,,,,,,,,
charls,all_primary_wave_intervals,incident_diabetes,full,score_categorical,core,PASS_BASELINE_FREE_RISK_SET,1974,1560,14,14,92.0,NOT_EVALUABLE_EPV,,,,,,,,,,,,,,,,,,,,,,,,,,,,,,,,,,,,,,,,,,
charls,all_primary_wave_intervals,incident_diabetes,full,mutually_adjusted_components,core,PASS_BASELINE_FREE_RISK_SET,1974,1560,15,15,92.0,NOT_EVALUABLE_EPV,,,,,,,,,,,,,,,,,,,,,,,,,,,,,,,,,,,,,,,,,,
charls,all_primary_wave_intervals,incident_stroke,basic,any_withdrawal,core,PASS_BASELINE_FREE_RISK_SET,2628,1979,8,8,79.0,NOT_EVALUABLE_EPV,,,,,,,,,,,,,,,,,,,,,,,,,,,,,,,,,,,,,,,,,,
charls,all_primary_wave_intervals,incident_stroke,basic,score_categorical,core,PASS_BASELINE_FREE_RISK_SET,2628,1979,9,9,79.0,NOT_EVALUABLE_EPV,,,,,,,,,,,,,,,,,,,,,,,,,,,,,,,,,,,,,,,,,,
charls,all_primary_wave_intervals,incident_stroke,basic,mutually_adjusted_components,core,PASS_BASELINE_FREE_RISK_SET,2628,1979,10,10,79.0,NOT_EVALUABLE_EPV,,,,,,,,,,,,,,,,,,,,,,,,,,,,,,,,,,,,,,,,,,
charls,all_primary_wave_intervals,incident_stroke,full,any_withdrawal,core,PASS_BASELINE_FREE_RISK_SET,2101,1657,13,13,73.0,NOT_EVALUABLE_EPV,,,,,,,,,,,,,,,,,,,,,,,,,,,,,,,,,,,,,,,,,,
charls,all_primary_wave_intervals,incident_stroke,full,score_categorical,core,PASS_BASELINE_FREE_RISK_SET,2101,1657,14,14,73.0,NOT_EVALUABLE_EPV,,,,,,,,,,,,,,,,,,,,,,,,,,,,,,,,,,,,,,,,,,
charls,all_primary_wave_intervals,incident_stroke,full,mutually_adjusted_components,core,PASS_BASELINE_FREE_RISK_SET,2101,1657,15,15,73.0,NOT_EVALUABLE_EPV,,,,,,,,,,,,,,,,,,,,,,,,,,,,,,,,,,,,,,,,,,
charls,all_primary_wave_intervals,incident_any_adl,basic,any_withdrawal,core,PASS_STRICT_COMPLETE_ITEM_COUNTS,2197,1712,8,8,364.0,PASS,896.0,167.0,729.0,,any_withdrawal,risk_ratio,1.1501164073440713,0.0983282423807377,0.9485159699412326,1.394565608129918,0.154907008673872,,,,,,,,,,,,,,,,,,,,,,,,,,,,,,,
charls,all_primary_wave_intervals,incident_any_adl,basic,score_categorical,core,PASS_STRICT_COMPLETE_ITEM_COUNTS,2197,1712,9,9,364.0,PASS,,,,,loss_1,risk_ratio,1.145884350386292,0.1031130478650984,0.9362046690950598,1.4025255243913872,0.186616635019288,741.0,138.0,603.0,155.0,29.0,126.0,,,,,,,,,,,,,,,,,,,,,,,,,
charls,all_primary_wave_intervals,incident_any_adl,basic,score_categorical,core,PASS_STRICT_COMPLETE_ITEM_COUNTS,2197,1712,9,9,364.0,PASS,,,,,loss_2plus,risk_ratio,1.1727225535191306,0.1853574261359467,0.8154902074187945,1.686443534233829,0.3900251313702655,741.0,138.0,603.0,155.0,29.0,126.0,,,,,,,,,,,,,,,,,,,,,,,,,
charls,all_primary_wave_intervals,incident_any_adl,basic,mutually_adjusted_components,core,PASS_STRICT_COMPLETE_ITEM_COUNTS,2197,1712,10,10,364.0,PASS,,,,,alcohol_loss,risk_ratio,1.1902566354160071,0.1661941724969095,0.859361464502124,1.6485622368145323,0.2946456730726444,,,,,,,187.0,34.0,153.0,537.0,105.0,432.0,338.0,59.0,279.0,,,,,,,,,,,,,,,,
charls,all_primary_wave_intervals,incident_any_adl,basic,mutually_adjusted_components,core,PASS_STRICT_COMPLETE_ITEM_COUNTS,2197,1712,10,10,364.0,PASS,,,,,activity_loss,risk_ratio,1.184310059750946,0.1057636984384969,0.962585233126729,1.4571076610756932,0.1097277261116435,,,,,,,187.0,34.0,153.0,537.0,105.0,432.0,338.0,59.0,279.0,,,,,,,,,,,,,,,,
charls,all_primary_wave_intervals,incident_any_adl,basic,mutually_adjusted_components,core,PASS_STRICT_COMPLETE_ITEM_COUNTS,2197,1712,10,10,364.0,PASS,,,,,work_loss,risk_ratio,0.9675255345454364,0.129975559937093,0.7499408978087392,1.2482392448960318,0.799497520125627,,,,,,,187.0,34.0,153.0,537.0,105.0,432.0,338.0,59.0,279.0,,,,,,,,,,,,,,,,
charls,all_primary_wave_intervals,incident_any_adl,full,any_withdrawal,core,PASS_STRICT_COMPLETE_ITEM_COUNTS,1738,1414,13,13,284.0,PASS,707.0,128.0,579.0,,any_withdrawal,risk_ratio,1.033762084864454,0.1107056320426295,0.8321235146379671,1.2842613257579285,0.7642256075044822,,,,,,,,,,,,,,,,,,,,,,,,,,,,,,,
charls,all_primary_wave_intervals,incident_any_adl,full,score_categorical,core,PASS_STRICT_COMPLETE_ITEM_COUNTS,1738,1414,14,14,284.0,PASS,,,,,loss_1,risk_ratio,1.0449029116993769,0.1160248909029015,0.8323679953502717,1.3117060014043211,0.7050044463918766,589.0,107.0,482.0,118.0,21.0,97.0,,,,,,,,,,,,,,,,,,,,,,,,,
charls,all_primary_wave_intervals,incident_any_adl,full,score_categorical,core,PASS_STRICT_COMPLETE_ITEM_COUNTS,1738,1414,14,14,284.0,PASS,,,,,loss_2plus,risk_ratio,0.975229755611802,0.2137438663414842,0.6414574225032592,1.4826752998182395,0.9065851280814122,589.0,107.0,482.0,118.0,21.0,97.0,,,,,,,,,,,,,,,,,,,,,,,,,
charls,all_primary_wave_intervals,incident_any_adl,full,mutually_adjusted_components,core,PASS_STRICT_COMPLETE_ITEM_COUNTS,1738,1414,15,15,284.0,PASS,,,,,alcohol_loss,risk_ratio,0.9772194903836576,0.2134896606541658,0.6430864984004545,1.4849603198962458,0.9140435817283508,,,,,,,127.0,20.0,107.0,427.0,85.0,342.0,277.0,46.0,231.0,,,,,,,,,,,,,,,,
charls,all_primary_wave_intervals,incident_any_adl,full,mutually_adjusted_components,core,PASS_STRICT_COMPLETE_ITEM_COUNTS,1738,1414,15,15,284.0,PASS,,,,,activity_loss,risk_ratio,1.1209129641415194,0.1176973485248565,0.8899953291870473,1.4117443451396634,0.3321436038472533,,,,,,,127.0,20.0,107.0,427.0,85.0,342.0,277.0,46.0,231.0,,,,,,,,,,,,,,,,
charls,all_primary_wave_intervals,incident_any_adl,full,mutually_adjusted_components,core,PASS_STRICT_COMPLETE_ITEM_COUNTS,1738,1414,15,15,284.0,PASS,,,,,work_loss,risk_ratio,0.8962014716482822,0.1467703474954908,0.6721628512671559,1.1949144113965893,0.4552585902841024,,,,,,,127.0,20.0,107.0,427.0,85.0,342.0,277.0,46.0,231.0,,,,,,,,,,,,,,,,
charls,all_primary_wave_intervals,multimorbidity_progression,basic,any_withdrawal,core,PASS_STRICT_COMMON_SIX,2569,1940,9,9,482.0,PASS,1062.0,205.0,857.0,,any_withdrawal,risk_ratio,1.030113071593822,0.0807938868792788,0.8792512956957931,1.2068596833044576,0.7134600611063187,,,,,,,,,,,,,,,,,,,,,,,,,,,,,,,
charls,all_primary_wave_intervals,multimorbidity_progression,basic,score_categorical,core,PASS_STRICT_COMMON_SIX,2569,1940,10,10,482.0,PASS,,,,,loss_1,risk_ratio,1.0404716976348305,0.0850194330418701,0.8807681443053191,1.2291331840037891,0.6407515930297272,863.0,167.0,696.0,199.0,38.0,161.0,,,,,,,,,,,,,,,,,,,,,,,,,
charls,all_primary_wave_intervals,multimorbidity_progression,basic,score_categorical,core,PASS_STRICT_COMMON_SIX,2569,1940,10,10,482.0,PASS,,,,,loss_2plus,risk_ratio,0.982865508219663,0.1577852139747388,0.7214181708181279,1.339063314904269,0.912778250929681,863.0,167.0,696.0,199.0,38.0,161.0,,,,,,,,,,,,,,,,,,,,,,,,,
charls,all_primary_wave_intervals,multimorbidity_progression,basic,mutually_adjusted_components,core,PASS_STRICT_COMMON_SIX,2569,1940,11,11,482.0,PASS,,,,,alcohol_loss,risk_ratio,0.898550171011093,0.1496281085868396,0.6701602342520264,1.204775169516294,0.4746559657219941,,,,,,,228.0,40.0,188.0,640.0,129.0,511.0,409.0,77.0,332.0,,,,,,,,,,,,,,,,
charls,all_primary_wave_intervals,multimorbidity_progression,basic,mutually_adjusted_components,core,PASS_STRICT_COMMON_SIX,2569,1940,11,11,482.0,PASS,,,,,activity_loss,risk_ratio,1.1065801253262737,0.0909023585710636,0.9259907276593732,1.3223885911496436,0.2652364136484053,,,,,,,228.0,40.0,188.0,640.0,129.0,511.0,409.0,77.0,332.0,,,,,,,,,,,,,,,,
charls,all_primary_wave_intervals,multimorbidity_progression,basic,mutually_adjusted_components,core,PASS_STRICT_COMMON_SIX,2569,1940,11,11,482.0,PASS,,,,,work_loss,risk_ratio,0.9564905783037944,0.1094086859778894,0.7718836718512576,1.185248839620776,0.6843100649520634,,,,,,,228.0,40.0,188.0,640.0,129.0,511.0,409.0,77.0,332.0,,,,,,,,,,,,,,,,
charls,all_primary_wave_intervals,multimorbidity_progression,full,any_withdrawal,core,PASS_STRICT_COMMON_SIX,2102,1652,13,13,421.0,PASS,862.0,178.0,684.0,,any_withdrawal,risk_ratio,1.0231456476226055,0.0857259319944487,0.8649030239529562,1.2103403355727194,0.7895317982540284,,,,,,,,,,,,,,,,,,,,,,,,,,,,,,,
charls,all_primary_wave_intervals,multimorbidity_progression,full,score_categorical,core,PASS_STRICT_COMMON_SIX,2102,1652,14,14,421.0,PASS,,,,,loss_1,risk_ratio,1.0359187280815172,0.0904629913607676,0.8676077980159436,1.2368810119550218,0.6964701224797941,703.0,145.0,558.0,159.0,33.0,126.0,,,,,,,,,,,,,,,,,,,,,,,,,
charls,all_primary_wave_intervals,multimorbidity_progression,full,score_categorical,core,PASS_STRICT_COMMON_SIX,2102,1652,14,14,421.0,PASS,,,,,loss_2plus,risk_ratio,0.9661866933480756,0.1682745737493984,0.6947450722874439,1.343682400408095,0.8380275743019964,703.0,145.0,558.0,159.0,33.0,126.0,,,,,,,,,,,,,,,,,,,,,,,,,
charls,all_primary_wave_intervals,multimorbidity_progression,full,mutually_adjusted_components,core,PASS_STRICT_COMMON_SIX,2102,1652,15,15,421.0,PASS,,,,,alcohol_loss,risk_ratio,0.8215549842082488,0.1674511473594808,0.5917005319605749,1.1406996539972492,0.2404697476180619,,,,,,,169.0,31.0,138.0,527.0,115.0,412.0,336.0,66.0,270.0,,,,,,,,,,,,,,,,
charls,all_primary_wave_intervals,multimorbidity_progression,full,mutually_adjusted_components,core,PASS_STRICT_COMMON_SIX,2102,1652,15,15,421.0,PASS,,,,,activity_loss,risk_ratio,1.1382823074149466,0.0956635664826437,0.9436718717938212,1.3730266315037356,0.1757633618934662,,,,,,,169.0,31.0,138.0,527.0,115.0,412.0,336.0,66.0,270.0,,,,,,,,,,,,,,,,
charls,all_primary_wave_intervals,multimorbidity_progression,full,mutually_adjusted_components,core,PASS_STRICT_COMMON_SIX,2102,1652,15,15,421.0,PASS,,,,,work_loss,risk_ratio,0.913522297725437,0.1177899104424909,0.7251973338388402,1.1507529737099351,0.4425636361014533,,,,,,,169.0,31.0,138.0,527.0,115.0,412.0,336.0,66.0,270.0,,,,,,,,,,,,,,,,
charls,all_primary_wave_intervals,mortality,basic,any_withdrawal,core,PASS_SOURCE_STATUS,2875,2157,8,8,114.0,PASS,1204.0,63.0,1141.0,,any_withdrawal,risk_ratio,1.5562276652702325,0.1843318872019,1.0843501520735996,2.2334524890517637,0.01642712412353,,,,,,,,,,,,,,,,,,,,,,,,,,,,,,,
charls,all_primary_wave_intervals,mortality,basic,score_categorical,core,PASS_SOURCE_STATUS,2875,2157,9,9,114.0,PASS,,,,,loss_1,risk_ratio,1.212930834267997,0.209749205657321,0.804076165623793,1.829678918012348,0.357397543168771,966.0,38.0,928.0,238.0,25.0,213.0,,,,,,,,,,,,,,,,,,,,,,,,,
charls,all_primary_wave_intervals,mortality,basic,score_categorical,core,PASS_SOURCE_STATUS,2875,2157,9,9,114.0,PASS,,,,,loss_2plus,risk_ratio,3.1063628896676665,0.2528640432718398,1.892404296471487,5.099063884126964,7.378803253747252e-06,966.0,38.0,928.0,238.0,25.0,213.0,,,,,,,,,,,,,,,,,,,,,,,,,
charls,all_primary_wave_intervals,mortality,basic,mutually_adjusted_components,core,PASS_SOURCE_STATUS,2875,2157,10,10,114.0,PASS,,,,,alcohol_loss,risk_ratio,2.08757872324118,0.2391378814352197,1.3064365681341423,3.335779962094421,0.0020857486025598,,,,,,,268.0,22.0,246.0,736.0,42.0,694.0,463.0,30.0,433.0,,,,,,,,,,,,,,,,
charls,all_primary_wave_intervals,mortality,basic,mutually_adjusted_components,core,PASS_SOURCE_STATUS,2875,2157,10,10,114.0,PASS,,,,,activity_loss,risk_ratio,1.5080041809458236,0.1874244437006044,1.0443992947941385,2.177401517872843,0.0283977491842247,,,,,,,268.0,22.0,246.0,736.0,42.0,694.0,463.0,30.0,433.0,,,,,,,,,,,,,,,,
charls,all_primary_wave_intervals,mortality,basic,mutually_adjusted_components,core,PASS_SOURCE_STATUS,2875,2157,10,10,114.0,PASS,,,,,work_loss,risk_ratio,1.7230082972576035,0.2024507080111356,1.1586733383353502,2.562204112406451,0.007200454736919,,,,,,,268.0,22.0,246.0,736.0,42.0,694.0,463.0,30.0,433.0,,,,,,,,,,,,,,,,
charls,all_primary_wave_intervals,mortality,full,any_withdrawal,core,PASS_SOURCE_STATUS,2286,1808,13,13,84.0,NOT_EVALUABLE_EPV,,,,,,,,,,,,,,,,,,,,,,,,,,,,,,,,,,,,,,,,,,
charls,all_primary_wave_intervals,mortality,full,score_categorical,core,PASS_SOURCE_STATUS,2286,1808,14,14,84.0,NOT_EVALUABLE_EPV,,,,,,,,,,,,,,,,,,,,,,,,,,,,,,,,,,,,,,,,,,
charls,all_primary_wave_intervals,mortality,full,mutually_adjusted_components,core,PASS_SOURCE_STATUS,2286,1808,15,15,84.0,NOT_EVALUABLE_EPV,,,,,,,,,,,,,,,,,,,,,,,,,,,,,,,,,,,,,,,,,,
charls,all_primary_wave_intervals,incident_heart_disease,basic,any_withdrawal,core,PASS_BASELINE_FREE_RISK_SET,2255,1701,8,8,123.0,PASS,911.0,46.0,865.0,,any_withdrawal,risk_ratio,0.8558829595760787,0.1852324757739597,0.5953114155124372,1.2305083044008982,0.4008285950764084,,,,,,,,,,,,,,,,,,,,,,,,,,,,,,,
charls,all_primary_wave_intervals,incident_heart_disease,basic,score_categorical,core,PASS_BASELINE_FREE_RISK_SET,2255,1701,9,9,123.0,NOT_EVALUABLE_LOSS_2PLUS_EVENTS,,,,,,,,,,,,746.0,39.0,707.0,165.0,7.0,158.0,,,,,,,,,,,,,,,,,,,,,,,,,
charls,all_primary_wave_intervals,incident_heart_disease,basic,mutually_adjusted_components,core,PASS_BASELINE_FREE_RISK_SET,2255,1701,10,10,123.0,NOT_EVALUABLE_ALCOHOL_LOSS_EVENTS,,,,,,,,,,,,,,,,,,200.0,7.0,193.0,,,,,,,,,,,,,,,,,,,,,,
charls,all_primary_wave_intervals,incident_heart_disease,full,any_withdrawal,core,PASS_BASELINE_FREE_RISK_SET,1812,1430,13,13,109.0,NOT_EVALUABLE_EPV,,,,,,,,,,,,,,,,,,,,,,,,,,,,,,,,,,,,,,,,,,
charls,all_primary_wave_intervals,incident_heart_disease,full,score_categorical,core,PASS_BASELINE_FREE_RISK_SET,1812,1430,14,14,109.0,NOT_EVALUABLE_EPV,,,,,,,,,,,,,,,,,,,,,,,,,,,,,,,,,,,,,,,,,,
charls,all_primary_wave_intervals,incident_heart_disease,full,mutually_adjusted_components,core,PASS_BASELINE_FREE_RISK_SET,1812,1430,15,15,109.0,NOT_EVALUABLE_EPV,,,,,,,,,,,,,,,,,,,,,,,,,,,,,,,,,,,,,,,,,,
charls,all_primary_wave_intervals,incident_hypertension,basic,any_withdrawal,core,PASS_BASELINE_FREE_RISK_SET,1755,1335,8,8,178.0,PASS,698.0,76.0,622.0,,any_withdrawal,risk_ratio,1.0042753242705489,0.1451594728207282,0.7556015230255613,1.3347894309426864,0.9765536903354488,,,,,,,,,,,,,,,,,,,,,,,,,,,,,,,
charls,all_primary_wave_intervals,incident_hypertension,basic,score_categorical,core,PASS_BASELINE_FREE_RISK_SET,1755,1335,9,9,178.0,NOT_EVALUABLE_LOSS_2PLUS_EVENTS,,,,,,,,,,,,576.0,61.0,515.0,122.0,15.0,107.0,,,,,,,,,,,,,,,,,,,,,,,,,
charls,all_primary_wave_intervals,incident_hypertension,basic,mutually_adjusted_components,core,PASS_BASELINE_FREE_RISK_SET,1755,1335,10,10,178.0,NOT_EVALUABLE_ALCOHOL_LOSS_EVENTS,,,,,,,,,,,,,,,,,,156.0,17.0,139.0,,,,,,,,,,,,,,,,,,,,,,
charls,all_primary_wave_intervals,incident_hypertension,full,any_withdrawal,core,PASS_BASELINE_FREE_RISK_SET,1399,1109,13,13,144.0,PASS,547.0,64.0,483.0,,any_withdrawal,risk_ratio,1.0640685631911244,0.1617076409154347,0.7750394681452761,1.460882901720035,0.7009596838788452,,,,,,,,,,,,,,,,,,,,,,,,,,,,,,,
charls,all_primary_wave_intervals,incident_hypertension,full,score_categorical,core,PASS_BASELINE_FREE_RISK_SET,1399,1109,14,14,144.0,NOT_EVALUABLE_LOSS_2PLUS_EVENTS,,,,,,,,,,,,455.0,50.0,405.0,92.0,14.0,78.0,,,,,,,,,,,,,,,,,,,,,,,,,
charls,all_primary_wave_intervals,incident_hypertension,full,mutually_adjusted_components,core,PASS_BASELINE_FREE_RISK_SET,1399,1109,15,15,144.0,NOT_EVALUABLE_EPV,,,,,,,,,,,,,,,,,,,,,,,,,,,,,,,,,,,,,,,,,,
charls,all_primary_wave_intervals,incident_any_iadl,basic,any_withdrawal,core,PASS_STRICT_COMPLETE_ITEM_COUNTS,2115,1665,8,8,376.0,PASS,835.0,164.0,671.0,,any_withdrawal,risk_ratio,1.0881995347576507,0.0947338890373034,0.9037970164817374,1.3102258647151614,0.3722690446550555,,,,,,,,,,,,,,,,,,,,,,,,,,,,,,,
charls,all_primary_wave_intervals,incident_any_iadl,basic,score_categorical,core,PASS_STRICT_COMPLETE_ITEM_COUNTS,2115,1665,9,9,376.0,PASS,,,,,loss_1,risk_ratio,1.0838094819152202,0.0996363376858108,0.8915430971709398,1.31753921578972,0.4192294219745602,695.0,137.0,558.0,140.0,27.0,113.0,,,,,,,,,,,,,,,,,,,,,,,,,
charls,all_primary_wave_intervals,incident_any_iadl,basic,score_categorical,core,PASS_STRICT_COMPLETE_ITEM_COUNTS,2115,1665,9,9,376.0,PASS,,,,,loss_2plus,risk_ratio,1.1132274171102554,0.1882868222911025,0.7696864837638394,1.610103994740557,0.5688942438919561,695.0,137.0,558.0,140.0,27.0,113.0,,,,,,,,,,,,,,,,,,,,,,,,,
charls,all_primary_wave_intervals,incident_any_iadl,basic,mutually_adjusted_components,core,PASS_STRICT_COMPLETE_ITEM_COUNTS,2115,1665,10,10,376.0,PASS,,,,,alcohol_loss,risk_ratio,1.1702878875467162,0.1617362677402408,0.8523589965122876,1.6068038764682782,0.3309209946997128,,,,,,,181.0,35.0,146.0,501.0,99.0,402.0,306.0,59.0,247.0,,,,,,,,,,,,,,,,
charls,all_primary_wave_intervals,incident_any_iadl,basic,mutually_adjusted_components,core,PASS_STRICT_COMPLETE_ITEM_COUNTS,2115,1665,10,10,376.0,PASS,,,,,activity_loss,risk_ratio,1.056133719698169,0.1060461374593735,0.8579308266618176,1.3001263029835977,0.6065461341424134,,,,,,,181.0,35.0,146.0,501.0,99.0,402.0,306.0,59.0,247.0,,,,,,,,,,,,,,,,
charls,all_primary_wave_intervals,incident_any_iadl,basic,mutually_adjusted_components,core,PASS_STRICT_COMPLETE_ITEM_COUNTS,2115,1665,10,10,376.0,PASS,,,,,work_loss,risk_ratio,1.0183571187225804,0.1264288052755285,0.7948473112526162,1.3047175307401435,0.8855947021633412,,,,,,,181.0,35.0,146.0,501.0,99.0,402.0,306.0,59.0,247.0,,,,,,,,,,,,,,,,
charls,all_primary_wave_intervals,incident_any_iadl,full,any_withdrawal,core,PASS_STRICT_COMPLETE_ITEM_COUNTS,1674,1373,13,13,307.0,PASS,650.0,129.0,521.0,,any_withdrawal,risk_ratio,1.0092432139084486,0.1033346034884428,0.8242088319405585,1.2358177021982135,0.9290513227279836,,,,,,,,,,,,,,,,,,,,,,,,,,,,,,,
charls,all_primary_wave_intervals,incident_any_iadl,full,score_categorical,core,PASS_STRICT_COMPLETE_ITEM_COUNTS,1674,1373,14,14,307.0,PASS,,,,,loss_1,risk_ratio,1.001563134138732,0.1103609350567399,0.806749922354253,1.2434196569098828,0.9887080946113084,544.0,107.0,437.0,106.0,22.0,84.0,,,,,,,,,,,,,,,,,,,,,,,,,
charls,all_primary_wave_intervals,incident_any_iadl,full,score_categorical,core,PASS_STRICT_COMPLETE_ITEM_COUNTS,1674,1373,14,14,307.0,PASS,,,,,loss_2plus,risk_ratio,1.051520609039322,0.197974160801494,0.7133487059888233,1.550007145105483,0.7996833479401191,544.0,107.0,437.0,106.0,22.0,84.0,,,,,,,,,,,,,,,,,,,,,,,,,
charls,all_primary_wave_intervals,incident_any_iadl,full,mutually_adjusted_components,core,PASS_STRICT_COMPLETE_ITEM_COUNTS,1674,1373,15,15,307.0,PASS,,,,,alcohol_loss,risk_ratio,1.2320037203415082,0.179289204426734,0.866963416469508,1.7507464999115117,0.2445387409228383,,,,,,,124.0,27.0,97.0,396.0,81.0,315.0,244.0,45.0,199.0,,,,,,,,,,,,,,,,
charls,all_primary_wave_intervals,incident_any_iadl,full,mutually_adjusted_components,core,PASS_STRICT_COMPLETE_ITEM_COUNTS,1674,1373,15,15,307.0,PASS,,,,,activity_loss,risk_ratio,0.9975702557475732,0.1141497595813594,0.7975887872903642,1.247693587234437,0.9829971823403866,,,,,,,124.0,27.0,97.0,396.0,81.0,315.0,244.0,45.0,199.0,,,,,,,,,,,,,,,,
charls,all_primary_wave_intervals,incident_any_iadl,full,mutually_adjusted_components,core,PASS_STRICT_COMPLETE_ITEM_COUNTS,1674,1373,15,15,307.0,PASS,,,,,work_loss,risk_ratio,0.9434350621311286,0.1426587104844401,0.7133139180136023,1.2477952469187537,0.6831553694382164,,,,,,,124.0,27.0,97.0,396.0,81.0,315.0,244.0,45.0,199.0,,,,,,,,,,,,,,,,
charls,all_primary_wave_intervals,iadl_count_increase,basic,any_withdrawal,core,PASS_STRICT_COMPLETE_ITEM_COUNTS,2650,1997,9,9,478.0,PASS,1092.0,221.0,871.0,,any_withdrawal,risk_ratio,1.1519645540565044,0.0835296835778745,0.977999247181668,1.3568745964035491,0.0903346695301482,,,,,,,,,,,,,,,,,,,,,,,,,,,,,,,
charls,all_primary_wave_intervals,iadl_count_increase,basic,score_categorical,core,PASS_STRICT_COMPLETE_ITEM_COUNTS,2650,1997,10,10,478.0,PASS,,,,,loss_1,risk_ratio,1.148096068255566,0.0874942152904082,0.967170449011793,1.3628668899992584,0.1144629656873597,893.0,182.0,711.0,199.0,39.0,160.0,,,,,,,,,,,,,,,,,,,,,,,,,
charls,all_primary_wave_intervals,iadl_count_increase,basic,score_categorical,core,PASS_STRICT_COMPLETE_ITEM_COUNTS,2650,1997,10,10,478.0,PASS,,,,,loss_2plus,risk_ratio,1.1725645915382674,0.1597946535662713,0.8572733434754622,1.6038148529794545,0.3191351205758752,893.0,182.0,711.0,199.0,39.0,160.0,,,,,,,,,,,,,,,,,,,,,,,,,
charls,all_primary_wave_intervals,iadl_count_increase,basic,mutually_adjusted_components,core,PASS_STRICT_COMPLETE_ITEM_COUNTS,2650,1997,11,11,478.0,PASS,,,,,alcohol_loss,risk_ratio,1.2763463537029214,0.1382969763424726,0.973307214037892,1.6737367103777794,0.0776763375110611,,,,,,,229.0,48.0,181.0,665.0,137.0,528.0,414.0,78.0,336.0,,,,,,,,,,,,,,,,
charls,all_primary_wave_intervals,iadl_count_increase,basic,mutually_adjusted_components,core,PASS_STRICT_COMPLETE_ITEM_COUNTS,2650,1997,11,11,478.0,PASS,,,,,activity_loss,risk_ratio,1.1367073099775524,0.09139254380104,0.9502878543179164,1.3596969620156096,0.1609040980649352,,,,,,,229.0,48.0,181.0,665.0,137.0,528.0,414.0,78.0,336.0,,,,,,,,,,,,,,,,
charls,all_primary_wave_intervals,iadl_count_increase,basic,mutually_adjusted_components,core,PASS_STRICT_COMPLETE_ITEM_COUNTS,2650,1997,11,11,478.0,PASS,,,,,work_loss,risk_ratio,0.9885630222546512,0.1131842115353072,0.7918843970126348,1.2340902948156678,0.919050565745815,,,,,,,229.0,48.0,181.0,665.0,137.0,528.0,414.0,78.0,336.0,,,,,,,,,,,,,,,,
charls,all_primary_wave_intervals,iadl_count_increase,full,any_withdrawal,core,PASS_STRICT_COMPLETE_ITEM_COUNTS,2114,1670,14,14,393.0,PASS,865.0,177.0,688.0,,any_withdrawal,risk_ratio,1.073492592144084,0.0901251987888883,0.8996722883070082,1.2808956776436564,0.4313539272108713,,,,,,,,,,,,,,,,,,,,,,,,,,,,,,,
charls,all_primary_wave_intervals,iadl_count_increase,full,score_categorical,core,PASS_STRICT_COMPLETE_ITEM_COUNTS,2114,1670,15,15,393.0,PASS,,,,,loss_1,risk_ratio,1.0675831156788005,0.0961702418217626,0.8841815296485553,1.2890268238644127,0.4964941979964696,708.0,145.0,563.0,157.0,32.0,125.0,,,,,,,,,,,,,,,,,,,,,,,,,
charls,all_primary_wave_intervals,iadl_count_increase,full,score_categorical,core,PASS_STRICT_COMPLETE_ITEM_COUNTS,2114,1670,15,15,393.0,PASS,,,,,loss_2plus,risk_ratio,1.1039644579812182,0.1676964904028382,0.7947153108311337,1.5335523399079574,0.5553232895479943,708.0,145.0,563.0,157.0,32.0,125.0,,,,,,,,,,,,,,,,,,,,,,,,,
charls,all_primary_wave_intervals,iadl_count_increase,full,mutually_adjusted_components,core,PASS_STRICT_COMPLETE_ITEM_COUNTS,2114,1670,16,16,393.0,PASS,,,,,alcohol_loss,risk_ratio,1.3232465451692177,0.1531739762805715,0.9800739450867044,1.7865809290005823,0.0674651435416972,,,,,,,164.0,37.0,127.0,533.0,114.0,419.0,337.0,61.0,276.0,,,,,,,,,,,,,,,,
charls,all_primary_wave_intervals,iadl_count_increase,full,mutually_adjusted_components,core,PASS_STRICT_COMPLETE_ITEM_COUNTS,2114,1670,16,16,393.0,PASS,,,,,activity_loss,risk_ratio,1.0829736149023763,0.0976616970526643,0.8943100032385446,1.3114376964671886,0.4143908650039737,,,,,,,164.0,37.0,127.0,533.0,114.0,419.0,337.0,61.0,276.0,,,,,,,,,,,,,,,,
charls,all_primary_wave_intervals,iadl_count_increase,full,mutually_adjusted_components,core,PASS_STRICT_COMPLETE_ITEM_COUNTS,2114,1670,16,16,393.0,PASS,,,,,work_loss,risk_ratio,0.920886736171762,0.125952459912592,0.719441174637717,1.1787376240790182,0.512880012000807,,,,,,,164.0,37.0,127.0,533.0,114.0,419.0,337.0,61.0,276.0,,,,,,,,,,,,,,,,
charls,all_primary_wave_intervals,word_recall_change,basic,any_withdrawal,core,PASS_BASELINE_ADJUSTED_CHANGE_CANDIDATE,2242,1754,9,9,,PASS,903.0,,,,any_withdrawal,mean_difference,0.1457166732545175,0.1406413925561891,-0.1299353908911728,0.4213687374002078,0.3001617065322334,,,,,,,,,,,,,,,,0.0390084563435018,0.0376498001161121,-0.0347837959092098,0.1128007085962135,,,,,,,,,,,,
charls,all_primary_wave_intervals,word_recall_change,basic,score_categorical,core,PASS_BASELINE_ADJUSTED_CHANGE_CANDIDATE,2242,1754,10,10,,PASS,,,,,loss_1,mean_difference,0.090969530330143,0.1474399124781241,-0.1980073880107179,0.379946448671004,0.5372387326144457,740.0,,,163.0,,,,,,,,,,,,0.0243526075171513,0.0394697687007092,-0.053006717614365,0.1017119326486677,,,,,,,,,,,,
charls,all_primary_wave_intervals,word_recall_change,basic,score_categorical,core,PASS_BASELINE_ADJUSTED_CHANGE_CANDIDATE,2242,1754,10,10,,PASS,,,,,loss_2plus,mean_difference,0.4186710226282107,0.2932226394301838,-0.1560347901067239,0.9933768353631456,0.1533418350707993,740.0,,,163.0,,,,,,,,,,,,0.1120785284464727,0.0784959076656939,-0.0417706235120688,0.2659276804050144,,,,,,,,,,,,
charls,all_primary_wave_intervals,word_recall_change,basic,mutually_adjusted_components,core,PASS_BASELINE_ADJUSTED_CHANGE_CANDIDATE,2242,1754,11,11,,PASS,,,,,alcohol_loss,mean_difference,0.1023291331383359,0.2563649939610795,-0.4001370219222083,0.6047952881988802,0.6897796767716198,,,,,,,194.0,,,541.0,,,345.0,,,0.0273935812116916,0.0686290899426833,-0.1071169633677276,0.1619041257911109,,,,,,,,,,,,
charls,all_primary_wave_intervals,word_recall_change,basic,mutually_adjusted_components,core,PASS_BASELINE_ADJUSTED_CHANGE_CANDIDATE,2242,1754,11,11,,PASS,,,,,activity_loss,mean_difference,0.1717257895402518,0.164478465335924,-0.150646078750579,0.4940976578310827,0.2964564972172456,,,,,,,194.0,,,541.0,,,345.0,,,0.045971115142286,0.0440310013343216,-0.0403280616762194,0.1322702919607915,,,,,,,,,,,,
charls,all_primary_wave_intervals,word_recall_change,basic,mutually_adjusted_components,core,PASS_BASELINE_ADJUSTED_CHANGE_CANDIDATE,2242,1754,11,11,,PASS,,,,,work_loss,mean_difference,0.1292767088958847,0.1937321028952916,-0.2504312354280948,0.5089846532198643,0.5045829109271023,,,,,,,194.0,,,541.0,,,345.0,,,0.0346074662738731,0.0518622207695199,-0.067040618592651,0.1362555511403974,,,,,,,,,,,,
charls,all_primary_wave_intervals,word_recall_change,full,any_withdrawal,core,PASS_BASELINE_ADJUSTED_CHANGE_CANDIDATE,1770,1435,14,14,,PASS,706.0,,,,any_withdrawal,mean_difference,0.087917688258116,0.1586813860307054,-0.2230921133789639,0.3989274898951959,0.5795434788520499,,,,,,,,,,,,,,,,0.0236198755941677,0.0426311777688192,-0.0599356974512425,0.1071754486395781,,,,,,,,,,,,
charls,all_primary_wave_intervals,word_recall_change,full,score_categorical,core,PASS_BASELINE_ADJUSTED_CHANGE_CANDIDATE,1770,1435,15,15,,PASS,,,,,loss_1,mean_difference,0.0765784849001488,0.1672381028022883,-0.2512021734351433,0.404359143235441,0.6470236097115116,581.0,,,125.0,,,,,,,,,,,,0.0205734968965633,0.0449300164853918,-0.0674877172395955,0.1086347110327222,,,,,,,,,,,,
charls,all_primary_wave_intervals,word_recall_change,full,score_categorical,core,PASS_BASELINE_ADJUSTED_CHANGE_CANDIDATE,1770,1435,15,15,,PASS,,,,,loss_2plus,mean_difference,0.1454398902264576,0.3285589355532573,-0.4985237902567434,0.7894035707096587,0.6580116970213674,581.0,,,125.0,,,,,,,,,,,,0.039073731141483,0.0882703052921063,-0.1339328881354006,0.2120803504183668,,,,,,,,,,,,
charls,all_primary_wave_intervals,word_recall_change,full,mutually_adjusted_components,core,PASS_BASELINE_ADJUSTED_CHANGE_CANDIDATE,1770,1435,16,16,,PASS,,,,,alcohol_loss,mean_difference,-0.0582538211946412,0.2936175943475962,-0.6337337313432212,0.5172260889539386,0.8427318763730903,,,,,,,139.0,,,425.0,,,276.0,,,-0.0156504116152679,0.0788830005446467,-0.1702582516752289,0.1389574284446931,,,,,,,,,,,,
charls,all_primary_wave_intervals,word_recall_change,full,mutually_adjusted_components,core,PASS_BASELINE_ADJUSTED_CHANGE_CANDIDATE,1770,1435,16,16,,PASS,,,,,activity_loss,mean_difference,0.2288470297992421,0.1858677693135144,-0.1354471039420451,0.5931411635405295,0.218234729391229,,,,,,,139.0,,,425.0,,,276.0,,,0.0614818073705881,0.0499350435063949,-0.0363890794683865,0.1593526942095628,,,,,,,,,,,,
charls,all_primary_wave_intervals,word_recall_change,full,mutually_adjusted_components,core,PASS_BASELINE_ADJUSTED_CHANGE_CANDIDATE,1770,1435,16,16,,PASS,,,,,work_loss,mean_difference,-0.0630308632837796,0.2173325190263296,-0.4889947732447517,0.3629330466771925,0.77180063393068,,,,,,,139.0,,,425.0,,,276.0,,,-0.0169338068237757,0.0583883307634073,-0.1313728322374661,0.0975052185899147,,,,,,,,,,,,
elsa,comparable_22_30_months,incident_diabetes,basic,any_withdrawal,core,PASS_BASELINE_FREE_RISK_SET,27503,8324,13,13,478.0,PASS,5611.0,120.0,5491.0,,any_withdrawal,risk_ratio,1.5230479478090353,0.1074704390276691,1.233771040835325,1.8801503476323915,9.052007385454496e-05,,,,,,,,,,,,,,,,,,,,,,,,,,,,,,,
elsa,comparable_22_30_months,incident_diabetes,basic,score_categorical,core,PASS_BASELINE_FREE_RISK_SET,27503,8324,14,14,478.0,NOT_EVALUABLE_LOSS_2PLUS_EVENTS,,,,,,,,,,,,5233.0,101.0,5132.0,378.0,19.0,359.0,,,,,,,,,,,,,,,,,,,,,,,,,
elsa,comparable_22_30_months,incident_diabetes,basic,mutually_adjusted_components,core,PASS_BASELINE_FREE_RISK_SET,27503,8324,15,15,478.0,PASS,,,,,alcohol_loss,risk_ratio,2.0429707003720585,0.184999768569391,1.4216413590082333,2.935852461052751,0.0001126222917285,,,,,,,901.0,31.0,870.0,2852.0,70.0,2782.0,2244.0,39.0,2205.0,,,,,,,,,,,,,,,,
elsa,comparable_22_30_months,incident_diabetes,basic,mutually_adjusted_components,core,PASS_BASELINE_FREE_RISK_SET,27503,8324,15,15,478.0,PASS,,,,,activity_loss,risk_ratio,1.606217534187834,0.1297339598787479,1.245588573922685,2.071257573443817,0.0002594753505275,,,,,,,901.0,31.0,870.0,2852.0,70.0,2782.0,2244.0,39.0,2205.0,,,,,,,,,,,,,,,,
elsa,comparable_22_30_months,incident_diabetes,basic,mutually_adjusted_components,core,PASS_BASELINE_FREE_RISK_SET,27503,8324,15,15,478.0,PASS,,,,,work_loss,risk_ratio,1.3205357261666892,0.1829647882432445,0.9225931911277112,1.890122993375956,0.1286057442845048,,,,,,,901.0,31.0,870.0,2852.0,70.0,2782.0,2244.0,39.0,2205.0,,,,,,,,,,,,,,,,
elsa,comparable_22_30_months,incident_diabetes,full,any_withdrawal,core,PASS_BASELINE_FREE_RISK_SET,24700,7582,18,18,428.0,PASS,5013.0,106.0,4907.0,,any_withdrawal,risk_ratio,1.291270880952551,0.1151629361138108,1.0303635542953664,1.618244823436371,0.0264392903569466,,,,,,,,,,,,,,,,,,,,,,,,,,,,,,,
elsa,comparable_22_30_months,incident_diabetes,full,score_categorical,core,PASS_BASELINE_FREE_RISK_SET,24700,7582,19,19,428.0,NOT_EVALUABLE_LOSS_2PLUS_EVENTS,,,,,,,,,,,,4677.0,88.0,4589.0,336.0,18.0,318.0,,,,,,,,,,,,,,,,,,,,,,,,,
elsa,comparable_22_30_months,incident_diabetes,full,mutually_adjusted_components,core,PASS_BASELINE_FREE_RISK_SET,24700,7582,20,20,428.0,PASS,,,,,alcohol_loss,risk_ratio,1.7658218027216404,0.1965138524318922,1.201362247758463,2.59549244600036,0.0038095354527612,,,,,,,815.0,28.0,787.0,2518.0,61.0,2457.0,2024.0,36.0,1988.0,,,,,,,,,,,,,,,,
elsa,comparable_22_30_months,incident_diabetes,full,mutually_adjusted_components,core,PASS_BASELINE_FREE_RISK_SET,24700,7582,20,20,428.0,PASS,,,,,activity_loss,risk_ratio,1.3458294353692448,0.1405499903960395,1.021771192224607,1.7726638633868896,0.0345834927000971,,,,,,,815.0,28.0,787.0,2518.0,61.0,2457.0,2024.0,36.0,1988.0,,,,,,,,,,,,,,,,
elsa,comparable_22_30_months,incident_diabetes,full,mutually_adjusted_components,core,PASS_BASELINE_FREE_RISK_SET,24700,7582,20,20,428.0,PASS,,,,,work_loss,risk_ratio,1.231141980383169,0.1911154448010592,0.8465066591848137,1.790547728616123,0.2765753026358608,,,,,,,815.0,28.0,787.0,2518.0,61.0,2457.0,2024.0,36.0,1988.0,,,,,,,,,,,,,,,,
elsa,comparable_22_30_months,incident_diabetes,full,extended_score_categorical,enrichment,PASS_BASELINE_FREE_RISK_SET,19890,6770,19,19,316.0,PASS,,,,,extended_loss_1,risk_ratio,1.1181667998471627,0.1406599394977851,0.8487438407155734,1.4731146575700902,0.4271682545726821,,,,,,,,,,,,,,,,,,,,4728.0,72.0,4656.0,592.0,31.0,561.0,,,,,,
elsa,comparable_22_30_months,incident_diabetes,full,extended_score_categorical,enrichment,PASS_BASELINE_FREE_RISK_SET,19890,6770,19,19,316.0,PASS,,,,,extended_loss_2plus,risk_ratio,3.788767607055979,0.2024868866285714,2.547656180101741,5.634496558991501,4.755207600966353e-11,,,,,,,,,,,,,,,,,,,,4728.0,72.0,4656.0,592.0,31.0,561.0,,,,,,
elsa,comparable_22_30_months,incident_diabetes,full,work_exit_phenotype,enrichment,PASS_BASELINE_FREE_RISK_SET,6902,3242,19,19,120.0,NOT_EVALUABLE_EPV,,,,,,,,,,,,,,,,,,,,,,,,,,,,,,,,,,,,,,,,,,
elsa,comparable_22_30_months,incident_stroke,basic,any_withdrawal,core,PASS_BASELINE_FREE_RISK_SET,29362,8803,13,13,324.0,PASS,6093.0,79.0,6014.0,,any_withdrawal,risk_ratio,1.3211471790820624,0.134683355523934,1.0146319217854756,1.7202591711534267,0.0386573029022353,,,,,,,,,,,,,,,,,,,,,,,,,,,,,,,
elsa,comparable_22_30_months,incident_stroke,basic,score_categorical,core,PASS_BASELINE_FREE_RISK_SET,29362,8803,14,14,324.0,NOT_EVALUABLE_LOSS_2PLUS_EVENTS,,,,,,,,,,,,5685.0,71.0,5614.0,408.0,8.0,400.0,,,,,,,,,,,,,,,,,,,,,,,,,
elsa,comparable_22_30_months,incident_stroke,basic,mutually_adjusted_components,core,PASS_BASELINE_FREE_RISK_SET,29362,8803,15,15,324.0,NOT_EVALUABLE_ALCOHOL_LOSS_EVENTS,,,,,,,,,,,,,,,,,,1027.0,13.0,1014.0,,,,,,,,,,,,,,,,,,,,,,
elsa,comparable_22_30_months,incident_stroke,full,any_withdrawal,core,PASS_BASELINE_FREE_RISK_SET,26379,8029,18,18,292.0,PASS,5443.0,70.0,5373.0,,any_withdrawal,risk_ratio,1.1727346773683631,0.1430891057112336,0.8859354901965946,1.5523778409611853,0.2654678505480657,,,,,,,,,,,,,,,,,,,,,,,,,,,,,,,
elsa,comparable_22_30_months,incident_stroke,full,score_categorical,core,PASS_BASELINE_FREE_RISK_SET,26379,8029,19,19,292.0,NOT_EVALUABLE_LOSS_2PLUS_EVENTS,,,,,,,,,,,,5082.0,63.0,5019.0,361.0,7.0,354.0,,,,,,,,,,,,,,,,,,,,,,,,,
elsa,comparable_22_30_months,incident_stroke,full,mutually_adjusted_components,core,PASS_BASELINE_FREE_RISK_SET,26379,8029,20,20,292.0,NOT_EVALUABLE_ALCOHOL_LOSS_EVENTS,,,,,,,,,,,,,,,,,,931.0,11.0,920.0,,,,,,,,,,,,,,,,,,,,,,
elsa,comparable_22_30_months,incident_stroke,full,extended_score_categorical,enrichment,PASS_BASELINE_FREE_RISK_SET,21273,7183,19,19,228.0,NOT_EVALUABLE_EXTENDED_LOSS_2PLUS_EVENTS,,,,,,,,,,,,,,,,,,,,,,,,,,,,,,,5115.0,58.0,5057.0,637.0,6.0,631.0,,,,,,
elsa,comparable_22_30_months,incident_stroke,full,work_exit_phenotype,enrichment,PASS_BASELINE_FREE_RISK_SET,7298,3413,19,19,47.0,NOT_EVALUABLE_EPV,,,,,,,,,,,,,,,,,,,,,,,,,,,,,,,,,,,,,,,,,,
elsa,comparable_22_30_months,incident_any_adl,basic,any_withdrawal,core,PASS_STRICT_COMPLETE_ITEM_COUNTS,25590,8231,13,13,2461.0,PASS,4983.0,646.0,4337.0,,any_withdrawal,risk_ratio,1.6785213326318411,0.0435550003838602,1.5411779314548946,1.828104209512313,1.3179206235444036e-32,,,,,,,,,,,,,,,,,,,,,,,,,,,,,,,
elsa,comparable_22_30_months,incident_any_adl,basic,score_categorical,core,PASS_STRICT_COMPLETE_ITEM_COUNTS,25590,8231,14,14,2461.0,PASS,,,,,loss_1,risk_ratio,1.6324362111937425,0.0446243850793493,1.4957254193788383,1.7816425054294185,4.654962682041844e-28,4656.0,593.0,4063.0,327.0,53.0,274.0,,,,,,,,,,,,,,,,,,,,,,,,,
elsa,comparable_22_30_months,incident_any_adl,basic,score_categorical,core,PASS_STRICT_COMPLETE_ITEM_COUNTS,25590,8231,14,14,2461.0,PASS,,,,,loss_2plus,risk_ratio,2.583558320875449,0.1334141674151354,1.9890968265261704,3.35568058243893,1.1236475791013858e-12,4656.0,593.0,4063.0,327.0,53.0,274.0,,,,,,,,,,,,,,,,,,,,,,,,,
elsa,comparable_22_30_months,incident_any_adl,basic,mutually_adjusted_components,core,PASS_STRICT_COMPLETE_ITEM_COUNTS,25590,8231,15,15,2461.0,PASS,,,,,alcohol_loss,risk_ratio,1.461601647334713,0.0813842737133351,1.246104901923489,1.7143655981081396,3.109264661579908e-06,,,,,,,769.0,129.0,640.0,2377.0,410.0,1967.0,2169.0,162.0,2007.0,,,,,,,,,,,,,,,,
elsa,comparable_22_30_months,incident_any_adl,basic,mutually_adjusted_components,core,PASS_STRICT_COMPLETE_ITEM_COUNTS,25590,8231,15,15,2461.0,PASS,,,,,activity_loss,risk_ratio,1.7332588918682157,0.0505534906138557,1.5697562744444011,1.9137916090213016,1.4414324463696282e-27,,,,,,,769.0,129.0,640.0,2377.0,410.0,1967.0,2169.0,162.0,2007.0,,,,,,,,,,,,,,,,
elsa,comparable_22_30_months,incident_any_adl,basic,mutually_adjusted_components,core,PASS_STRICT_COMPLETE_ITEM_COUNTS,25590,8231,15,15,2461.0,PASS,,,,,work_loss,risk_ratio,1.5452319035171174,0.0841851987914348,1.3101924578181467,1.8224357966641185,2.3504039823974866e-07,,,,,,,769.0,129.0,640.0,2377.0,410.0,1967.0,2169.0,162.0,2007.0,,,,,,,,,,,,,,,,
elsa,comparable_22_30_months,incident_any_adl,full,any_withdrawal,core,PASS_STRICT_COMPLETE_ITEM_COUNTS,23018,7512,18,18,2200.0,PASS,4462.0,576.0,3886.0,,any_withdrawal,risk_ratio,1.504312468460337,0.0465132193812116,1.3732383743906027,1.647897440798985,1.6504776212387901e-18,,,,,,,,,,,,,,,,,,,,,,,,,,,,,,,
elsa,comparable_22_30_months,incident_any_adl,full,score_categorical,core,PASS_STRICT_COMPLETE_ITEM_COUNTS,23018,7512,19,19,2200.0,PASS,,,,,loss_1,risk_ratio,1.473495893707875,0.0475294753226989,1.342430365248178,1.6173577453103698,3.4706685101541063e-16,4172.0,528.0,3644.0,290.0,48.0,242.0,,,,,,,,,,,,,,,,,,,,,,,,,
elsa,comparable_22_30_months,incident_any_adl,full,score_categorical,core,PASS_STRICT_COMPLETE_ITEM_COUNTS,23018,7512,19,19,2200.0,PASS,,,,,loss_2plus,risk_ratio,2.07573545252778,0.1418599555834644,1.5718843491325103,2.7410907623442995,2.6307604290979146e-07,4172.0,528.0,3644.0,290.0,48.0,242.0,,,,,,,,,,,,,,,,,,,,,,,,,
elsa,comparable_22_30_months,incident_any_adl,full,mutually_adjusted_components,core,PASS_STRICT_COMPLETE_ITEM_COUNTS,23018,7512,20,20,2200.0,PASS,,,,,alcohol_loss,risk_ratio,1.3414034014598692,0.0842440902575177,1.137236273646863,1.582224492081976,0.0004893992891247,,,,,,,702.0,121.0,581.0,2095.0,360.0,1735.0,1960.0,145.0,1815.0,,,,,,,,,,,,,,,,
elsa,comparable_22_30_months,incident_any_adl,full,mutually_adjusted_components,core,PASS_STRICT_COMPLETE_ITEM_COUNTS,23018,7512,20,20,2200.0,PASS,,,,,activity_loss,risk_ratio,1.5335008877427163,0.0540408223869454,1.3793815104853782,1.7048401438121406,2.539539259052092e-15,,,,,,,702.0,121.0,581.0,2095.0,360.0,1735.0,1960.0,145.0,1815.0,,,,,,,,,,,,,,,,
elsa,comparable_22_30_months,incident_any_adl,full,mutually_adjusted_components,core,PASS_STRICT_COMPLETE_ITEM_COUNTS,23018,7512,20,20,2200.0,PASS,,,,,work_loss,risk_ratio,1.4377642019597414,0.08912658118131,1.2073216337209771,1.7121915508677716,4.624016094602015e-05,,,,,,,702.0,121.0,581.0,2095.0,360.0,1735.0,1960.0,145.0,1815.0,,,,,,,,,,,,,,,,
elsa,comparable_22_30_months,incident_any_adl,full,extended_score_categorical,enrichment,PASS_STRICT_COMPLETE_ITEM_COUNTS,18539,6647,19,19,1699.0,PASS,,,,,extended_loss_1,risk_ratio,1.406871796046873,0.0530941422803778,1.2678290757977468,1.5611633210626137,1.2802646081294514e-10,,,,,,,,,,,,,,,,,,,,4327.0,462.0,3865.0,515.0,70.0,445.0,,,,,,
elsa,comparable_22_30_months,incident_any_adl,full,extended_score_categorical,enrichment,PASS_STRICT_COMPLETE_ITEM_COUNTS,18539,6647,19,19,1699.0,PASS,,,,,extended_loss_2plus,risk_ratio,1.9136389410888992,0.11876228002462,1.516244937810993,2.4151862971023026,4.635494269181156e-08,,,,,,,,,,,,,,,,,,,,4327.0,462.0,3865.0,515.0,70.0,445.0,,,,,,
elsa,comparable_22_30_months,incident_any_adl,full,work_exit_phenotype,enrichment,PASS_STRICT_COMPLETE_ITEM_COUNTS,6834,3279,19,19,407.0,PASS,,,,,work_exit_retirement,risk_ratio,1.1047755264447885,0.1086671316874165,0.8928457069846648,1.3670099483967424,0.359169591608294,,,,,,,,,,,,,,,,,,,,,,,,,,1735.0,124.0,1611.0,225.0,21.0,204.0
elsa,comparable_22_30_months,incident_any_adl,full,work_exit_phenotype,enrichment,PASS_STRICT_COMPLETE_ITEM_COUNTS,6834,3279,19,19,407.0,PASS,,,,,work_exit_no_retirement,risk_ratio,1.404461170968631,0.2172687878667769,0.9174242367949432,2.150053488503445,0.1179848347258717,,,,,,,,,,,,,,,,,,,,,,,,,,1735.0,124.0,1611.0,225.0,21.0,204.0
elsa,comparable_22_30_months,multimorbidity_progression,basic,any_withdrawal,core,PASS_STRICT_COMMON_SIX,30579,9120,14,14,4035.0,PASS,6416.0,918.0,5498.0,,any_withdrawal,risk_ratio,1.1921518237509472,0.0359620762054155,1.1110167147003456,1.279212051509082,1.0219254949209004e-06,,,,,,,,,,,,,,,,,,,,,,,,,,,,,,,
elsa,comparable_22_30_months,multimorbidity_progression,basic,score_categorical,core,PASS_STRICT_COMMON_SIX,30579,9120,15,15,4035.0,PASS,,,,,loss_1,risk_ratio,1.171882648229761,0.037052711533167,1.0897949687791606,1.2601534972770547,1.8630604305942488e-05,5979.0,844.0,5135.0,437.0,74.0,363.0,,,,,,,,,,,,,,,,,,,,,,,,,
elsa,comparable_22_30_months,multimorbidity_progression,basic,score_categorical,core,PASS_STRICT_COMMON_SIX,30579,9120,15,15,4035.0,PASS,,,,,loss_2plus,risk_ratio,1.5178488311669065,0.1077377233729555,1.2289154497140349,1.8747140617451323,0.0001073978490571,5979.0,844.0,5135.0,437.0,74.0,363.0,,,,,,,,,,,,,,,,,,,,,,,,,
elsa,comparable_22_30_months,multimorbidity_progression,basic,mutually_adjusted_components,core,PASS_STRICT_COMMON_SIX,30579,9120,16,16,4035.0,PASS,,,,,alcohol_loss,risk_ratio,1.2716128488929512,0.0706818300522306,1.1071091107673443,1.4605599590350178,0.0006749809781112,,,,,,,1105.0,182.0,923.0,3331.0,497.0,2834.0,2425.0,315.0,2110.0,,,,,,,,,,,,,,,,
elsa,comparable_22_30_months,multimorbidity_progression,basic,mutually_adjusted_components,core,PASS_STRICT_COMMON_SIX,30579,9120,16,16,4035.0,PASS,,,,,activity_loss,risk_ratio,1.1777220639910089,0.0450801843874142,1.0781284062884942,1.2865158286536138,0.0002848605081516,,,,,,,1105.0,182.0,923.0,3331.0,497.0,2834.0,2425.0,315.0,2110.0,,,,,,,,,,,,,,,,
elsa,comparable_22_30_months,multimorbidity_progression,basic,mutually_adjusted_components,core,PASS_STRICT_COMMON_SIX,30579,9120,16,16,4035.0,PASS,,,,,work_loss,risk_ratio,1.1511211179275842,0.0592219446694162,1.024970133370973,1.2927984777281871,0.0174814406071694,,,,,,,1105.0,182.0,923.0,3331.0,497.0,2834.0,2425.0,315.0,2110.0,,,,,,,,,,,,,,,,
elsa,comparable_22_30_months,multimorbidity_progression,full,any_withdrawal,core,PASS_STRICT_COMMON_SIX,27484,8313,18,18,3652.0,PASS,5735.0,815.0,4920.0,,any_withdrawal,risk_ratio,1.1540974004116555,0.0385043482192978,1.0702062974045063,1.244564541310587,0.0001975415946218,,,,,,,,,,,,,,,,,,,,,,,,,,,,,,,
elsa,comparable_22_30_months,multimorbidity_progression,full,score_categorical,core,PASS_STRICT_COMMON_SIX,27484,8313,19,19,3652.0,PASS,,,,,loss_1,risk_ratio,1.136652613766031,0.0395981149809181,1.0517724199608394,1.2283828134885444,0.0012177473059181,5346.0,750.0,4596.0,389.0,65.0,324.0,,,,,,,,,,,,,,,,,,,,,,,,,
elsa,comparable_22_30_months,multimorbidity_progression,full,score_categorical,core,PASS_STRICT_COMMON_SIX,27484,8313,19,19,3652.0,PASS,,,,,loss_2plus,risk_ratio,1.4445596194773904,0.1162129701889402,1.1503097769947963,1.814078725538036,0.0015512669801707,5346.0,750.0,4596.0,389.0,65.0,324.0,,,,,,,,,,,,,,,,,,,,,,,,,
elsa,comparable_22_30_months,multimorbidity_progression,full,mutually_adjusted_components,core,PASS_STRICT_COMMON_SIX,27484,8313,20,20,3652.0,PASS,,,,,alcohol_loss,risk_ratio,1.2777150254017051,0.0735690608131611,1.1061446008151006,1.475897170165886,0.0008647206662595,,,,,,,1001.0,169.0,832.0,2944.0,436.0,2508.0,2187.0,277.0,1910.0,,,,,,,,,,,,,,,,
elsa,comparable_22_30_months,multimorbidity_progression,full,mutually_adjusted_components,core,PASS_STRICT_COMMON_SIX,27484,8313,20,20,3652.0,PASS,,,,,activity_loss,risk_ratio,1.1402819830602764,0.0484251267000118,1.037033342009635,1.2538102182637405,0.006710123830235,,,,,,,1001.0,169.0,832.0,2944.0,436.0,2508.0,2187.0,277.0,1910.0,,,,,,,,,,,,,,,,
elsa,comparable_22_30_months,multimorbidity_progression,full,mutually_adjusted_components,core,PASS_STRICT_COMMON_SIX,27484,8313,20,20,3652.0,PASS,,,,,work_loss,risk_ratio,1.0970113518938585,0.0633088137554018,0.9689972883464902,1.2419373311534716,0.1436025607362814,,,,,,,1001.0,169.0,832.0,2944.0,436.0,2508.0,2187.0,277.0,1910.0,,,,,,,,,,,,,,,,
elsa,comparable_22_30_months,multimorbidity_progression,full,extended_score_categorical,enrichment,PASS_STRICT_COMMON_SIX,22139,7435,19,19,2913.0,PASS,,,,,extended_loss_1,risk_ratio,1.0807906108085714,0.0425123713380185,0.9943859218131276,1.1747032201361804,0.0676194612817917,,,,,,,,,,,,,,,,,,,,5334.0,708.0,4626.0,673.0,110.0,563.0,,,,,,
elsa,comparable_22_30_months,multimorbidity_progression,full,extended_score_categorical,enrichment,PASS_STRICT_COMMON_SIX,22139,7435,19,19,2913.0,PASS,,,,,extended_loss_2plus,risk_ratio,1.4127222409781206,0.0920353575578487,1.1795494273041207,1.6919885542360358,0.0001739007212429,,,,,,,,,,,,,,,,,,,,5334.0,708.0,4626.0,673.0,110.0,563.0,,,,,,
elsa,comparable_22_30_months,multimorbidity_progression,full,work_exit_phenotype,enrichment,PASS_STRICT_COMMON_SIX,7430,3463,19,19,890.0,PASS,,,,,work_exit_retirement,risk_ratio,1.0159096482939909,0.074234805467117,0.8783473673828003,1.175016231416589,0.8316169393476607,,,,,,,,,,,,,,,,,,,,,,,,,,1919.0,241.0,1678.0,268.0,36.0,232.0
elsa,comparable_22_30_months,multimorbidity_progression,full,work_exit_phenotype,enrichment,PASS_STRICT_COMMON_SIX,7430,3463,19,19,890.0,PASS,,,,,work_exit_no_retirement,risk_ratio,1.1554970397685247,0.1631052468382913,0.8393312622141292,1.5907585824834862,0.3755536347094945,,,,,,,,,,,,,,,,,,,,,,,,,,1919.0,241.0,1678.0,268.0,36.0,232.0
elsa,comparable_22_30_months,mortality,basic,any_withdrawal,core,PASS_SOURCE_STATUS,32215,9732,13,13,584.0,PASS,6873.0,201.0,6672.0,,any_withdrawal,risk_ratio,2.0321016163286125,0.0854496798145502,1.718741336046922,2.4025936262073038,1.0578390118293148e-16,,,,,,,,,,,,,,,,,,,,,,,,,,,,,,,
elsa,comparable_22_30_months,mortality,basic,score_categorical,core,PASS_SOURCE_STATUS,32215,9732,14,14,584.0,PASS,,,,,loss_1,risk_ratio,1.9215396399288476,0.088775545710216,1.6146688483519105,2.2867317912193723,1.880089169945413e-13,6395.0,179.0,6216.0,478.0,22.0,456.0,,,,,,,,,,,,,,,,,,,,,,,,,
elsa,comparable_22_30_months,mortality,basic,score_categorical,core,PASS_SOURCE_STATUS,32215,9732,14,14,584.0,PASS,,,,,loss_2plus,risk_ratio,4.513759109873166,0.2129070987602585,2.9737984237462767,6.851177651878834,1.4539061056338308e-12,6395.0,179.0,6216.0,478.0,22.0,456.0,,,,,,,,,,,,,,,,,,,,,,,,,
elsa,comparable_22_30_months,mortality,basic,mutually_adjusted_components,core,PASS_SOURCE_STATUS,32215,9732,15,15,584.0,PASS,,,,,alcohol_loss,risk_ratio,1.656803240523959,0.1411319618624294,1.2564325864009065,2.1847546836347407,0.0003469865376875,,,,,,,1207.0,50.0,1157.0,3622.0,145.0,3477.0,2531.0,29.0,2502.0,,,,,,,,,,,,,,,,
elsa,comparable_22_30_months,mortality,basic,mutually_adjusted_components,core,PASS_SOURCE_STATUS,32215,9732,15,15,584.0,PASS,,,,,activity_loss,risk_ratio,2.154632601919569,0.095653373310263,1.7862939525138293,2.5989236781110083,1.015095010898789e-15,,,,,,,1207.0,50.0,1157.0,3622.0,145.0,3477.0,2531.0,29.0,2502.0,,,,,,,,,,,,,,,,
elsa,comparable_22_30_months,mortality,basic,mutually_adjusted_components,core,PASS_SOURCE_STATUS,32215,9732,15,15,584.0,PASS,,,,,work_loss,risk_ratio,2.194838815139484,0.2021650949374736,1.4767922044622936,3.262014391657017,0.0001008869665087,,,,,,,1207.0,50.0,1157.0,3622.0,145.0,3477.0,2531.0,29.0,2502.0,,,,,,,,,,,,,,,,
elsa,comparable_22_30_months,mortality,full,any_withdrawal,core,PASS_SOURCE_STATUS,28927,8865,18,18,509.0,PASS,6152.0,182.0,5970.0,,any_withdrawal,risk_ratio,1.8702931827559903,0.0922016180298209,1.561088524653112,2.24074197857602,1.1174462361476122e-11,,,,,,,,,,,,,,,,,,,,,,,,,,,,,,,
elsa,comparable_22_30_months,mortality,full,score_categorical,core,PASS_SOURCE_STATUS,28927,8865,19,19,509.0,PASS,,,,,loss_1,risk_ratio,1.7853348906431084,0.0952903008358398,1.4811820533984208,2.151943891322764,1.1830154314415562e-09,5725.0,161.0,5564.0,427.0,21.0,406.0,,,,,,,,,,,,,,,,,,,,,,,,,
elsa,comparable_22_30_months,mortality,full,score_categorical,core,PASS_SOURCE_STATUS,28927,8865,19,19,509.0,PASS,,,,,loss_2plus,risk_ratio,3.547408653638746,0.22678772466527,2.27441211435855,5.532905877728384,2.3603618688370373e-08,5725.0,161.0,5564.0,427.0,21.0,406.0,,,,,,,,,,,,,,,,,,,,,,,,,
elsa,comparable_22_30_months,mortality,full,mutually_adjusted_components,core,PASS_SOURCE_STATUS,28927,8865,20,20,509.0,PASS,,,,,alcohol_loss,risk_ratio,1.6170007591619926,0.1439542584008175,1.219484085046151,2.144096415191436,0.0008427045742649,,,,,,,1100.0,50.0,1050.0,3200.0,126.0,3074.0,2288.0,28.0,2260.0,,,,,,,,,,,,,,,,
elsa,comparable_22_30_months,mortality,full,mutually_adjusted_components,core,PASS_SOURCE_STATUS,28927,8865,20,20,509.0,PASS,,,,,activity_loss,risk_ratio,1.8849402609850423,0.1044930134592455,1.5358647624917077,2.313354583197909,1.3081135385560839e-09,,,,,,,1100.0,50.0,1050.0,3200.0,126.0,3074.0,2288.0,28.0,2260.0,,,,,,,,,,,,,,,,
elsa,comparable_22_30_months,mortality,full,mutually_adjusted_components,core,PASS_SOURCE_STATUS,28927,8865,20,20,509.0,PASS,,,,,work_loss,risk_ratio,2.1977845655298065,0.2071730256478207,1.4643305396100097,3.298611116700105,0.0001441549548032,,,,,,,1100.0,50.0,1050.0,3200.0,126.0,3074.0,2288.0,28.0,2260.0,,,,,,,,,,,,,,,,
elsa,comparable_22_30_months,mortality,full,extended_score_categorical,enrichment,PASS_SOURCE_STATUS,23133,7861,19,19,355.0,PASS,,,,,extended_loss_1,risk_ratio,1.5883492694190484,0.1174049386442786,1.2618587473631906,1.9993152220372037,8.113565759419099e-05,,,,,,,,,,,,,,,,,,,,5615.0,113.0,5502.0,720.0,26.0,694.0,,,,,,
elsa,comparable_22_30_months,mortality,full,extended_score_categorical,enrichment,PASS_SOURCE_STATUS,23133,7861,19,19,355.0,PASS,,,,,extended_loss_2plus,risk_ratio,2.998239559097182,0.2162135111437462,1.962569546941786,4.580444279155989,3.8056547169514057e-07,,,,,,,,,,,,,,,,,,,,5615.0,113.0,5502.0,720.0,26.0,694.0,,,,,,
elsa,comparable_22_30_months,mortality,full,work_exit_phenotype,enrichment,PASS_SOURCE_STATUS,7714,3616,19,19,60.0,NOT_EVALUABLE_EPV,,,,,,,,,,,,,,,,,,,,,,,,,,,,,,,,,,,,,,,,,,
elsa,comparable_22_30_months,incident_heart_disease,basic,any_withdrawal,core,PASS_BASELINE_FREE_RISK_SET,24929,7673,13,13,977.0,PASS,5134.0,231.0,4903.0,,any_withdrawal,risk_ratio,1.299250761532445,0.0754161905250475,1.120723819255027,1.5062163508443391,0.0005180591167747,,,,,,,,,,,,,,,,,,,,,,,,,,,,,,,
elsa,comparable_22_30_months,incident_heart_disease,basic,score_categorical,core,PASS_BASELINE_FREE_RISK_SET,24929,7673,14,14,977.0,NOT_EVALUABLE_LOSS_2PLUS_EVENTS,,,,,,,,,,,,4792.0,220.0,4572.0,342.0,11.0,331.0,,,,,,,,,,,,,,,,,,,,,,,,,
elsa,comparable_22_30_months,incident_heart_disease,basic,mutually_adjusted_components,core,PASS_BASELINE_FREE_RISK_SET,24929,7673,15,15,977.0,PASS,,,,,alcohol_loss,risk_ratio,1.270038246366833,0.1502586362229116,0.9460550681054796,1.7049717311537094,0.1116312573372604,,,,,,,827.0,44.0,783.0,2569.0,127.0,2442.0,2087.0,71.0,2016.0,,,,,,,,,,,,,,,,
elsa,comparable_22_30_months,incident_heart_disease,basic,mutually_adjusted_components,core,PASS_BASELINE_FREE_RISK_SET,24929,7673,15,15,977.0,PASS,,,,,activity_loss,risk_ratio,1.1868128034353844,0.0934670607369093,0.9881500945526736,1.4254156713265131,0.0668880962803402,,,,,,,827.0,44.0,783.0,2569.0,127.0,2442.0,2087.0,71.0,2016.0,,,,,,,,,,,,,,,,
elsa,comparable_22_30_months,incident_heart_disease,basic,mutually_adjusted_components,core,PASS_BASELINE_FREE_RISK_SET,24929,7673,15,15,977.0,PASS,,,,,work_loss,risk_ratio,1.3238629781691678,0.1321603421298616,1.0217577726138416,1.715292246305537,0.0337680858265275,,,,,,,827.0,44.0,783.0,2569.0,127.0,2442.0,2087.0,71.0,2016.0,,,,,,,,,,,,,,,,
elsa,comparable_22_30_months,incident_heart_disease,full,any_withdrawal,core,PASS_BASELINE_FREE_RISK_SET,22487,7020,18,18,891.0,PASS,4600.0,209.0,4391.0,,any_withdrawal,risk_ratio,1.2387070678229093,0.0806797556272237,1.0575328899793832,1.4509196020412596,0.0079707373739738,,,,,,,,,,,,,,,,,,,,,,,,,,,,,,,
elsa,comparable_22_30_months,incident_heart_disease,full,score_categorical,core,PASS_BASELINE_FREE_RISK_SET,22487,7020,19,19,891.0,NOT_EVALUABLE_LOSS_2PLUS_EVENTS,,,,,,,,,,,,4295.0,201.0,4094.0,305.0,8.0,297.0,,,,,,,,,,,,,,,,,,,,,,,,,
elsa,comparable_22_30_months,incident_heart_disease,full,mutually_adjusted_components,core,PASS_BASELINE_FREE_RISK_SET,22487,7020,20,20,891.0,PASS,,,,,alcohol_loss,risk_ratio,1.2667497136943986,0.1559403810427777,0.933155718483608,1.719600282525653,0.1294403680519056,,,,,,,751.0,42.0,709.0,2276.0,109.0,2167.0,1885.0,66.0,1819.0,,,,,,,,,,,,,,,,
elsa,comparable_22_30_months,incident_heart_disease,full,mutually_adjusted_components,core,PASS_BASELINE_FREE_RISK_SET,22487,7020,20,20,891.0,PASS,,,,,activity_loss,risk_ratio,1.0594749254327098,0.1014434671663023,0.8684440558273772,1.2925266861907865,0.569007658338456,,,,,,,751.0,42.0,709.0,2276.0,109.0,2167.0,1885.0,66.0,1819.0,,,,,,,,,,,,,,,,
elsa,comparable_22_30_months,incident_heart_disease,full,mutually_adjusted_components,core,PASS_BASELINE_FREE_RISK_SET,22487,7020,20,20,891.0,PASS,,,,,work_loss,risk_ratio,1.3407865172943214,0.1383547179275716,1.0223318348847583,1.75843930866232,0.0340399542374352,,,,,,,751.0,42.0,709.0,2276.0,109.0,2167.0,1885.0,66.0,1819.0,,,,,,,,,,,,,,,,
elsa,comparable_22_30_months,incident_hypertension,basic,any_withdrawal,core,PASS_BASELINE_FREE_RISK_SET,16909,5397,13,13,892.0,PASS,3367.0,191.0,3176.0,,any_withdrawal,risk_ratio,1.1509289634551538,0.0807803518316999,0.9823995598204688,1.3483693734166875,0.0818338096659989,,,,,,,,,,,,,,,,,,,,,,,,,,,,,,,
elsa,comparable_22_30_months,incident_hypertension,basic,score_categorical,core,PASS_BASELINE_FREE_RISK_SET,16909,5397,14,14,892.0,PASS,,,,,loss_1,risk_ratio,1.0849794481413135,0.0849874585384934,0.9185018934545248,1.2816308940437815,0.3372146286813418,3165.0,169.0,2996.0,202.0,22.0,180.0,,,,,,,,,,,,,,,,,,,,,,,,,
elsa,comparable_22_30_months,incident_hypertension,basic,score_categorical,core,PASS_BASELINE_FREE_RISK_SET,16909,5397,14,14,892.0,PASS,,,,,loss_2plus,risk_ratio,2.3323273273696805,0.2061065631783141,1.5572246731625947,3.493234377636538,3.975868727023631e-05,3165.0,169.0,2996.0,202.0,22.0,180.0,,,,,,,,,,,,,,,,,,,,,,,,,
elsa,comparable_22_30_months,incident_hypertension,basic,mutually_adjusted_components,core,PASS_BASELINE_FREE_RISK_SET,16909,5397,15,15,892.0,PASS,,,,,alcohol_loss,risk_ratio,1.3005403109987272,0.1593276257362141,0.9517083880196304,1.7772304224955289,0.0990852272677885,,,,,,,521.0,38.0,483.0,1548.0,105.0,1443.0,1505.0,70.0,1435.0,,,,,,,,,,,,,,,,
elsa,comparable_22_30_months,incident_hypertension,basic,mutually_adjusted_components,core,PASS_BASELINE_FREE_RISK_SET,16909,5397,15,15,892.0,PASS,,,,,activity_loss,risk_ratio,1.2605940825813011,0.1017706020196427,1.032637686302648,1.5388722125073175,0.0228735393565355,,,,,,,521.0,38.0,483.0,1548.0,105.0,1443.0,1505.0,70.0,1435.0,,,,,,,,,,,,,,,,
elsa,comparable_22_30_months,incident_hypertension,basic,mutually_adjusted_components,core,PASS_BASELINE_FREE_RISK_SET,16909,5397,15,15,892.0,PASS,,,,,work_loss,risk_ratio,1.065094396316974,0.1299144343194457,0.825666630416455,1.373951703114888,0.6273764525256005,,,,,,,521.0,38.0,483.0,1548.0,105.0,1443.0,1505.0,70.0,1435.0,,,,,,,,,,,,,,,,
elsa,comparable_22_30_months,incident_hypertension,full,any_withdrawal,core,PASS_BASELINE_FREE_RISK_SET,15226,4927,18,18,813.0,PASS,3029.0,176.0,2853.0,,any_withdrawal,risk_ratio,1.1333289699266158,0.0855825924403044,0.95831427075308,1.340306195237567,0.1436210384552493,,,,,,,,,,,,,,,,,,,,,,,,,,,,,,,
elsa,comparable_22_30_months,incident_hypertension,full,score_categorical,core,PASS_BASELINE_FREE_RISK_SET,15226,4927,19,19,813.0,NOT_EVALUABLE_LOSS_2PLUS_EVENTS,,,,,,,,,,,,2851.0,157.0,2694.0,178.0,19.0,159.0,,,,,,,,,,,,,,,,,,,,,,,,,
elsa,comparable_22_30_months,incident_hypertension,full,mutually_adjusted_components,core,PASS_BASELINE_FREE_RISK_SET,15226,4927,20,20,813.0,PASS,,,,,alcohol_loss,risk_ratio,1.2912603410080394,0.1643107444134124,0.9357336627140824,1.7818673568118344,0.1197786866538969,,,,,,,473.0,36.0,437.0,1373.0,95.0,1278.0,1366.0,64.0,1302.0,,,,,,,,,,,,,,,,
elsa,comparable_22_30_months,incident_hypertension,full,mutually_adjusted_components,core,PASS_BASELINE_FREE_RISK_SET,15226,4927,20,20,813.0,PASS,,,,,activity_loss,risk_ratio,1.2330749124902751,0.1079057633941544,0.9980215283976256,1.5234879173940248,0.0521842535083321,,,,,,,473.0,36.0,437.0,1373.0,95.0,1278.0,1366.0,64.0,1302.0,,,,,,,,,,,,,,,,
elsa,comparable_22_30_months,incident_hypertension,full,mutually_adjusted_components,core,PASS_BASELINE_FREE_RISK_SET,15226,4927,20,20,813.0,PASS,,,,,work_loss,risk_ratio,1.037820184984374,0.1373298610136413,0.7929151640880009,1.3583681901201003,0.7869167155777144,,,,,,,473.0,36.0,437.0,1373.0,95.0,1278.0,1366.0,64.0,1302.0,,,,,,,,,,,,,,,,
elsa,comparable_22_30_months,incident_any_iadl,basic,any_withdrawal,core,PASS_STRICT_COMPLETE_ITEM_COUNTS,28385,8672,13,13,1561.0,PASS,5676.0,452.0,5224.0,,any_withdrawal,risk_ratio,2.0336612271530075,0.0539822463661386,1.829484933409692,2.2606242398058147,1.7137983901561688e-39,,,,,,,,,,,,,,,,,,,,,,,,,,,,,,,
elsa,comparable_22_30_months,incident_any_iadl,basic,score_categorical,core,PASS_STRICT_COMPLETE_ITEM_COUNTS,28385,8672,14,14,1561.0,PASS,,,,,loss_1,risk_ratio,1.9614627729302303,0.0552180453282619,1.760266340567913,2.185655727729183,3.087325783205047e-34,5305.0,414.0,4891.0,371.0,38.0,333.0,,,,,,,,,,,,,,,,,,,,,,,,,
elsa,comparable_22_30_months,incident_any_iadl,basic,score_categorical,core,PASS_STRICT_COMPLETE_ITEM_COUNTS,28385,8672,14,14,1561.0,PASS,,,,,loss_2plus,risk_ratio,3.759913737426946,0.1630082069124535,2.7316499399153917,5.1752426642667615,4.483968616455053e-16,5305.0,414.0,4891.0,371.0,38.0,333.0,,,,,,,,,,,,,,,,,,,,,,,,,
elsa,comparable_22_30_months,incident_any_iadl,basic,mutually_adjusted_components,core,PASS_STRICT_COMPLETE_ITEM_COUNTS,28385,8672,15,15,1561.0,PASS,,,,,alcohol_loss,risk_ratio,1.9454732044792693,0.088195625776687,1.636639395143919,2.312583945233709,4.4957080022609366e-14,,,,,,,877.0,120.0,757.0,2822.0,307.0,2515.0,2354.0,63.0,2291.0,,,,,,,,,,,,,,,,
elsa,comparable_22_30_months,incident_any_iadl,basic,mutually_adjusted_components,core,PASS_STRICT_COMPLETE_ITEM_COUNTS,28385,8672,15,15,1561.0,PASS,,,,,activity_loss,risk_ratio,2.052283638449244,0.0617049495215955,1.818503053166428,2.3161182629375543,2.255440402194279e-31,,,,,,,877.0,120.0,757.0,2822.0,307.0,2515.0,2354.0,63.0,2291.0,,,,,,,,,,,,,,,,
elsa,comparable_22_30_months,incident_any_iadl,basic,mutually_adjusted_components,core,PASS_STRICT_COMPLETE_ITEM_COUNTS,28385,8672,15,15,1561.0,PASS,,,,,work_loss,risk_ratio,1.5488740281493685,0.1346937595013667,1.1895003154229091,2.0168222941771288,0.0011608923684284,,,,,,,877.0,120.0,757.0,2822.0,307.0,2515.0,2354.0,63.0,2291.0,,,,,,,,,,,,,,,,
elsa,comparable_22_30_months,incident_any_iadl,full,any_withdrawal,core,PASS_STRICT_COMPLETE_ITEM_COUNTS,25533,7910,18,18,1402.0,PASS,5076.0,407.0,4669.0,,any_withdrawal,risk_ratio,1.7575494393836506,0.05759363200133,1.5699425563246203,1.9675751953048333,1.2262479508280606e-22,,,,,,,,,,,,,,,,,,,,,,,,,,,,,,,
elsa,comparable_22_30_months,incident_any_iadl,full,score_categorical,core,PASS_STRICT_COMPLETE_ITEM_COUNTS,25533,7910,19,19,1402.0,PASS,,,,,loss_1,risk_ratio,1.7117126877559543,0.0587359771588291,1.5255790474484685,1.9205562178669624,5.639546814483532e-20,4747.0,373.0,4374.0,329.0,34.0,295.0,,,,,,,,,,,,,,,,,,,,,,,,,
elsa,comparable_22_30_months,incident_any_iadl,full,score_categorical,core,PASS_STRICT_COMPLETE_ITEM_COUNTS,25533,7910,19,19,1402.0,PASS,,,,,loss_2plus,risk_ratio,2.742009258665779,0.1747133355953013,1.9469403953942723,3.86175909257164,7.768511693254363e-09,4747.0,373.0,4374.0,329.0,34.0,295.0,,,,,,,,,,,,,,,,,,,,,,,,,
elsa,comparable_22_30_months,incident_any_iadl,full,mutually_adjusted_components,core,PASS_STRICT_COMPLETE_ITEM_COUNTS,25533,7910,20,20,1402.0,PASS,,,,,alcohol_loss,risk_ratio,1.673758630798971,0.0912026764187966,1.3997838243212006,2.0013575707181546,1.6274947877490877e-08,,,,,,,801.0,111.0,690.0,2490.0,278.0,2212.0,2120.0,52.0,2068.0,,,,,,,,,,,,,,,,
elsa,comparable_22_30_months,incident_any_iadl,full,mutually_adjusted_components,core,PASS_STRICT_COMPLETE_ITEM_COUNTS,25533,7910,20,20,1402.0,PASS,,,,,activity_loss,risk_ratio,1.8035761367393215,0.0650422641666823,1.58770716567313,2.048795238406845,1.2176684006315827e-19,,,,,,,801.0,111.0,690.0,2490.0,278.0,2212.0,2120.0,52.0,2068.0,,,,,,,,,,,,,,,,
elsa,comparable_22_30_months,incident_any_iadl,full,mutually_adjusted_components,core,PASS_STRICT_COMPLETE_ITEM_COUNTS,25533,7910,20,20,1402.0,PASS,,,,,work_loss,risk_ratio,1.2669713587567146,0.1483904130375594,0.9472326270290486,1.6946380203820923,0.1107927513869535,,,,,,,801.0,111.0,690.0,2490.0,278.0,2212.0,2120.0,52.0,2068.0,,,,,,,,,,,,,,,,
elsa,comparable_22_30_months,iadl_count_increase,basic,any_withdrawal,core,PASS_STRICT_COMPLETE_ITEM_COUNTS,30572,9117,14,14,1917.0,PASS,6414.0,581.0,5833.0,,any_withdrawal,risk_ratio,1.8863229389984784,0.0486164406868289,1.7148796896268332,2.074906042514355,6.045338307063948e-39,,,,,,,,,,,,,,,,,,,,,,,,,,,,,,,
elsa,comparable_22_30_months,iadl_count_increase,basic,score_categorical,core,PASS_STRICT_COMPLETE_ITEM_COUNTS,30572,9117,15,15,1917.0,PASS,,,,,loss_1,risk_ratio,1.8233115702549016,0.0497070419371702,1.6540558784283668,2.0098868034520097,1.284948335171002e-33,5977.0,533.0,5444.0,437.0,48.0,389.0,,,,,,,,,,,,,,,,,,,,,,,,,
elsa,comparable_22_30_months,iadl_count_increase,basic,score_categorical,core,PASS_STRICT_COMPLETE_ITEM_COUNTS,30572,9117,15,15,1917.0,PASS,,,,,loss_2plus,risk_ratio,3.4234397040862907,0.1421438527672027,2.591013145307696,4.523303723386794,4.8117137990237565e-18,5977.0,533.0,5444.0,437.0,48.0,389.0,,,,,,,,,,,,,,,,,,,,,,,,,
elsa,comparable_22_30_months,iadl_count_increase,basic,mutually_adjusted_components,core,PASS_STRICT_COMPLETE_ITEM_COUNTS,30572,9117,16,16,1917.0,PASS,,,,,alcohol_loss,risk_ratio,1.7238740046913303,0.0769596326398618,1.4825090822939817,2.004535162410039,1.4826747270546876e-12,,,,,,,1104.0,166.0,938.0,3330.0,392.0,2938.0,2425.0,71.0,2354.0,,,,,,,,,,,,,,,,
elsa,comparable_22_30_months,iadl_count_increase,basic,mutually_adjusted_components,core,PASS_STRICT_COMPLETE_ITEM_COUNTS,30572,9117,16,16,1917.0,PASS,,,,,activity_loss,risk_ratio,1.9560381003345568,0.0550361976478417,1.7560238636276635,2.1788343138209663,3.490940778224149e-34,,,,,,,1104.0,166.0,938.0,3330.0,392.0,2938.0,2425.0,71.0,2354.0,,,,,,,,,,,,,,,,
elsa,comparable_22_30_months,iadl_count_increase,basic,mutually_adjusted_components,core,PASS_STRICT_COMPLETE_ITEM_COUNTS,30572,9117,16,16,1917.0,PASS,,,,,work_loss,risk_ratio,1.5084720488789838,0.1264076683382749,1.1774402152995336,1.93257194096287,0.0011453380062849,,,,,,,1104.0,166.0,938.0,3330.0,392.0,2938.0,2425.0,71.0,2354.0,,,,,,,,,,,,,,,,
elsa,comparable_22_30_months,iadl_count_increase,full,any_withdrawal,core,PASS_STRICT_COMPLETE_ITEM_COUNTS,27476,8310,19,19,1717.0,PASS,5733.0,521.0,5212.0,,any_withdrawal,risk_ratio,1.68354407666105,0.0513951242367895,1.522218101353314,1.861967516705182,3.8548564424136275e-24,,,,,,,,,,,,,,,,,,,,,,,,,,,,,,,
elsa,comparable_22_30_months,iadl_count_increase,full,score_categorical,core,PASS_STRICT_COMPLETE_ITEM_COUNTS,27476,8310,20,20,1717.0,PASS,,,,,loss_1,risk_ratio,1.6401653383204904,0.0524949088562199,1.4798029278824554,1.8179058078209545,4.2757274380046876e-21,5344.0,477.0,4867.0,389.0,44.0,345.0,,,,,,,,,,,,,,,,,,,,,,,,,
elsa,comparable_22_30_months,iadl_count_increase,full,score_categorical,core,PASS_STRICT_COMPLETE_ITEM_COUNTS,27476,8310,20,20,1717.0,PASS,,,,,loss_2plus,risk_ratio,2.6323496988101893,0.1489972398928844,1.965698484366145,3.525090440846777,8.251750379683424e-11,5344.0,477.0,4867.0,389.0,44.0,345.0,,,,,,,,,,,,,,,,,,,,,,,,,
elsa,comparable_22_30_months,iadl_count_increase,full,mutually_adjusted_components,core,PASS_STRICT_COMPLETE_ITEM_COUNTS,27476,8310,21,21,1717.0,PASS,,,,,alcohol_loss,risk_ratio,1.4994225502552174,0.079695016691373,1.282589017525413,1.7529137966202126,3.717579944850212e-07,,,,,,,1000.0,149.0,851.0,2943.0,356.0,2587.0,2187.0,60.0,2127.0,,,,,,,,,,,,,,,,
elsa,comparable_22_30_months,iadl_count_increase,full,mutually_adjusted_components,core,PASS_STRICT_COMPLETE_ITEM_COUNTS,27476,8310,21,21,1717.0,PASS,,,,,activity_loss,risk_ratio,1.7837902547379754,0.0579299630359644,1.5923323303480683,1.9982685851782196,1.6799190840483186e-23,,,,,,,1000.0,149.0,851.0,2943.0,356.0,2587.0,2187.0,60.0,2127.0,,,,,,,,,,,,,,,,
elsa,comparable_22_30_months,iadl_count_increase,full,mutually_adjusted_components,core,PASS_STRICT_COMPLETE_ITEM_COUNTS,27476,8310,21,21,1717.0,PASS,,,,,work_loss,risk_ratio,1.2870028323462548,0.1378556280068635,0.9822828901416444,1.6862517988361114,0.0672062043411923,,,,,,,1000.0,149.0,851.0,2943.0,356.0,2587.0,2187.0,60.0,2127.0,,,,,,,,,,,,,,,,
elsa,comparable_22_30_months,word_recall_change,basic,any_withdrawal,core,PASS_BASELINE_ADJUSTED_CHANGE_CANDIDATE,30059,9000,14,14,,PASS,6268.0,,,,any_withdrawal,mean_difference,-0.3109429101193844,0.0405978785406036,-0.390513289907699,-0.2313725303310697,1.872513888535286e-14,,,,,,,,,,,,,,,,-0.1013200383533969,0.0132287261646236,-0.1272478651974019,-0.0753922115093919,,,,,,,,,,,,
elsa,comparable_22_30_months,word_recall_change,basic,score_categorical,core,PASS_BASELINE_ADJUSTED_CHANGE_CANDIDATE,30059,9000,15,15,,PASS,,,,,loss_1,mean_difference,-0.2759944274759401,0.0413374087934161,-0.357014259925245,-0.1949745950266352,2.4450548944102295e-11,5840.0,,,428.0,,,,,,,,,,,,-0.0899321549619819,0.0134697004114707,-0.1163322826510088,-0.063532027272955,,,,,,,,,,,,
elsa,comparable_22_30_months,word_recall_change,basic,score_categorical,core,PASS_BASELINE_ADJUSTED_CHANGE_CANDIDATE,30059,9000,15,15,,PASS,,,,,loss_2plus,mean_difference,-0.8268145309167076,0.142328050242082,-1.1057723833809958,-0.5478566784524195,6.2765688081963875e-09,5840.0,,,428.0,,,,,,,,,,,,-0.2694156298706496,0.0463772706821173,-0.3603134101088649,-0.1785178496324343,,,,,,,,,,,,
elsa,comparable_22_30_months,word_recall_change,basic,mutually_adjusted_components,core,PASS_BASELINE_ADJUSTED_CHANGE_CANDIDATE,30059,9000,16,16,,PASS,,,,,alcohol_loss,mean_difference,-0.5291807938222607,0.0915963792377828,-0.7087063982425874,-0.3496551894019339,7.590378792613638e-09,,,,,,,1070.0,,,3244.0,,,2390.0,,,-0.1724323552042617,0.0298464713469146,-0.230930364109821,-0.1139343462987023,,,,,,,,,,,,
elsa,comparable_22_30_months,word_recall_change,basic,mutually_adjusted_components,core,PASS_BASELINE_ADJUSTED_CHANGE_CANDIDATE,30059,9000,16,16,,PASS,,,,,activity_loss,mean_difference,-0.2967032746770562,0.0533556609815741,-0.4012784485722706,-0.1921281007818419,2.6845097191639683e-08,,,,,,,1070.0,,,3244.0,,,2390.0,,,-0.0966800856090133,0.0173858204869451,-0.1307556676051044,-0.0626045036129221,,,,,,,,,,,,
elsa,comparable_22_30_months,word_recall_change,basic,mutually_adjusted_components,core,PASS_BASELINE_ADJUSTED_CHANGE_CANDIDATE,30059,9000,16,16,,PASS,,,,,work_loss,mean_difference,-0.2070732215989202,0.0611692744269809,-0.32696279643625,-0.0871836467615905,0.000711137284676,,,,,,,1070.0,,,3244.0,,,2390.0,,,-0.0674743371582542,0.0199318686141183,-0.1065400817865104,-0.0284085925299979,,,,,,,,,,,,
elsa,comparable_22_30_months,word_recall_change,full,any_withdrawal,core,PASS_BASELINE_ADJUSTED_CHANGE_CANDIDATE,27020,8207,19,19,,PASS,5602.0,,,,any_withdrawal,mean_difference,-0.1789364377229969,0.0430558963359445,-0.2633244438635383,-0.0945484315824554,3.239951061838126e-05,,,,,,,,,,,,,,,,-0.0582613777781241,0.0140189213215896,-0.0857379586705405,-0.0307847968857078,,,,,,,,,,,,
elsa,comparable_22_30_months,word_recall_change,full,score_categorical,core,PASS_BASELINE_ADJUSTED_CHANGE_CANDIDATE,27020,8207,20,20,,PASS,,,,,loss_1,mean_difference,-0.1514437750161585,0.043703890144169,-0.2371018256830248,-0.0657857243492922,0.0005297897393845,5221.0,,,381.0,,,,,,,,,,,,-0.0493098169419278,0.0142299069237356,-0.0771999220158069,-0.0214197118680488,,,,,,,,,,,,
elsa,comparable_22_30_months,word_recall_change,full,score_categorical,core,PASS_BASELINE_ADJUSTED_CHANGE_CANDIDATE,27020,8207,20,20,,PASS,,,,,loss_2plus,mean_difference,-0.6065046163051289,0.1501652455845769,-0.900823089380512,-0.3121861432297458,5.369908964983369e-05,5221.0,,,381.0,,,,,,,,,,,,-0.1974767969251241,0.0488935300907883,-0.2933063549800947,-0.1016472388701534,,,,,,,,,,,,
elsa,comparable_22_30_months,word_recall_change,full,mutually_adjusted_components,core,PASS_BASELINE_ADJUSTED_CHANGE_CANDIDATE,27020,8207,21,21,,PASS,,,,,alcohol_loss,mean_difference,-0.3506871307892968,0.09657605798137,-0.5399727262016341,-0.1614015353769596,0.0002821047674022,,,,,,,970.0,,,2865.0,,,2156.0,,,-0.1141830902013973,0.031444988343207,-0.1758141348483648,-0.0525520455544297,,,,,,,,,,,,
elsa,comparable_22_30_months,word_recall_change,full,mutually_adjusted_components,core,PASS_BASELINE_ADJUSTED_CHANGE_CANDIDATE,27020,8207,21,21,,PASS,,,,,activity_loss,mean_difference,-0.1889717336539888,0.0564670021264319,-0.299645024136742,-0.0782984431712356,0.0008181301050564,,,,,,,970.0,,,2865.0,,,2156.0,,,-0.0615288518308707,0.0183855529077819,-0.097563873365979,-0.0254938302957624,,,,,,,,,,,,
elsa,comparable_22_30_months,word_recall_change,full,mutually_adjusted_components,core,PASS_BASELINE_ADJUSTED_CHANGE_CANDIDATE,27020,8207,21,21,,PASS,,,,,work_loss,mean_difference,-0.1001530489598231,0.0640916163537521,-0.2257703087241356,0.0254642108044894,0.1181338956393524,,,,,,,970.0,,,2865.0,,,2156.0,,,-0.032609650082071,0.0208681133944171,-0.0735104007604264,0.0082911005962844,,,,,,,,,,,,
elsa,all_primary_wave_intervals,incident_diabetes,basic,any_withdrawal,core,PASS_BASELINE_FREE_RISK_SET,30649,8617,14,14,559.0,PASS,6193.0,141.0,6052.0,,any_withdrawal,risk_ratio,1.5583137789666592,0.0993689477479784,1.2825429245910986,1.893380554488307,8.036291863450692e-06,,,,,,,,,,,,,,,,,,,,,,,,,,,,,,,
elsa,all_primary_wave_intervals,incident_diabetes,basic,score_categorical,core,PASS_BASELINE_FREE_RISK_SET,30649,8617,15,15,559.0,PASS,,,,,loss_1,risk_ratio,1.4283287703012577,0.1053308093207478,1.161904507929582,1.7558440148456211,0.0007127610392775,5785.0,121.0,5664.0,408.0,20.0,388.0,,,,,,,,,,,,,,,,,,,,,,,,,
elsa,all_primary_wave_intervals,incident_diabetes,basic,score_categorical,core,PASS_BASELINE_FREE_RISK_SET,30649,8617,15,15,559.0,PASS,,,,,loss_2plus,risk_ratio,3.885007007189436,0.2288046111121729,2.48103544253929,6.08345982774972,3.004175211712589e-09,5785.0,121.0,5664.0,408.0,20.0,388.0,,,,,,,,,,,,,,,,,,,,,,,,,
elsa,all_primary_wave_intervals,incident_diabetes,basic,mutually_adjusted_components,core,PASS_BASELINE_FREE_RISK_SET,30649,8617,16,16,559.0,PASS,,,,,alcohol_loss,risk_ratio,1.8069695895438675,0.1812996521007625,1.26656738368454,2.577943455355527,0.0011008853111652,,,,,,,990.0,32.0,958.0,3147.0,84.0,3063.0,2473.0,46.0,2427.0,,,,,,,,,,,,,,,,
elsa,all_primary_wave_intervals,incident_diabetes,basic,mutually_adjusted_components,core,PASS_BASELINE_FREE_RISK_SET,30649,8617,16,16,559.0,PASS,,,,,activity_loss,risk_ratio,1.6745558806362428,0.118828902428849,1.326637592447963,2.1137177276871224,1.4341021054929471e-05,,,,,,,990.0,32.0,958.0,3147.0,84.0,3063.0,2473.0,46.0,2427.0,,,,,,,,,,,,,,,,
elsa,all_primary_wave_intervals,incident_diabetes,basic,mutually_adjusted_components,core,PASS_BASELINE_FREE_RISK_SET,30649,8617,16,16,559.0,PASS,,,,,work_loss,risk_ratio,1.3857009802448617,0.1696149036988378,0.9937864166811252,1.932172924101952,0.0544529006372346,,,,,,,990.0,32.0,958.0,3147.0,84.0,3063.0,2473.0,46.0,2427.0,,,,,,,,,,,,,,,,
elsa,all_primary_wave_intervals,incident_diabetes,full,any_withdrawal,core,PASS_BASELINE_FREE_RISK_SET,27603,7867,19,19,502.0,PASS,5547.0,125.0,5422.0,,any_withdrawal,risk_ratio,1.3005097503014749,0.1061635193378172,1.0562021837611717,1.6013275077753932,0.0133230578608064,,,,,,,,,,,,,,,,,,,,,,,,,,,,,,,
elsa,all_primary_wave_intervals,incident_diabetes,full,score_categorical,core,PASS_BASELINE_FREE_RISK_SET,27603,7867,20,20,502.0,NOT_EVALUABLE_LOSS_2PLUS_EVENTS,,,,,,,,,,,,5185.0,106.0,5079.0,362.0,19.0,343.0,,,,,,,,,,,,,,,,,,,,,,,,,
elsa,all_primary_wave_intervals,incident_diabetes,full,mutually_adjusted_components,core,PASS_BASELINE_FREE_RISK_SET,27603,7867,21,21,502.0,PASS,,,,,alcohol_loss,risk_ratio,1.5697598773046504,0.1914638208326824,1.078596296283373,2.2845860688437973,0.0185161030200146,,,,,,,891.0,29.0,862.0,2791.0,74.0,2717.0,2236.0,42.0,2194.0,,,,,,,,,,,,,,,,
elsa,all_primary_wave_intervals,incident_diabetes,full,mutually_adjusted_components,core,PASS_BASELINE_FREE_RISK_SET,27603,7867,21,21,502.0,PASS,,,,,activity_loss,risk_ratio,1.387682629153768,0.1280277139165083,1.0797240230758398,1.7834771090573902,0.0104944822377544,,,,,,,891.0,29.0,862.0,2791.0,74.0,2717.0,2236.0,42.0,2194.0,,,,,,,,,,,,,,,,
elsa,all_primary_wave_intervals,incident_diabetes,full,mutually_adjusted_components,core,PASS_BASELINE_FREE_RISK_SET,27603,7867,21,21,502.0,PASS,,,,,work_loss,risk_ratio,1.2517893484459914,0.1777307841657045,0.8835813368061499,1.7734378348765654,0.2063869943377648,,,,,,,891.0,29.0,862.0,2791.0,74.0,2717.0,2236.0,42.0,2194.0,,,,,,,,,,,,,,,,
elsa,all_primary_wave_intervals,incident_diabetes,full,extended_score_categorical,enrichment,PASS_BASELINE_FREE_RISK_SET,22456,7053,20,20,380.0,PASS,,,,,extended_loss_1,risk_ratio,1.1176288584975669,0.1268344036999754,0.871637621800014,1.433043083623532,0.3805912301981229,,,,,,,,,,,,,,,,,,,,5312.0,88.0,5224.0,647.0,33.0,614.0,,,,,,
elsa,all_primary_wave_intervals,incident_diabetes,full,extended_score_categorical,enrichment,PASS_BASELINE_FREE_RISK_SET,22456,7053,20,20,380.0,PASS,,,,,extended_loss_2plus,risk_ratio,3.4069343050094734,0.1956533822994214,2.321791935134312,4.999242689668024,3.7228265062395547e-10,,,,,,,,,,,,,,,,,,,,5312.0,88.0,5224.0,647.0,33.0,614.0,,,,,,
elsa,all_primary_wave_intervals,incident_diabetes,full,work_exit_phenotype,enrichment,PASS_BASELINE_FREE_RISK_SET,7713,3430,20,20,142.0,NOT_EVALUABLE_EPV,,,,,,,,,,,,,,,,,,,,,,,,,,,,,,,,,,,,,,,,,,
elsa,all_primary_wave_intervals,incident_stroke,basic,any_withdrawal,core,PASS_BASELINE_FREE_RISK_SET,32763,9118,14,14,427.0,PASS,6742.0,98.0,6644.0,,any_withdrawal,risk_ratio,1.2633867669278798,0.1189049000445385,1.0007469824329538,1.5949547196915148,0.0492704525388505,,,,,,,,,,,,,,,,,,,,,,,,,,,,,,,
elsa,all_primary_wave_intervals,incident_stroke,basic,score_categorical,core,PASS_BASELINE_FREE_RISK_SET,32763,9118,15,15,427.0,NOT_EVALUABLE_LOSS_2PLUS_EVENTS,,,,,,,,,,,,6298.0,87.0,6211.0,444.0,11.0,433.0,,,,,,,,,,,,,,,,,,,,,,,,,
elsa,all_primary_wave_intervals,incident_stroke,basic,mutually_adjusted_components,core,PASS_BASELINE_FREE_RISK_SET,32763,9118,16,16,427.0,NOT_EVALUABLE_ALCOHOL_LOSS_EVENTS,,,,,,,,,,,,,,,,,,1130.0,17.0,1113.0,,,,,,,,,,,,,,,,,,,,,,
elsa,all_primary_wave_intervals,incident_stroke,full,any_withdrawal,core,PASS_BASELINE_FREE_RISK_SET,29517,8334,19,19,386.0,PASS,6038.0,88.0,5950.0,,any_withdrawal,risk_ratio,1.129893845274723,0.1260015208676315,0.8826427412271595,1.4464063906702824,0.3324334864647345,,,,,,,,,,,,,,,,,,,,,,,,,,,,,,,
elsa,all_primary_wave_intervals,incident_stroke,full,score_categorical,core,PASS_BASELINE_FREE_RISK_SET,29517,8334,20,20,386.0,NOT_EVALUABLE_LOSS_2PLUS_EVENTS,,,,,,,,,,,,5647.0,78.0,5569.0,391.0,10.0,381.0,,,,,,,,,,,,,,,,,,,,,,,,,
elsa,all_primary_wave_intervals,incident_stroke,full,mutually_adjusted_components,core,PASS_BASELINE_FREE_RISK_SET,29517,8334,21,21,386.0,NOT_EVALUABLE_ALCOHOL_LOSS_EVENTS,,,,,,,,,,,,,,,,,,1018.0,15.0,1003.0,,,,,,,,,,,,,,,,,,,,,,
elsa,all_primary_wave_intervals,incident_stroke,full,extended_score_categorical,enrichment,PASS_BASELINE_FREE_RISK_SET,24046,7488,20,20,303.0,NOT_EVALUABLE_EXTENDED_LOSS_2PLUS_EVENTS,,,,,,,,,,,,,,,,,,,,,,,,,,,,,,,5763.0,79.0,5684.0,698.0,8.0,690.0,,,,,,
elsa,all_primary_wave_intervals,incident_stroke,full,work_exit_phenotype,enrichment,PASS_BASELINE_FREE_RISK_SET,8174,3614,20,20,60.0,NOT_EVALUABLE_EPV,,,,,,,,,,,,,,,,,,,,,,,,,,,,,,,,,,,,,,,,,,
elsa,all_primary_wave_intervals,incident_any_adl,basic,any_withdrawal,core,PASS_STRICT_COMPLETE_ITEM_COUNTS,28661,8551,14,14,2812.0,PASS,5524.0,736.0,4788.0,,any_withdrawal,risk_ratio,1.686969348304482,0.0408446665184275,1.5571847737054307,1.8275709024221392,1.5776902016208329e-37,,,,,,,,,,,,,,,,,,,,,,,,,,,,,,,
elsa,all_primary_wave_intervals,incident_any_adl,basic,score_categorical,core,PASS_STRICT_COMPLETE_ITEM_COUNTS,28661,8551,15,15,2812.0,PASS,,,,,loss_1,risk_ratio,1.6439566620719757,0.0417623474010829,1.514754285775339,1.7841794752787168,1.138826161775414e-32,5172.0,678.0,4494.0,352.0,58.0,294.0,,,,,,,,,,,,,,,,,,,,,,,,,
elsa,all_primary_wave_intervals,incident_any_adl,basic,score_categorical,core,PASS_STRICT_COMPLETE_ITEM_COUNTS,28661,8551,15,15,2812.0,PASS,,,,,loss_2plus,risk_ratio,2.549281512890478,0.127331681741377,1.98624525414936,3.2719203322896764,1.990973953391071e-13,5172.0,678.0,4494.0,352.0,58.0,294.0,,,,,,,,,,,,,,,,,,,,,,,,,
elsa,all_primary_wave_intervals,incident_any_adl,basic,mutually_adjusted_components,core,PASS_STRICT_COMPLETE_ITEM_COUNTS,28661,8551,16,16,2812.0,PASS,,,,,alcohol_loss,risk_ratio,1.4278752499348455,0.0775782473813134,1.2264660810524397,1.662359653376606,4.404258023152608e-06,,,,,,,849.0,143.0,706.0,2632.0,470.0,2162.0,2400.0,183.0,2217.0,,,,,,,,,,,,,,,,
elsa,all_primary_wave_intervals,incident_any_adl,basic,mutually_adjusted_components,core,PASS_STRICT_COMPLETE_ITEM_COUNTS,28661,8551,16,16,2812.0,PASS,,,,,activity_loss,risk_ratio,1.7641648805063803,0.0471728879802216,1.6083684199589836,1.9350527447507704,2.3553708346286238e-33,,,,,,,849.0,143.0,706.0,2632.0,470.0,2162.0,2400.0,183.0,2217.0,,,,,,,,,,,,,,,,
elsa,all_primary_wave_intervals,incident_any_adl,basic,mutually_adjusted_components,core,PASS_STRICT_COMPLETE_ITEM_COUNTS,28661,8551,16,16,2812.0,PASS,,,,,work_loss,risk_ratio,1.5300333959454693,0.0788711963347912,1.3108881155997287,1.785813880567085,6.959877557064226e-08,,,,,,,849.0,143.0,706.0,2632.0,470.0,2162.0,2400.0,183.0,2217.0,,,,,,,,,,,,,,,,
elsa,all_primary_wave_intervals,incident_any_adl,full,any_withdrawal,core,PASS_STRICT_COMPLETE_ITEM_COUNTS,25855,7818,19,19,2507.0,PASS,4958.0,656.0,4302.0,,any_withdrawal,risk_ratio,1.5147998369533353,0.0436168026210993,1.390684326411399,1.649992383213965,1.7122813544953917e-21,,,,,,,,,,,,,,,,,,,,,,,,,,,,,,,
elsa,all_primary_wave_intervals,incident_any_adl,full,score_categorical,core,PASS_STRICT_COMPLETE_ITEM_COUNTS,25855,7818,20,20,2507.0,PASS,,,,,loss_1,risk_ratio,1.485997940695317,0.0445446119907332,1.361763737405815,1.6215660757403962,6.006879885037168e-19,4645.0,603.0,4042.0,313.0,53.0,260.0,,,,,,,,,,,,,,,,,,,,,,,,,
elsa,all_primary_wave_intervals,incident_any_adl,full,score_categorical,core,PASS_STRICT_COMPLETE_ITEM_COUNTS,25855,7818,20,20,2507.0,PASS,,,,,loss_2plus,risk_ratio,2.0582707986028064,0.1329026790374415,1.5862642885761926,2.67072688384332,5.5869801027051734e-08,4645.0,603.0,4042.0,313.0,53.0,260.0,,,,,,,,,,,,,,,,,,,,,,,,,
elsa,all_primary_wave_intervals,incident_any_adl,full,mutually_adjusted_components,core,PASS_STRICT_COMPLETE_ITEM_COUNTS,25855,7818,21,21,2507.0,PASS,,,,,alcohol_loss,risk_ratio,1.3146239519240277,0.0810372261396948,1.1215600433476896,1.5409216343102063,0.0007365030813146,,,,,,,771.0,133.0,638.0,2330.0,414.0,1916.0,2175.0,164.0,2011.0,,,,,,,,,,,,,,,,
elsa,all_primary_wave_intervals,incident_any_adl,full,mutually_adjusted_components,core,PASS_STRICT_COMPLETE_ITEM_COUNTS,25855,7818,21,21,2507.0,PASS,,,,,activity_loss,risk_ratio,1.5661323809230117,0.0502518244491061,1.4192341034714209,1.7282354113223104,4.368452502699082e-19,,,,,,,771.0,133.0,638.0,2330.0,414.0,1916.0,2175.0,164.0,2011.0,,,,,,,,,,,,,,,,
elsa,all_primary_wave_intervals,incident_any_adl,full,mutually_adjusted_components,core,PASS_STRICT_COMPLETE_ITEM_COUNTS,25855,7818,21,21,2507.0,PASS,,,,,work_loss,risk_ratio,1.4168113871648491,0.0833393241819029,1.203298782672594,1.6682095384003774,2.907337650038741e-05,,,,,,,771.0,133.0,638.0,2330.0,414.0,1916.0,2175.0,164.0,2011.0,,,,,,,,,,,,,,,,
elsa,all_primary_wave_intervals,incident_any_adl,full,extended_score_categorical,enrichment,PASS_STRICT_COMPLETE_ITEM_COUNTS,21046,6959,20,20,1968.0,PASS,,,,,extended_loss_1,risk_ratio,1.434772309520106,0.0488539230354488,1.3037623991288698,1.5789468859825435,1.4737963008229796e-13,,,,,,,,,,,,,,,,,,,,4884.0,544.0,4340.0,569.0,78.0,491.0,,,,,,
elsa,all_primary_wave_intervals,incident_any_adl,full,extended_score_categorical,enrichment,PASS_STRICT_COMPLETE_ITEM_COUNTS,21046,6959,20,20,1968.0,PASS,,,,,extended_loss_2plus,risk_ratio,1.881555171360656,0.11178010750114,1.5113656843534489,2.34241778778279,1.559912685203553e-08,,,,,,,,,,,,,,,,,,,,4884.0,544.0,4340.0,569.0,78.0,491.0,,,,,,
elsa,all_primary_wave_intervals,incident_any_adl,full,work_exit_phenotype,enrichment,PASS_STRICT_COMPLETE_ITEM_COUNTS,7667,3478,20,20,470.0,PASS,,,,,work_exit_retirement,risk_ratio,1.0802858713206769,0.101202520332181,0.8859209148806892,1.3172931625981996,0.4454152003435558,,,,,,,,,,,,,,,,,,,,,,,,,,1928.0,139.0,1789.0,247.0,25.0,222.0
elsa,all_primary_wave_intervals,incident_any_adl,full,work_exit_phenotype,enrichment,PASS_STRICT_COMPLETE_ITEM_COUNTS,7667,3478,20,20,470.0,PASS,,,,,work_exit_no_retirement,risk_ratio,1.4796380725098324,0.1971463520002004,1.0054123568322524,2.177543184886367,0.0468843492388418,,,,,,,,,,,,,,,,,,,,,,,,,,1928.0,139.0,1789.0,247.0,25.0,222.0
elsa,all_primary_wave_intervals,multimorbidity_progression,basic,any_withdrawal,core,PASS_STRICT_COMMON_SIX,34109,9446,15,15,5250.0,PASS,7101.0,1143.0,5958.0,,any_withdrawal,risk_ratio,1.1547415650300326,0.0311211565033519,1.0864116701610729,1.227369070704398,3.780270246783239e-06,,,,,,,,,,,,,,,,,,,,,,,,,,,,,,,
elsa,all_primary_wave_intervals,multimorbidity_progression,basic,score_categorical,core,PASS_STRICT_COMMON_SIX,34109,9446,16,16,5250.0,PASS,,,,,loss_1,risk_ratio,1.140707210445539,0.0319756622580978,1.0714118703529865,1.2144843416134132,3.835951593329914e-05,6627.0,1059.0,5568.0,474.0,84.0,390.0,,,,,,,,,,,,,,,,,,,,,,,,,
elsa,all_primary_wave_intervals,multimorbidity_progression,basic,score_categorical,core,PASS_STRICT_COMMON_SIX,34109,9446,16,16,5250.0,PASS,,,,,loss_2plus,risk_ratio,1.387081970934752,0.099639775653042,1.141007754772505,1.6862255195415774,0.0010239881793632,6627.0,1059.0,5568.0,474.0,84.0,390.0,,,,,,,,,,,,,,,,,,,,,,,,,
elsa,all_primary_wave_intervals,multimorbidity_progression,basic,mutually_adjusted_components,core,PASS_STRICT_COMMON_SIX,34109,9446,17,17,5250.0,PASS,,,,,alcohol_loss,risk_ratio,1.224696031517598,0.062085973063456,1.0843778414633627,1.383171356204468,0.0010957633590789,,,,,,,1215.0,222.0,993.0,3685.0,615.0,3070.0,2685.0,393.0,2292.0,,,,,,,,,,,,,,,,
elsa,all_primary_wave_intervals,multimorbidity_progression,basic,mutually_adjusted_components,core,PASS_STRICT_COMMON_SIX,34109,9446,17,17,5250.0,PASS,,,,,activity_loss,risk_ratio,1.1381911759914467,0.0393541164119952,1.053699877900682,1.229457438759331,0.001005020432603,,,,,,,1215.0,222.0,993.0,3685.0,615.0,3070.0,2685.0,393.0,2292.0,,,,,,,,,,,,,,,,
elsa,all_primary_wave_intervals,multimorbidity_progression,basic,mutually_adjusted_components,core,PASS_STRICT_COMMON_SIX,34109,9446,17,17,5250.0,PASS,,,,,work_loss,risk_ratio,1.1230408524488975,0.0516545652944448,1.0149090123191944,1.2426934246914398,0.024674387567134,,,,,,,1215.0,222.0,993.0,3685.0,615.0,3070.0,2685.0,393.0,2292.0,,,,,,,,,,,,,,,,
elsa,all_primary_wave_intervals,multimorbidity_progression,full,any_withdrawal,core,PASS_STRICT_COMMON_SIX,30740,8629,19,19,4767.0,PASS,6364.0,1021.0,5343.0,,any_withdrawal,risk_ratio,1.1241418020321658,0.0332963161569835,1.0531233011650654,1.199949511779015,0.0004405827329982,,,,,,,,,,,,,,,,,,,,,,,,,,,,,,,
elsa,all_primary_wave_intervals,multimorbidity_progression,full,score_categorical,core,PASS_STRICT_COMMON_SIX,30740,8629,20,20,4767.0,PASS,,,,,loss_1,risk_ratio,1.1104832349429994,0.034176064947507,1.0385353580161232,1.187415532433248,0.0021670030463569,5944.0,946.0,4998.0,420.0,75.0,345.0,,,,,,,,,,,,,,,,,,,,,,,,,
elsa,all_primary_wave_intervals,multimorbidity_progression,full,score_categorical,core,PASS_STRICT_COMMON_SIX,30740,8629,20,20,4767.0,PASS,,,,,loss_2plus,risk_ratio,1.3625701916366793,0.1053803717253254,1.108304122847459,1.6751697380380033,0.003327185856611,5944.0,946.0,4998.0,420.0,75.0,345.0,,,,,,,,,,,,,,,,,,,,,,,,,
elsa,all_primary_wave_intervals,multimorbidity_progression,full,mutually_adjusted_components,core,PASS_STRICT_COMMON_SIX,30740,8629,21,21,4767.0,PASS,,,,,alcohol_loss,risk_ratio,1.234597957125969,0.0651244010840407,1.0866547013821737,1.4026830361115314,0.0012119903360545,,,,,,,1095.0,203.0,892.0,3271.0,547.0,2724.0,2427.0,349.0,2078.0,,,,,,,,,,,,,,,,
elsa,all_primary_wave_intervals,multimorbidity_progression,full,mutually_adjusted_components,core,PASS_STRICT_COMMON_SIX,30740,8629,21,21,4767.0,PASS,,,,,activity_loss,risk_ratio,1.1126607648995333,0.0420938165857714,1.0245483362471317,1.2083509717868428,0.0112093927584864,,,,,,,1095.0,203.0,892.0,3271.0,547.0,2724.0,2427.0,349.0,2078.0,,,,,,,,,,,,,,,,
elsa,all_primary_wave_intervals,multimorbidity_progression,full,mutually_adjusted_components,core,PASS_STRICT_COMMON_SIX,30740,8629,21,21,4767.0,PASS,,,,,work_loss,risk_ratio,1.0780684665445883,0.054888994437355,0.9681100896351132,1.200515965075679,0.1708401599974887,,,,,,,1095.0,203.0,892.0,3271.0,547.0,2724.0,2427.0,349.0,2078.0,,,,,,,,,,,,,,,,
elsa,all_primary_wave_intervals,multimorbidity_progression,full,extended_score_categorical,enrichment,PASS_STRICT_COMMON_SIX,25017,7748,20,20,3896.0,PASS,,,,,extended_loss_1,risk_ratio,1.0716254459395549,0.0355195203745083,0.999559720419996,1.148886927839211,0.051466935798353,,,,,,,,,,,,,,,,,,,,6017.0,937.0,5080.0,739.0,126.0,613.0,,,,,,
elsa,all_primary_wave_intervals,multimorbidity_progression,full,extended_score_categorical,enrichment,PASS_STRICT_COMMON_SIX,25017,7748,20,20,3896.0,PASS,,,,,extended_loss_2plus,risk_ratio,1.2881107990229566,0.0847033109394782,1.0910725565362458,1.5207324394878037,0.0027990887709824,,,,,,,,,,,,,,,,,,,,6017.0,937.0,5080.0,739.0,126.0,613.0,,,,,,
elsa,all_primary_wave_intervals,multimorbidity_progression,full,work_exit_phenotype,enrichment,PASS_STRICT_COMMON_SIX,8328,3668,20,20,1166.0,PASS,,,,,work_exit_retirement,risk_ratio,0.9979581927056186,0.0638358026900327,0.8805929700566171,1.130965824453757,0.9744576976546322,,,,,,,,,,,,,,,,,,,,,,,,,,2132.0,305.0,1827.0,295.0,44.0,251.0
elsa,all_primary_wave_intervals,multimorbidity_progression,full,work_exit_phenotype,enrichment,PASS_STRICT_COMMON_SIX,8328,3668,20,20,1166.0,PASS,,,,,work_exit_no_retirement,risk_ratio,1.1292267867844916,0.1431422883259851,0.8529787953113841,1.4949411908019672,0.3958605488443398,,,,,,,,,,,,,,,,,,,,,,,,,,2132.0,305.0,1827.0,295.0,44.0,251.0
elsa,all_primary_wave_intervals,mortality,basic,any_withdrawal,core,PASS_SOURCE_STATUS,35745,10043,14,14,584.0,PASS,7558.0,201.0,7357.0,,any_withdrawal,risk_ratio,2.032101616328612,0.0854491672476708,1.718743062717031,2.402591212532629,1.0573959915991815e-16,,,,,,,,,,,,,,,,,,,,,,,,,,,,,,,
elsa,all_primary_wave_intervals,mortality,basic,score_categorical,core,PASS_SOURCE_STATUS,35745,10043,15,15,584.0,PASS,,,,,loss_1,risk_ratio,1.9215396399288505,0.0887748770497607,1.614670964458221,2.2867287943440524,1.879309165981118e-13,7043.0,179.0,6864.0,515.0,22.0,493.0,,,,,,,,,,,,,,,,,,,,,,,,,
elsa,all_primary_wave_intervals,mortality,basic,score_categorical,core,PASS_SOURCE_STATUS,35745,10043,15,15,584.0,PASS,,,,,loss_2plus,risk_ratio,4.513759109873188,0.2129054951366667,2.9738077705417147,6.851156118356575,1.4533469107409836e-12,7043.0,179.0,6864.0,515.0,22.0,493.0,,,,,,,,,,,,,,,,,,,,,,,,,
elsa,all_primary_wave_intervals,mortality,basic,mutually_adjusted_components,core,PASS_SOURCE_STATUS,35745,10043,16,16,584.0,PASS,,,,,alcohol_loss,risk_ratio,1.656803240523964,0.1411306824034436,1.2564357371527308,2.1847492049464283,0.0003469435012207,,,,,,,1317.0,50.0,1267.0,3976.0,145.0,3831.0,2791.0,29.0,2762.0,,,,,,,,,,,,,,,,
elsa,all_primary_wave_intervals,mortality,basic,mutually_adjusted_components,core,PASS_SOURCE_STATUS,35745,10043,16,16,584.0,PASS,,,,,activity_loss,risk_ratio,2.15463260191957,0.0956525061462266,1.786296988519975,2.5989192609573637,1.0144935921276931e-15,,,,,,,1317.0,50.0,1267.0,3976.0,145.0,3831.0,2791.0,29.0,2762.0,,,,,,,,,,,,,,,,
elsa,all_primary_wave_intervals,mortality,basic,mutually_adjusted_components,core,PASS_SOURCE_STATUS,35745,10043,16,16,584.0,PASS,,,,,work_loss,risk_ratio,2.194838815139481,0.2021632621710812,1.4767975093399763,3.262002674013095,0.0001008723171723,,,,,,,1317.0,50.0,1267.0,3976.0,145.0,3831.0,2791.0,29.0,2762.0,,,,,,,,,,,,,,,,
elsa,all_primary_wave_intervals,mortality,full,any_withdrawal,core,PASS_SOURCE_STATUS,32183,9167,19,19,509.0,PASS,6781.0,182.0,6599.0,,any_withdrawal,risk_ratio,1.8702931827559763,0.09220013725608,1.5610930553494542,2.240735475362451,1.1166017704746902e-11,,,,,,,,,,,,,,,,,,,,,,,,,,,,,,,
elsa,all_primary_wave_intervals,mortality,full,score_categorical,core,PASS_SOURCE_STATUS,32183,9167,20,20,509.0,PASS,,,,,loss_1,risk_ratio,1.7853348906431028,0.0952886036659946,1.4811869803984063,2.1519367331262083,1.1822160856603392e-09,6323.0,161.0,6162.0,458.0,21.0,437.0,,,,,,,,,,,,,,,,,,,,,,,,,
elsa,all_primary_wave_intervals,mortality,full,score_categorical,core,PASS_SOURCE_STATUS,32183,9167,20,20,509.0,PASS,,,,,loss_2plus,risk_ratio,3.5474086536387524,0.2267836854578086,2.27443012027083,5.532862075539451,2.3590120374999214e-08,6323.0,161.0,6162.0,458.0,21.0,437.0,,,,,,,,,,,,,,,,,,,,,,,,,
elsa,all_primary_wave_intervals,mortality,full,mutually_adjusted_components,core,PASS_SOURCE_STATUS,32183,9167,21,21,509.0,PASS,,,,,alcohol_loss,risk_ratio,1.617000759161983,0.1439514425141126,1.2194908154419248,2.1440845818776464,0.0008425065227978,,,,,,,1194.0,50.0,1144.0,3527.0,126.0,3401.0,2528.0,28.0,2500.0,,,,,,,,,,,,,,,,
elsa,all_primary_wave_intervals,mortality,full,mutually_adjusted_components,core,PASS_SOURCE_STATUS,32183,9167,21,21,509.0,PASS,,,,,activity_loss,risk_ratio,1.884940260985023,0.1044909694733156,1.5358709153914445,2.313345315596877,1.307147843481984e-09,,,,,,,1194.0,50.0,1144.0,3527.0,126.0,3401.0,2528.0,28.0,2500.0,,,,,,,,,,,,,,,,
elsa,all_primary_wave_intervals,mortality,full,mutually_adjusted_components,core,PASS_SOURCE_STATUS,32183,9167,21,21,509.0,PASS,,,,,work_loss,risk_ratio,2.1977845655298007,0.2071689731401189,1.4643421704956208,3.298584916697555,0.0001441117005304,,,,,,,1194.0,50.0,1144.0,3527.0,126.0,3401.0,2528.0,28.0,2500.0,,,,,,,,,,,,,,,,
elsa,all_primary_wave_intervals,mortality,full,extended_score_categorical,enrichment,PASS_SOURCE_STATUS,26011,8161,20,20,355.0,PASS,,,,,extended_loss_1,risk_ratio,1.5883492694190544,0.1174018645892616,1.2618663501318916,1.9993031761250728,8.110075613399136e-05,,,,,,,,,,,,,,,,,,,,6298.0,113.0,6185.0,786.0,26.0,760.0,,,,,,
elsa,all_primary_wave_intervals,mortality,full,extended_score_categorical,enrichment,PASS_SOURCE_STATUS,26011,8161,20,20,355.0,PASS,,,,,extended_loss_2plus,risk_ratio,2.9982395590972075,0.2162078499490189,1.9625913232196723,4.580393456029374,3.8029925639611764e-07,,,,,,,,,,,,,,,,,,,,6298.0,113.0,6185.0,786.0,26.0,760.0,,,,,,
elsa,all_primary_wave_intervals,mortality,full,work_exit_phenotype,enrichment,PASS_SOURCE_STATUS,8612,3820,20,20,60.0,NOT_EVALUABLE_EPV,,,,,,,,,,,,,,,,,,,,,,,,,,,,,,,,,,,,,,,,,,
elsa,all_primary_wave_intervals,incident_heart_disease,basic,any_withdrawal,core,PASS_BASELINE_FREE_RISK_SET,27745,7954,14,14,1378.0,PASS,5655.0,309.0,5346.0,,any_withdrawal,risk_ratio,1.2642713524978075,0.0635983746034684,1.11610553689223,1.432106552573239,0.000226790850774,,,,,,,,,,,,,,,,,,,,,,,,,,,,,,,
elsa,all_primary_wave_intervals,incident_heart_disease,basic,score_categorical,core,PASS_BASELINE_FREE_RISK_SET,27745,7954,15,15,1378.0,NOT_EVALUABLE_LOSS_2PLUS_EVENTS,,,,,,,,,,,,5287.0,295.0,4992.0,368.0,14.0,354.0,,,,,,,,,,,,,,,,,,,,,,,,,
elsa,all_primary_wave_intervals,incident_heart_disease,basic,mutually_adjusted_components,core,PASS_BASELINE_FREE_RISK_SET,27745,7954,16,16,1378.0,PASS,,,,,alcohol_loss,risk_ratio,1.3080461499512188,0.1213133134189526,1.0312429374433687,1.659148071010344,0.0268589268753828,,,,,,,910.0,63.0,847.0,2820.0,167.0,2653.0,2301.0,93.0,2208.0,,,,,,,,,,,,,,,,
elsa,all_primary_wave_intervals,incident_heart_disease,basic,mutually_adjusted_components,core,PASS_BASELINE_FREE_RISK_SET,27745,7954,16,16,1378.0,PASS,,,,,activity_loss,risk_ratio,1.1467522276600788,0.0802106724506807,0.9799279483618162,1.341976901303568,0.0877892005322356,,,,,,,910.0,63.0,847.0,2820.0,167.0,2653.0,2301.0,93.0,2208.0,,,,,,,,,,,,,,,,
elsa,all_primary_wave_intervals,incident_heart_disease,basic,mutually_adjusted_components,core,PASS_BASELINE_FREE_RISK_SET,27745,7954,16,16,1378.0,PASS,,,,,work_loss,risk_ratio,1.2796985662738305,0.1132219099017263,1.025021603989734,1.5976525901006264,0.0293881327296061,,,,,,,910.0,63.0,847.0,2820.0,167.0,2653.0,2301.0,93.0,2208.0,,,,,,,,,,,,,,,,
elsa,all_primary_wave_intervals,incident_heart_disease,full,any_withdrawal,core,PASS_BASELINE_FREE_RISK_SET,25086,7291,19,19,1258.0,PASS,5078.0,280.0,4798.0,,any_withdrawal,risk_ratio,1.1995112686539358,0.0681132861892178,1.0496057420682676,1.370826421731019,0.0075679876612581,,,,,,,,,,,,,,,,,,,,,,,,,,,,,,,
elsa,all_primary_wave_intervals,incident_heart_disease,full,score_categorical,core,PASS_BASELINE_FREE_RISK_SET,25086,7291,20,20,1258.0,NOT_EVALUABLE_LOSS_2PLUS_EVENTS,,,,,,,,,,,,4752.0,269.0,4483.0,326.0,11.0,315.0,,,,,,,,,,,,,,,,,,,,,,,,,
elsa,all_primary_wave_intervals,incident_heart_disease,full,mutually_adjusted_components,core,PASS_BASELINE_FREE_RISK_SET,25086,7291,21,21,1258.0,PASS,,,,,alcohol_loss,risk_ratio,1.3138708377960104,0.1274202130856027,1.0235107095533449,1.686603337217762,0.032166006697381,,,,,,,820.0,58.0,762.0,2508.0,147.0,2361.0,2084.0,86.0,1998.0,,,,,,,,,,,,,,,,
elsa,all_primary_wave_intervals,incident_heart_disease,full,mutually_adjusted_components,core,PASS_BASELINE_FREE_RISK_SET,25086,7291,21,21,1258.0,PASS,,,,,activity_loss,risk_ratio,1.0399464915607963,0.0865251856812862,0.8777293535001027,1.232143713773477,0.6507705239176089,,,,,,,820.0,58.0,762.0,2508.0,147.0,2361.0,2084.0,86.0,1998.0,,,,,,,,,,,,,,,,
elsa,all_primary_wave_intervals,incident_heart_disease,full,mutually_adjusted_components,core,PASS_BASELINE_FREE_RISK_SET,25086,7291,21,21,1258.0,PASS,,,,,work_loss,risk_ratio,1.2670745809370303,0.1184150374153974,1.0046322510982224,1.5980753075582728,0.0456091725547483,,,,,,,820.0,58.0,762.0,2508.0,147.0,2361.0,2084.0,86.0,1998.0,,,,,,,,,,,,,,,,
elsa,all_primary_wave_intervals,incident_hypertension,basic,any_withdrawal,core,PASS_BASELINE_FREE_RISK_SET,18909,5627,14,14,1224.0,PASS,3715.0,251.0,3464.0,,any_withdrawal,risk_ratio,1.1482349788641937,0.0689071054842413,1.0031755487520295,1.314270038107911,0.0448588666654789,,,,,,,,,,,,,,,,,,,,,,,,,,,,,,,
elsa,all_primary_wave_intervals,incident_hypertension,basic,score_categorical,core,PASS_BASELINE_FREE_RISK_SET,18909,5627,15,15,1224.0,PASS,,,,,loss_1,risk_ratio,1.0953345045518104,0.0720867545862617,0.9510129088780211,1.2615577198391563,0.2065182507043043,3492.0,225.0,3267.0,223.0,26.0,197.0,,,,,,,,,,,,,,,,,,,,,,,,,
elsa,all_primary_wave_intervals,incident_hypertension,basic,score_categorical,core,PASS_BASELINE_FREE_RISK_SET,18909,5627,15,15,1224.0,PASS,,,,,loss_2plus,risk_ratio,2.073306967425159,0.1880130402652665,1.4342558076951952,2.997095607429633,0.0001052489177028,3492.0,225.0,3267.0,223.0,26.0,197.0,,,,,,,,,,,,,,,,,,,,,,,,,
elsa,all_primary_wave_intervals,incident_hypertension,basic,mutually_adjusted_components,core,PASS_BASELINE_FREE_RISK_SET,18909,5627,16,16,1224.0,PASS,,,,,alcohol_loss,risk_ratio,1.2320847610921968,0.1418874620005588,0.9329658762315826,1.6271043745428546,0.1413078795558063,,,,,,,572.0,47.0,525.0,1714.0,134.0,1580.0,1658.0,97.0,1561.0,,,,,,,,,,,,,,,,
elsa,all_primary_wave_intervals,incident_hypertension,basic,mutually_adjusted_components,core,PASS_BASELINE_FREE_RISK_SET,18909,5627,16,16,1224.0,PASS,,,,,activity_loss,risk_ratio,1.2089490064607635,0.0881145460094473,1.0171962375934438,1.436849298302878,0.0312823286722698,,,,,,,572.0,47.0,525.0,1714.0,134.0,1580.0,1658.0,97.0,1561.0,,,,,,,,,,,,,,,,
elsa,all_primary_wave_intervals,incident_hypertension,basic,mutually_adjusted_components,core,PASS_BASELINE_FREE_RISK_SET,18909,5627,16,16,1224.0,PASS,,,,,work_loss,risk_ratio,1.1351566547038388,0.1089435903191225,0.9169018463900254,1.4053637647167334,0.2445716320107723,,,,,,,572.0,47.0,525.0,1714.0,134.0,1580.0,1658.0,97.0,1561.0,,,,,,,,,,,,,,,,
elsa,all_primary_wave_intervals,incident_hypertension,full,any_withdrawal,core,PASS_BASELINE_FREE_RISK_SET,17072,5149,19,19,1120.0,PASS,3345.0,233.0,3112.0,,any_withdrawal,risk_ratio,1.1272044731490043,0.0727043854014771,0.9774996678300508,1.2998366813849715,0.0995678642053673,,,,,,,,,,,,,,,,,,,,,,,,,,,,,,,
elsa,all_primary_wave_intervals,incident_hypertension,full,score_categorical,core,PASS_BASELINE_FREE_RISK_SET,17072,5149,20,20,1120.0,PASS,,,,,loss_1,risk_ratio,1.0811752778864163,0.0756885451774934,0.9321158654499272,1.2540715428639648,0.3024554531974015,3151.0,210.0,2941.0,194.0,23.0,171.0,,,,,,,,,,,,,,,,,,,,,,,,,
elsa,all_primary_wave_intervals,incident_hypertension,full,score_categorical,core,PASS_BASELINE_FREE_RISK_SET,17072,5149,20,20,1120.0,PASS,,,,,loss_2plus,risk_ratio,1.9894064638208449,0.2001924905949383,1.3437527552633337,2.945287414511432,0.0005906438415826,3151.0,210.0,2941.0,194.0,23.0,171.0,,,,,,,,,,,,,,,,,,,,,,,,,
elsa,all_primary_wave_intervals,incident_hypertension,full,mutually_adjusted_components,core,PASS_BASELINE_FREE_RISK_SET,17072,5149,21,21,1120.0,PASS,,,,,alcohol_loss,risk_ratio,1.2549550762348636,0.1445382501190443,0.94535951138502,1.6659400200673835,0.1161341477050552,,,,,,,515.0,45.0,470.0,1523.0,123.0,1400.0,1507.0,89.0,1418.0,,,,,,,,,,,,,,,,
elsa,all_primary_wave_intervals,incident_hypertension,full,mutually_adjusted_components,core,PASS_BASELINE_FREE_RISK_SET,17072,5149,21,21,1120.0,PASS,,,,,activity_loss,risk_ratio,1.1797325495389903,0.0925745504089506,0.9839747677081536,1.4144355466384926,0.0741874288077664,,,,,,,515.0,45.0,470.0,1523.0,123.0,1400.0,1507.0,89.0,1418.0,,,,,,,,,,,,,,,,
elsa,all_primary_wave_intervals,incident_hypertension,full,mutually_adjusted_components,core,PASS_BASELINE_FREE_RISK_SET,17072,5149,21,21,1120.0,PASS,,,,,work_loss,risk_ratio,1.1015891604901746,0.1150585754633846,0.8791877268655528,1.3802497935631657,0.4003987360921356,,,,,,,515.0,45.0,470.0,1523.0,123.0,1400.0,1507.0,89.0,1418.0,,,,,,,,,,,,,,,,
elsa,all_primary_wave_intervals,incident_any_iadl,basic,any_withdrawal,core,PASS_STRICT_COMPLETE_ITEM_COUNTS,31731,8984,14,14,1797.0,PASS,6296.0,519.0,5777.0,,any_withdrawal,risk_ratio,1.9996332987724823,0.0502044115150032,1.81224240216165,2.206400934439153,2.4498279936628733e-43,,,,,,,,,,,,,,,,,,,,,,,,,,,,,,,
elsa,all_primary_wave_intervals,incident_any_iadl,basic,score_categorical,core,PASS_STRICT_COMPLETE_ITEM_COUNTS,31731,8984,15,15,1797.0,PASS,,,,,loss_1,risk_ratio,1.9244592265675815,0.0513942621992375,1.7400504448301086,2.128411464003673,3.649685617962283e-37,5894.0,475.0,5419.0,402.0,44.0,358.0,,,,,,,,,,,,,,,,,,,,,,,,,
elsa,all_primary_wave_intervals,incident_any_iadl,basic,score_categorical,core,PASS_STRICT_COMPLETE_ITEM_COUNTS,31731,8984,15,15,1797.0,PASS,,,,,loss_2plus,risk_ratio,3.832825814032632,0.1507579294679511,2.852290139886187,5.150441575099052,4.997734917435133e-19,5894.0,475.0,5419.0,402.0,44.0,358.0,,,,,,,,,,,,,,,,,,,,,,,,,
elsa,all_primary_wave_intervals,incident_any_iadl,basic,mutually_adjusted_components,core,PASS_STRICT_COMPLETE_ITEM_COUNTS,31731,8984,16,16,1797.0,PASS,,,,,alcohol_loss,risk_ratio,1.9540498641711004,0.0806687388015158,1.668285161720874,2.288763911157983,1.00339809672644e-16,,,,,,,974.0,141.0,833.0,3126.0,352.0,2774.0,2606.0,71.0,2535.0,,,,,,,,,,,,,,,,
elsa,all_primary_wave_intervals,incident_any_iadl,basic,mutually_adjusted_components,core,PASS_STRICT_COMPLETE_ITEM_COUNTS,31731,8984,16,16,1797.0,PASS,,,,,activity_loss,risk_ratio,2.0228660338658524,0.0575571542020506,1.807067535311203,2.2644350092114656,1.8939233223751186e-34,,,,,,,974.0,141.0,833.0,3126.0,352.0,2774.0,2606.0,71.0,2535.0,,,,,,,,,,,,,,,,
elsa,all_primary_wave_intervals,incident_any_iadl,basic,mutually_adjusted_components,core,PASS_STRICT_COMPLETE_ITEM_COUNTS,31731,8984,16,16,1797.0,PASS,,,,,work_loss,risk_ratio,1.530232767144495,0.1260674764863901,1.1952222432254618,1.959143862085059,0.0007393892004082,,,,,,,974.0,141.0,833.0,3126.0,352.0,2774.0,2606.0,71.0,2535.0,,,,,,,,,,,,,,,,
elsa,all_primary_wave_intervals,incident_any_iadl,full,any_withdrawal,core,PASS_STRICT_COMPLETE_ITEM_COUNTS,28620,8215,19,19,1611.0,PASS,5644.0,466.0,5178.0,,any_withdrawal,risk_ratio,1.7181692655685723,0.05374847230277,1.5463762237219616,1.9090474749017072,7.480485748041213e-24,,,,,,,,,,,,,,,,,,,,,,,,,,,,,,,
elsa,all_primary_wave_intervals,incident_any_iadl,full,score_categorical,core,PASS_STRICT_COMPLETE_ITEM_COUNTS,28620,8215,20,20,1611.0,PASS,,,,,loss_1,risk_ratio,1.6705603525545163,0.0548875964220809,1.500174445601894,1.8602982471197664,8.82524189642971e-21,5288.0,427.0,4861.0,356.0,39.0,317.0,,,,,,,,,,,,,,,,,,,,,,,,,
elsa,all_primary_wave_intervals,incident_any_iadl,full,score_categorical,core,PASS_STRICT_COMPLETE_ITEM_COUNTS,28620,8215,20,20,1611.0,PASS,,,,,loss_2plus,risk_ratio,2.77117062710909,0.1603934339625543,2.023653388596126,3.794813226330043,2.0868404217552446e-10,5288.0,427.0,4861.0,356.0,39.0,317.0,,,,,,,,,,,,,,,,,,,,,,,,,
elsa,all_primary_wave_intervals,incident_any_iadl,full,mutually_adjusted_components,core,PASS_STRICT_COMPLETE_ITEM_COUNTS,28620,8215,21,21,1611.0,PASS,,,,,alcohol_loss,risk_ratio,1.6679000459313975,0.0845064986567859,1.4133117140733784,1.9683489038664572,1.4167700060193843e-09,,,,,,,885.0,128.0,757.0,2769.0,318.0,2451.0,2353.0,59.0,2294.0,,,,,,,,,,,,,,,,
elsa,all_primary_wave_intervals,incident_any_iadl,full,mutually_adjusted_components,core,PASS_STRICT_COMPLETE_ITEM_COUNTS,28620,8215,21,21,1611.0,PASS,,,,,activity_loss,risk_ratio,1.766931297854654,0.0607228519071991,1.5686724825046152,1.9902473245106769,6.952680026899567e-21,,,,,,,885.0,128.0,757.0,2769.0,318.0,2451.0,2353.0,59.0,2294.0,,,,,,,,,,,,,,,,
elsa,all_primary_wave_intervals,incident_any_iadl,full,mutually_adjusted_components,core,PASS_STRICT_COMPLETE_ITEM_COUNTS,28620,8215,21,21,1611.0,PASS,,,,,work_loss,risk_ratio,1.2458537875969546,0.1381327154079082,0.9503603227112069,1.6332243918197982,0.1115250148730229,,,,,,,885.0,128.0,757.0,2769.0,318.0,2451.0,2353.0,59.0,2294.0,,,,,,,,,,,,,,,,
elsa,all_primary_wave_intervals,iadl_count_increase,basic,any_withdrawal,core,PASS_STRICT_COMPLETE_ITEM_COUNTS,34101,9443,15,15,2194.0,PASS,7099.0,663.0,6436.0,,any_withdrawal,risk_ratio,1.8804628577590612,0.0450843794372912,1.7214280147724943,2.0541902008482853,1.4032151057356749e-44,,,,,,,,,,,,,,,,,,,,,,,,,,,,,,,
elsa,all_primary_wave_intervals,iadl_count_increase,basic,score_categorical,core,PASS_STRICT_COMPLETE_ITEM_COUNTS,34101,9443,16,16,2194.0,PASS,,,,,loss_1,risk_ratio,1.8165526551141424,0.0461743762108604,1.65937403682405,1.988619488779032,3.1300802861203503e-38,6625.0,608.0,6017.0,474.0,55.0,419.0,,,,,,,,,,,,,,,,,,,,,,,,,
elsa,all_primary_wave_intervals,iadl_count_increase,basic,score_categorical,core,PASS_STRICT_COMPLETE_ITEM_COUNTS,34101,9443,16,16,2194.0,PASS,,,,,loss_2plus,risk_ratio,3.4602469361346078,0.1335328450798861,2.6634449749579736,4.495421895929298,1.4563771780097843e-20,6625.0,608.0,6017.0,474.0,55.0,419.0,,,,,,,,,,,,,,,,,,,,,,,,,
elsa,all_primary_wave_intervals,iadl_count_increase,basic,mutually_adjusted_components,core,PASS_STRICT_COMPLETE_ITEM_COUNTS,34101,9443,17,17,2194.0,PASS,,,,,alcohol_loss,risk_ratio,1.7428067995381138,0.0714298799999704,1.515123455675216,2.0047049823822274,7.437361912418358e-15,,,,,,,1214.0,191.0,1023.0,3684.0,448.0,3236.0,2685.0,80.0,2605.0,,,,,,,,,,,,,,,,
elsa,all_primary_wave_intervals,iadl_count_increase,basic,mutually_adjusted_components,core,PASS_STRICT_COMPLETE_ITEM_COUNTS,34101,9443,17,17,2194.0,PASS,,,,,activity_loss,risk_ratio,1.9504357480521823,0.0513285473447432,1.7637649562970932,2.156863131733006,1.002410747264426e-38,,,,,,,1214.0,191.0,1023.0,3684.0,448.0,3236.0,2685.0,80.0,2605.0,,,,,,,,,,,,,,,,
elsa,all_primary_wave_intervals,iadl_count_increase,basic,mutually_adjusted_components,core,PASS_STRICT_COMPLETE_ITEM_COUNTS,34101,9443,17,17,2194.0,PASS,,,,,work_loss,risk_ratio,1.491415098790401,0.1181897649267175,1.1830285489576144,1.8801904644311964,0.0007194326863731,,,,,,,1214.0,191.0,1023.0,3684.0,448.0,3236.0,2685.0,80.0,2605.0,,,,,,,,,,,,,,,,
elsa,all_primary_wave_intervals,iadl_count_increase,full,any_withdrawal,core,PASS_STRICT_COMPLETE_ITEM_COUNTS,30732,8626,20,20,1963.0,PASS,6362.0,594.0,5768.0,,any_withdrawal,risk_ratio,1.6647114142929158,0.0478634334877895,1.515645131733059,1.8284386198689715,1.7807371169887192e-26,,,,,,,,,,,,,,,,,,,,,,,,,,,,,,,
elsa,all_primary_wave_intervals,iadl_count_increase,full,score_categorical,core,PASS_STRICT_COMPLETE_ITEM_COUNTS,30732,8626,21,21,1963.0,PASS,,,,,loss_1,risk_ratio,1.6192403245663496,0.0489983945595332,1.47096995299972,1.782456006905422,7.863903585272417e-23,5942.0,544.0,5398.0,420.0,50.0,370.0,,,,,,,,,,,,,,,,,,,,,,,,,
elsa,all_primary_wave_intervals,iadl_count_increase,full,score_categorical,core,PASS_STRICT_COMPLETE_ITEM_COUNTS,30732,8626,21,21,1963.0,PASS,,,,,loss_2plus,risk_ratio,2.6938362707178536,0.1382886861156547,2.0542800714089537,3.5325046250669887,7.726328024648236e-13,5942.0,544.0,5398.0,420.0,50.0,370.0,,,,,,,,,,,,,,,,,,,,,,,,,
elsa,all_primary_wave_intervals,iadl_count_increase,full,mutually_adjusted_components,core,PASS_STRICT_COMPLETE_ITEM_COUNTS,30732,8626,22,22,1963.0,PASS,,,,,alcohol_loss,risk_ratio,1.505224225287021,0.0747080235217775,1.30019836143436,1.7425802366735983,4.403166111524192e-08,,,,,,,1094.0,169.0,925.0,3270.0,407.0,2863.0,2427.0,68.0,2359.0,,,,,,,,,,,,,,,,
elsa,all_primary_wave_intervals,iadl_count_increase,full,mutually_adjusted_components,core,PASS_STRICT_COMPLETE_ITEM_COUNTS,30732,8626,22,22,1963.0,PASS,,,,,activity_loss,risk_ratio,1.766992758549096,0.0540802916947129,1.5892841125660406,1.9645722146707751,6.517716371281813e-26,,,,,,,1094.0,169.0,925.0,3270.0,407.0,2863.0,2427.0,68.0,2359.0,,,,,,,,,,,,,,,,
elsa,all_primary_wave_intervals,iadl_count_increase,full,mutually_adjusted_components,core,PASS_STRICT_COMPLETE_ITEM_COUNTS,30732,8626,22,22,1963.0,PASS,,,,,work_loss,risk_ratio,1.270180128285714,0.1282038096753868,0.9879569787717268,1.6330241022212455,0.0621173418512509,,,,,,,1094.0,169.0,925.0,3270.0,407.0,2863.0,2427.0,68.0,2359.0,,,,,,,,,,,,,,,,
elsa,all_primary_wave_intervals,word_recall_change,basic,any_withdrawal,core,PASS_BASELINE_ADJUSTED_CHANGE_CANDIDATE,33448,9317,15,15,,PASS,6919.0,,,,any_withdrawal,mean_difference,-0.3319411407778418,0.0383254232888787,-0.4070575901162969,-0.2568246914393867,4.6714603455424624e-18,,,,,,,,,,,,,,,,-0.1083916799257006,0.0125147398252914,-0.132920119259161,-0.0838632405922402,,,,,,,,,,,,
elsa,all_primary_wave_intervals,word_recall_change,basic,score_categorical,core,PASS_BASELINE_ADJUSTED_CHANGE_CANDIDATE,33448,9317,16,16,,PASS,,,,,loss_1,mean_difference,-0.2937198164529583,0.0390029793083647,-0.3701642511871141,-0.2172753817188025,5.0468228139316725e-14,6456.0,,,463.0,,,,,,,,,,,,-0.0959109324568839,0.0127359881918656,-0.1208730106204679,-0.0709488542932999,,,,,,,,,,,,
elsa,all_primary_wave_intervals,word_recall_change,basic,score_categorical,core,PASS_BASELINE_ADJUSTED_CHANGE_CANDIDATE,33448,9317,16,16,,PASS,,,,,loss_2plus,mean_difference,-0.9069144158075796,0.136358749617096,-1.1741726540340025,-0.6396561775811563,2.9121896064359706e-11,6456.0,,,463.0,,,,,,,,,,,,-0.2961427946167404,0.0445264299234813,-0.3834129936269103,-0.2088725956065704,,,,,,,,,,,,
elsa,all_primary_wave_intervals,word_recall_change,basic,mutually_adjusted_components,core,PASS_BASELINE_ADJUSTED_CHANGE_CANDIDATE,33448,9317,17,17,,PASS,,,,,alcohol_loss,mean_difference,-0.5576987881441048,0.0867567930544944,-0.7277389779451086,-0.387658598343101,1.2903795211071974e-10,,,,,,,1171.0,,,3579.0,,,2642.0,,,-0.1821103235284843,0.0283294638383996,-0.2376350523530775,-0.1265855947038911,,,,,,,,,,,,
elsa,all_primary_wave_intervals,word_recall_change,basic,mutually_adjusted_components,core,PASS_BASELINE_ADJUSTED_CHANGE_CANDIDATE,33448,9317,17,17,,PASS,,,,,activity_loss,mean_difference,-0.3263586139297862,0.0506183377673411,-0.4255687329110585,-0.2271484949485139,1.1375639340223911e-10,,,,,,,1171.0,,,3579.0,,,2642.0,,,-0.1065687680026014,0.01652885403958,-0.1389647266258978,-0.0741728093793051,,,,,,,,,,,,
elsa,all_primary_wave_intervals,word_recall_change,basic,mutually_adjusted_components,core,PASS_BASELINE_ADJUSTED_CHANGE_CANDIDATE,33448,9317,17,17,,PASS,,,,,work_loss,mean_difference,-0.2144059092635206,0.057924414607012,-0.3279356757188302,-0.1008761428082111,0.0002143477846946,,,,,,,1171.0,,,3579.0,,,2642.0,,,-0.0700118600442602,0.0189145720028987,-0.1070837399529313,-0.032939980135589,,,,,,,,,,,,
elsa,all_primary_wave_intervals,word_recall_change,full,any_withdrawal,core,PASS_BASELINE_ADJUSTED_CHANGE_CANDIDATE,30145,8513,20,20,,PASS,6199.0,,,,any_withdrawal,mean_difference,-0.191233749264065,0.0406648574906578,-0.2709354053822082,-0.1115320931459218,2.5677062289715994e-06,,,,,,,,,,,,,,,,-0.0624107168711203,0.0132713128159685,-0.0884220120179835,-0.0363994217242571,,,,,,,,,,,,
elsa,all_primary_wave_intervals,word_recall_change,full,score_categorical,core,PASS_BASELINE_ADJUSTED_CHANGE_CANDIDATE,30145,8513,21,21,,PASS,,,,,loss_1,mean_difference,-0.1618320417656019,0.0412507525942238,-0.2426820311854529,-0.080982052345751,8.740616139392681e-05,5789.0,,,410.0,,,,,,,,,,,,-0.0528152262776674,0.0134625245323395,-0.0792012895020397,-0.026429163053295,,,,,,,,,,,,
elsa,all_primary_wave_intervals,word_recall_change,full,score_categorical,core,PASS_BASELINE_ADJUSTED_CHANGE_CANDIDATE,30145,8513,21,21,,PASS,,,,,loss_2plus,mean_difference,-0.661685963843676,0.1439063631833566,-0.9437372528291956,-0.3796346748581562,4.2650190783061e-06,5789.0,,,410.0,,,,,,,,,,,,-0.2159466909264957,0.046965032705536,-0.307996463562092,-0.1238969182908994,,,,,,,,,,,,
elsa,all_primary_wave_intervals,word_recall_change,full,mutually_adjusted_components,core,PASS_BASELINE_ADJUSTED_CHANGE_CANDIDATE,30145,8513,22,22,,PASS,,,,,alcohol_loss,mean_difference,-0.3776937432792964,0.0921336634315111,-0.5582724053687933,-0.1971150811897995,4.1420310661168367e-05,,,,,,,1055.0,,,3174.0,,,2389.0,,,-0.1232634792054838,0.0300685836305132,-0.1821968201874203,-0.0643301382235472,,,,,,,,,,,,
elsa,all_primary_wave_intervals,word_recall_change,full,mutually_adjusted_components,core,PASS_BASELINE_ADJUSTED_CHANGE_CANDIDATE,30145,8513,22,22,,PASS,,,,,activity_loss,mean_difference,-0.2027789439753785,0.0534767499899818,-0.3075914479659956,-0.0979664399847614,0.0001494939845519,,,,,,,1055.0,,,3174.0,,,2389.0,,,-0.0661785867221411,0.0174525799742796,-0.1003850149090343,-0.0319721585352479,,,,,,,,,,,,
elsa,all_primary_wave_intervals,word_recall_change,full,mutually_adjusted_components,core,PASS_BASELINE_ADJUSTED_CHANGE_CANDIDATE,30145,8513,22,22,,PASS,,,,,work_loss,mean_difference,-0.1069282859520436,0.0606025820263416,-0.2257071640938078,0.0118505921897204,0.0776616315797453,,,,,,,1055.0,,,3174.0,,,2389.0,,,-0.0348969311418568,0.019778154238257,-0.0736614011295189,0.0038675388458052,,,,,,,,,,,,
hrs,comparable_22_30_months,incident_diabetes,basic,any_withdrawal,core,PASS_BASELINE_FREE_RISK_SET,48433,15060,13,13,1697.0,PASS,13313.0,543.0,12770.0,,any_withdrawal,risk_ratio,1.3335416546316767,0.051544537958802,1.205401688953869,1.475303511629514,2.34692141089559e-08,,,,,,,,,,,,,,,,,,,,,,,,,,,,,,,
hrs,comparable_22_30_months,incident_diabetes,basic,score_categorical,core,PASS_BASELINE_FREE_RISK_SET,48433,15060,14,14,1697.0,PASS,,,,,loss_1,risk_ratio,1.2790970477107968,0.0537800060633195,1.1511339759205317,1.4212848301642207,4.715527672988594e-06,12067.0,476.0,11591.0,1246.0,67.0,1179.0,,,,,,,,,,,,,,,,,,,,,,,,,
hrs,comparable_22_30_months,incident_diabetes,basic,score_categorical,core,PASS_BASELINE_FREE_RISK_SET,48433,15060,14,14,1697.0,PASS,,,,,loss_2plus,risk_ratio,1.9780816005001187,0.1246981267186108,1.5491767318531708,2.5257330153393776,4.4945085589206965e-08,12067.0,476.0,11591.0,1246.0,67.0,1179.0,,,,,,,,,,,,,,,,,,,,,,,,,
hrs,comparable_22_30_months,incident_diabetes,basic,mutually_adjusted_components,core,PASS_BASELINE_FREE_RISK_SET,48433,15060,15,15,1697.0,PASS,,,,,alcohol_loss,risk_ratio,1.3685624878870528,0.0836004069509509,1.1617263404438547,1.6122241685042678,0.0001746592812486,,,,,,,3526.0,153.0,3373.0,6659.0,286.0,6373.0,4436.0,173.0,4263.0,,,,,,,,,,,,,,,,
hrs,comparable_22_30_months,incident_diabetes,basic,mutually_adjusted_components,core,PASS_BASELINE_FREE_RISK_SET,48433,15060,15,15,1697.0,PASS,,,,,activity_loss,risk_ratio,1.3624579601494735,0.0640639909280357,1.2016880506948175,1.544736749359665,1.380252207836942e-06,,,,,,,3526.0,153.0,3373.0,6659.0,286.0,6373.0,4436.0,173.0,4263.0,,,,,,,,,,,,,,,,
hrs,comparable_22_30_months,incident_diabetes,basic,mutually_adjusted_components,core,PASS_BASELINE_FREE_RISK_SET,48433,15060,15,15,1697.0,PASS,,,,,work_loss,risk_ratio,1.2148635001526462,0.0824227518483995,1.0336395315653788,1.4278607569971666,0.0182068922856021,,,,,,,3526.0,153.0,3373.0,6659.0,286.0,6373.0,4436.0,173.0,4263.0,,,,,,,,,,,,,,,,
hrs,comparable_22_30_months,incident_diabetes,full,any_withdrawal,core,PASS_BASELINE_FREE_RISK_SET,48067,14955,18,18,1689.0,PASS,13210.0,542.0,12668.0,,any_withdrawal,risk_ratio,1.2358394706333176,0.0529565492344895,1.114000447518405,1.3710041145652274,6.372631746717624e-05,,,,,,,,,,,,,,,,,,,,,,,,,,,,,,,
hrs,comparable_22_30_months,incident_diabetes,full,score_categorical,core,PASS_BASELINE_FREE_RISK_SET,48067,14955,19,19,1689.0,PASS,,,,,loss_1,risk_ratio,1.1943312534205748,0.0549940331644915,1.0722937909269292,1.3302577660774355,0.0012413960274237,11977.0,475.0,11502.0,1233.0,67.0,1166.0,,,,,,,,,,,,,,,,,,,,,,,,,
hrs,comparable_22_30_months,incident_diabetes,full,score_categorical,core,PASS_BASELINE_FREE_RISK_SET,48067,14955,19,19,1689.0,PASS,,,,,loss_2plus,risk_ratio,1.722332388605591,0.1266849750428367,1.3436387565642731,2.2077577342477768,1.7740180573248706e-05,11977.0,475.0,11502.0,1233.0,67.0,1166.0,,,,,,,,,,,,,,,,,,,,,,,,,
hrs,comparable_22_30_months,incident_diabetes,full,mutually_adjusted_components,core,PASS_BASELINE_FREE_RISK_SET,48067,14955,20,20,1689.0,PASS,,,,,alcohol_loss,risk_ratio,1.2617044251408112,0.0846747878365991,1.068765229157678,1.4894740332023353,0.0060442920292833,,,,,,,3498.0,153.0,3345.0,6608.0,285.0,6323.0,4399.0,173.0,4226.0,,,,,,,,,,,,,,,,
hrs,comparable_22_30_months,incident_diabetes,full,mutually_adjusted_components,core,PASS_BASELINE_FREE_RISK_SET,48067,14955,20,20,1689.0,PASS,,,,,activity_loss,risk_ratio,1.265453968879133,0.0650749968920231,1.1139210589344255,1.437600747833801,0.0002970719473536,,,,,,,3498.0,153.0,3345.0,6608.0,285.0,6323.0,4399.0,173.0,4226.0,,,,,,,,,,,,,,,,
hrs,comparable_22_30_months,incident_diabetes,full,mutually_adjusted_components,core,PASS_BASELINE_FREE_RISK_SET,48067,14955,20,20,1689.0,PASS,,,,,work_loss,risk_ratio,1.159712436070416,0.0829581530341915,0.9856805943075116,1.3644713532391888,0.0740820586908904,,,,,,,3498.0,153.0,3345.0,6608.0,285.0,6323.0,4399.0,173.0,4226.0,,,,,,,,,,,,,,,,
hrs,comparable_22_30_months,incident_diabetes,full,work_exit_phenotype,enrichment,PASS_BASELINE_FREE_RISK_SET,18510,7679,19,19,697.0,PASS,,,,,work_exit_retirement,risk_ratio,1.0469928344266854,0.0953350502254218,0.8685490858372541,1.262097920791809,0.6300250808503709,,,,,,,,,,,,,,,,,,,,,,,,,,3546.0,138.0,3408.0,844.0,34.0,810.0
hrs,comparable_22_30_months,incident_diabetes,full,work_exit_phenotype,enrichment,PASS_BASELINE_FREE_RISK_SET,18510,7679,19,19,697.0,PASS,,,,,work_exit_no_retirement,risk_ratio,0.8767428225909422,0.176352546624561,0.6205269662722209,1.2387503182698405,0.4557270995262047,,,,,,,,,,,,,,,,,,,,,,,,,,3546.0,138.0,3408.0,844.0,34.0,810.0
hrs,comparable_22_30_months,incident_stroke,basic,any_withdrawal,core,PASS_BASELINE_FREE_RISK_SET,58335,17698,13,13,1115.0,PASS,16637.0,388.0,16249.0,,any_withdrawal,risk_ratio,1.3581863370481042,0.0627990871013922,1.2008940067786695,1.5360807163093186,1.0876734731914995e-06,,,,,,,,,,,,,,,,,,,,,,,,,,,,,,,
hrs,comparable_22_30_months,incident_stroke,basic,score_categorical,core,PASS_BASELINE_FREE_RISK_SET,58335,17698,14,14,1115.0,PASS,,,,,loss_1,risk_ratio,1.3010478974710906,0.0654003117805661,1.1445227742466344,1.4789794223432189,5.722103868233896e-05,15024.0,340.0,14684.0,1613.0,48.0,1565.0,,,,,,,,,,,,,,,,,,,,,,,,,
hrs,comparable_22_30_months,incident_stroke,basic,score_categorical,core,PASS_BASELINE_FREE_RISK_SET,58335,17698,14,14,1115.0,PASS,,,,,loss_2plus,risk_ratio,2.060747539059563,0.1505343534960443,1.5342273338309285,2.767960344661691,1.5603479323340958e-06,15024.0,340.0,14684.0,1613.0,48.0,1565.0,,,,,,,,,,,,,,,,,,,,,,,,,
hrs,comparable_22_30_months,incident_stroke,basic,mutually_adjusted_components,core,PASS_BASELINE_FREE_RISK_SET,58335,17698,15,15,1115.0,PASS,,,,,alcohol_loss,risk_ratio,1.4279909439994414,0.0974812924771468,1.1796392834333054,1.72862854330309,0.0002574453823559,,,,,,,4441.0,117.0,4324.0,8474.0,233.0,8241.0,5417.0,92.0,5325.0,,,,,,,,,,,,,,,,
hrs,comparable_22_30_months,incident_stroke,basic,mutually_adjusted_components,core,PASS_BASELINE_FREE_RISK_SET,58335,17698,15,15,1115.0,PASS,,,,,activity_loss,risk_ratio,1.3753556050788196,0.0733959036346398,1.1910782529944186,1.5881433782089127,1.4095258378480612e-05,,,,,,,4441.0,117.0,4324.0,8474.0,233.0,8241.0,5417.0,92.0,5325.0,,,,,,,,,,,,,,,,
hrs,comparable_22_30_months,incident_stroke,basic,mutually_adjusted_components,core,PASS_BASELINE_FREE_RISK_SET,58335,17698,15,15,1115.0,PASS,,,,,work_loss,risk_ratio,1.2596583172439797,0.1126993324238844,1.010003579357595,1.5710232207406312,0.0405319469596208,,,,,,,4441.0,117.0,4324.0,8474.0,233.0,8241.0,5417.0,92.0,5325.0,,,,,,,,,,,,,,,,
hrs,comparable_22_30_months,incident_stroke,full,any_withdrawal,core,PASS_BASELINE_FREE_RISK_SET,57907,17573,18,18,1108.0,PASS,16514.0,385.0,16129.0,,any_withdrawal,risk_ratio,1.241465077290867,0.0635770172891061,1.096017912585049,1.4062138222701916,0.0006688238305421,,,,,,,,,,,,,,,,,,,,,,,,,,,,,,,
hrs,comparable_22_30_months,incident_stroke,full,score_categorical,core,PASS_BASELINE_FREE_RISK_SET,57907,17573,19,19,1108.0,PASS,,,,,loss_1,risk_ratio,1.2015821209394757,0.0660131304914471,1.0557545919283162,1.367552274363624,0.0054048765141938,14917.0,338.0,14579.0,1597.0,47.0,1550.0,,,,,,,,,,,,,,,,,,,,,,,,,
hrs,comparable_22_30_months,incident_stroke,full,score_categorical,core,PASS_BASELINE_FREE_RISK_SET,57907,17573,19,19,1108.0,PASS,,,,,loss_2plus,risk_ratio,1.721192887326481,0.1531633711396604,1.2748428274163333,2.3238197616777936,0.0003920937133164,14917.0,338.0,14579.0,1597.0,47.0,1550.0,,,,,,,,,,,,,,,,,,,,,,,,,
hrs,comparable_22_30_months,incident_stroke,full,mutually_adjusted_components,core,PASS_BASELINE_FREE_RISK_SET,57907,17573,20,20,1108.0,PASS,,,,,alcohol_loss,risk_ratio,1.3004839428232329,0.098205967364264,1.0727831001200234,1.5765148475510498,0.007464872162514,,,,,,,4406.0,116.0,4290.0,8416.0,230.0,8186.0,5371.0,92.0,5279.0,,,,,,,,,,,,,,,,
hrs,comparable_22_30_months,incident_stroke,full,mutually_adjusted_components,core,PASS_BASELINE_FREE_RISK_SET,57907,17573,20,20,1108.0,PASS,,,,,activity_loss,risk_ratio,1.253014709530504,0.0744698025214758,1.0828476503758238,1.449923137160521,0.0024554596548588,,,,,,,4406.0,116.0,4290.0,8416.0,230.0,8186.0,5371.0,92.0,5279.0,,,,,,,,,,,,,,,,
hrs,comparable_22_30_months,incident_stroke,full,mutually_adjusted_components,core,PASS_BASELINE_FREE_RISK_SET,57907,17573,20,20,1108.0,PASS,,,,,work_loss,risk_ratio,1.2076903747273922,0.1127178620765684,0.9683001226133884,1.5062644392450708,0.0940956402315226,,,,,,,4406.0,116.0,4290.0,8416.0,230.0,8186.0,5371.0,92.0,5279.0,,,,,,,,,,,,,,,,
hrs,comparable_22_30_months,incident_stroke,full,work_exit_phenotype,enrichment,PASS_BASELINE_FREE_RISK_SET,22414,9127,19,19,308.0,PASS,,,,,work_exit_retirement,risk_ratio,1.0267192608373712,0.1397300614140781,0.7807522875878865,1.350175282651062,0.850319691695562,,,,,,,,,,,,,,,,,,,,,,,,,,4326.0,71.0,4255.0,1033.0,21.0,1012.0
hrs,comparable_22_30_months,incident_stroke,full,work_exit_phenotype,enrichment,PASS_BASELINE_FREE_RISK_SET,22414,9127,19,19,308.0,PASS,,,,,work_exit_no_retirement,risk_ratio,1.4020566856558687,0.2280050421071522,0.8967829216737009,2.192016487249266,0.1382974159784215,,,,,,,,,,,,,,,,,,,,,,,,,,4326.0,71.0,4255.0,1033.0,21.0,1012.0
hrs,comparable_22_30_months,incident_any_adl,basic,any_withdrawal,core,PASS_STRICT_COMPLETE_ITEM_COUNTS,54807,17320,13,13,5070.0,PASS,14915.0,1878.0,13037.0,,any_withdrawal,risk_ratio,1.6970260099149514,0.0274157312615224,1.6082449114099395,1.790708155142285,6.390493396608405e-83,,,,,,,,,,,,,,,,,,,,,,,,,,,,,,,
hrs,comparable_22_30_months,incident_any_adl,basic,score_categorical,core,PASS_STRICT_COMPLETE_ITEM_COUNTS,54807,17320,14,14,5070.0,PASS,,,,,loss_1,risk_ratio,1.6372129691746409,0.0282407881724896,1.5490540579682213,1.7303891317707862,3.0528870270001907e-68,13505.0,1681.0,11824.0,1410.0,197.0,1213.0,,,,,,,,,,,,,,,,,,,,,,,,,
hrs,comparable_22_30_months,incident_any_adl,basic,score_categorical,core,PASS_STRICT_COMPLETE_ITEM_COUNTS,54807,17320,14,14,5070.0,PASS,,,,,loss_2plus,risk_ratio,2.604723119493013,0.0694247648470145,2.27335415609649,2.9843931316319945,2.951737538538392e-43,13505.0,1681.0,11824.0,1410.0,197.0,1213.0,,,,,,,,,,,,,,,,,,,,,,,,,
hrs,comparable_22_30_months,incident_any_adl,basic,mutually_adjusted_components,core,PASS_STRICT_COMPLETE_ITEM_COUNTS,54807,17320,15,15,5070.0,PASS,,,,,alcohol_loss,risk_ratio,1.6800865439856565,0.0428323670754925,1.5448014789811004,1.827219117593944,8.970481725923124e-34,,,,,,,3958.0,531.0,3427.0,7325.0,1143.0,6182.0,5107.0,409.0,4698.0,,,,,,,,,,,,,,,,
hrs,comparable_22_30_months,incident_any_adl,basic,mutually_adjusted_components,core,PASS_STRICT_COMPLETE_ITEM_COUNTS,54807,17320,15,15,5070.0,PASS,,,,,activity_loss,risk_ratio,1.710345295347457,0.0313163793144197,1.6085228954786133,1.8186132367402623,7.746811385467488e-66,,,,,,,3958.0,531.0,3427.0,7325.0,1143.0,6182.0,5107.0,409.0,4698.0,,,,,,,,,,,,,,,,
hrs,comparable_22_30_months,incident_any_adl,basic,mutually_adjusted_components,core,PASS_STRICT_COMPLETE_ITEM_COUNTS,54807,17320,15,15,5070.0,PASS,,,,,work_loss,risk_ratio,1.3568129487577714,0.0512146845546226,1.227229994083677,1.5000785401201957,2.552996302478261e-09,,,,,,,3958.0,531.0,3427.0,7325.0,1143.0,6182.0,5107.0,409.0,4698.0,,,,,,,,,,,,,,,,
hrs,comparable_22_30_months,incident_any_adl,full,any_withdrawal,core,PASS_STRICT_COMPLETE_ITEM_COUNTS,54427,17198,18,18,5028.0,PASS,14815.0,1858.0,12957.0,,any_withdrawal,risk_ratio,1.4933582831660226,0.0278659606182388,1.413983906531416,1.5771883623280978,5.868039652214835e-47,,,,,,,,,,,,,,,,,,,,,,,,,,,,,,,
hrs,comparable_22_30_months,incident_any_adl,full,score_categorical,core,PASS_STRICT_COMPLETE_ITEM_COUNTS,54427,17198,19,19,5028.0,PASS,,,,,loss_1,risk_ratio,1.4550521136887071,0.0285286087066957,1.3759256042298431,1.5387290177909272,1.7903343912859925e-39,13419.0,1663.0,11756.0,1396.0,195.0,1201.0,,,,,,,,,,,,,,,,,,,,,,,,,
hrs,comparable_22_30_months,incident_any_adl,full,score_categorical,core,PASS_STRICT_COMPLETE_ITEM_COUNTS,54427,17198,19,19,5028.0,PASS,,,,,loss_2plus,risk_ratio,2.040885047530724,0.0717232561558613,1.7732403191118595,2.3489268388171216,2.6164100291739025e-23,13419.0,1663.0,11756.0,1396.0,195.0,1201.0,,,,,,,,,,,,,,,,,,,,,,,,,
hrs,comparable_22_30_months,incident_any_adl,full,mutually_adjusted_components,core,PASS_STRICT_COMPLETE_ITEM_COUNTS,54427,17198,20,20,5028.0,PASS,,,,,alcohol_loss,risk_ratio,1.4552814167561057,0.0435152473313075,1.3363085218086377,1.5848465884878478,6.565178353769524e-18,,,,,,,3928.0,524.0,3404.0,7278.0,1132.0,6146.0,5070.0,405.0,4665.0,,,,,,,,,,,,,,,,
hrs,comparable_22_30_months,incident_any_adl,full,mutually_adjusted_components,core,PASS_STRICT_COMPLETE_ITEM_COUNTS,54427,17198,20,20,5028.0,PASS,,,,,activity_loss,risk_ratio,1.5153896347641094,0.0315671890322648,1.4244731655296925,1.6121088137849051,1.3433712447970216e-39,,,,,,,3928.0,524.0,3404.0,7278.0,1132.0,6146.0,5070.0,405.0,4665.0,,,,,,,,,,,,,,,,
hrs,comparable_22_30_months,incident_any_adl,full,mutually_adjusted_components,core,PASS_STRICT_COMPLETE_ITEM_COUNTS,54427,17198,20,20,5028.0,PASS,,,,,work_loss,risk_ratio,1.2511384031519106,0.0516437124980004,1.1306967581707372,1.3844094736540689,1.4348865667080023e-05,,,,,,,3928.0,524.0,3404.0,7278.0,1132.0,6146.0,5070.0,405.0,4665.0,,,,,,,,,,,,,,,,
hrs,comparable_22_30_months,incident_any_adl,full,work_exit_phenotype,enrichment,PASS_STRICT_COMPLETE_ITEM_COUNTS,21712,9001,19,19,1247.0,PASS,,,,,work_exit_retirement,risk_ratio,1.1174583440134374,0.0671605032706718,0.9796348323252568,1.2746720608548736,0.0982083206058831,,,,,,,,,,,,,,,,,,,,,,,,,,4165.0,306.0,3859.0,893.0,98.0,795.0
hrs,comparable_22_30_months,incident_any_adl,full,work_exit_phenotype,enrichment,PASS_STRICT_COMPLETE_ITEM_COUNTS,21712,9001,19,19,1247.0,PASS,,,,,work_exit_no_retirement,risk_ratio,1.5770239232665746,0.1032119042072602,1.2882025349548183,1.9306004972597937,1.0165016871167015e-05,,,,,,,,,,,,,,,,,,,,,,,,,,4165.0,306.0,3859.0,893.0,98.0,795.0
hrs,comparable_22_30_months,multimorbidity_progression,basic,any_withdrawal,core,PASS_STRICT_COMMON_SIX,63473,19092,14,14,10020.0,PASS,18511.0,3082.0,15429.0,,any_withdrawal,risk_ratio,1.1581354106734003,0.0200452016922206,1.113516954470138,1.204541721678488,2.4066429951854056e-13,,,,,,,,,,,,,,,,,,,,,,,,,,,,,,,
hrs,comparable_22_30_months,multimorbidity_progression,basic,score_categorical,core,PASS_STRICT_COMMON_SIX,63473,19092,15,15,10020.0,PASS,,,,,loss_1,risk_ratio,1.1418286751249942,0.0206793784143493,1.096474728605338,1.1890586160576946,1.420408932203221e-10,16704.0,2757.0,13947.0,1807.0,325.0,1482.0,,,,,,,,,,,,,,,,,,,,,,,,,
hrs,comparable_22_30_months,multimorbidity_progression,basic,score_categorical,core,PASS_STRICT_COMMON_SIX,63473,19092,15,15,10020.0,PASS,,,,,loss_2plus,risk_ratio,1.3342795913844865,0.0522666717637311,1.204362907944917,1.4782106093112726,3.4347633453917085e-08,16704.0,2757.0,13947.0,1807.0,325.0,1482.0,,,,,,,,,,,,,,,,,,,,,,,,,
hrs,comparable_22_30_months,multimorbidity_progression,basic,mutually_adjusted_components,core,PASS_STRICT_COMMON_SIX,63473,19092,16,16,10020.0,PASS,,,,,alcohol_loss,risk_ratio,1.1748700136027583,0.0324377565300024,1.1025003879461484,1.251990079962101,6.75745310181493e-07,,,,,,,4996.0,864.0,4132.0,9571.0,1594.0,7977.0,5840.0,966.0,4874.0,,,,,,,,,,,,,,,,
hrs,comparable_22_30_months,multimorbidity_progression,basic,mutually_adjusted_components,core,PASS_STRICT_COMMON_SIX,63473,19092,16,16,10020.0,PASS,,,,,activity_loss,risk_ratio,1.1375474407909076,0.0251280325240918,1.0828804113406174,1.1949742247603687,2.917229067610574e-07,,,,,,,4996.0,864.0,4132.0,9571.0,1594.0,7977.0,5840.0,966.0,4874.0,,,,,,,,,,,,,,,,
hrs,comparable_22_30_months,multimorbidity_progression,basic,mutually_adjusted_components,core,PASS_STRICT_COMMON_SIX,63473,19092,16,16,10020.0,PASS,,,,,work_loss,risk_ratio,1.1287303348649813,0.0319977891236948,1.060116586440044,1.2017849594474457,0.0001540610580048,,,,,,,4996.0,864.0,4132.0,9571.0,1594.0,7977.0,5840.0,966.0,4874.0,,,,,,,,,,,,,,,,
hrs,comparable_22_30_months,multimorbidity_progression,full,any_withdrawal,core,PASS_STRICT_COMMON_SIX,63016,18958,18,18,9949.0,PASS,18373.0,3062.0,15311.0,,any_withdrawal,risk_ratio,1.1449011626721035,0.020338703177744,1.1001595192049214,1.1914623737794328,2.867063565849375e-11,,,,,,,,,,,,,,,,,,,,,,,,,,,,,,,
hrs,comparable_22_30_months,multimorbidity_progression,full,score_categorical,core,PASS_STRICT_COMMON_SIX,63016,18958,19,19,9949.0,PASS,,,,,loss_1,risk_ratio,1.1299697008077874,0.0209376827863327,1.0845375931680623,1.177304994116308,5.349184475839893e-09,16583.0,2739.0,13844.0,1790.0,323.0,1467.0,,,,,,,,,,,,,,,,,,,,,,,,,
hrs,comparable_22_30_months,multimorbidity_progression,full,score_categorical,core,PASS_STRICT_COMMON_SIX,63016,18958,19,19,9949.0,PASS,,,,,loss_2plus,risk_ratio,1.3121595656423497,0.0526621118955963,1.1834790648322293,1.4548315866920702,2.4851241167961864e-07,16583.0,2739.0,13844.0,1790.0,323.0,1467.0,,,,,,,,,,,,,,,,,,,,,,,,,
hrs,comparable_22_30_months,multimorbidity_progression,full,mutually_adjusted_components,core,PASS_STRICT_COMMON_SIX,63016,18958,20,20,9949.0,PASS,,,,,alcohol_loss,risk_ratio,1.1624242808903749,0.0326022039621205,1.0904697601979438,1.239126712287948,3.9028637246540615e-06,,,,,,,4956.0,860.0,4096.0,9503.0,1580.0,7923.0,5793.0,962.0,4831.0,,,,,,,,,,,,,,,,
hrs,comparable_22_30_months,multimorbidity_progression,full,mutually_adjusted_components,core,PASS_STRICT_COMMON_SIX,63016,18958,20,20,9949.0,PASS,,,,,activity_loss,risk_ratio,1.121193311649796,0.0253900915578566,1.0667641524926226,1.1783995920287824,6.623505132866172e-06,,,,,,,4956.0,860.0,4096.0,9503.0,1580.0,7923.0,5793.0,962.0,4831.0,,,,,,,,,,,,,,,,
hrs,comparable_22_30_months,multimorbidity_progression,full,mutually_adjusted_components,core,PASS_STRICT_COMMON_SIX,63016,18958,20,20,9949.0,PASS,,,,,work_loss,risk_ratio,1.1283059296034088,0.0321731466340219,1.0593538235519022,1.2017460478971305,0.0001753493298548,,,,,,,4956.0,860.0,4096.0,9503.0,1580.0,7923.0,5793.0,962.0,4831.0,,,,,,,,,,,,,,,,
hrs,comparable_22_30_months,multimorbidity_progression,full,work_exit_phenotype,enrichment,PASS_STRICT_COMMON_SIX,23532,9521,19,19,3754.0,PASS,,,,,work_exit_retirement,risk_ratio,1.070936470632207,0.038315290442374,0.9934583727934434,1.154456951130482,0.0736677191289909,,,,,,,,,,,,,,,,,,,,,,,,,,4629.0,764.0,3865.0,1152.0,195.0,957.0
hrs,comparable_22_30_months,multimorbidity_progression,full,work_exit_phenotype,enrichment,PASS_STRICT_COMMON_SIX,23532,9521,19,19,3754.0,PASS,,,,,work_exit_no_retirement,risk_ratio,1.1447770032972433,0.0683733348403657,1.0012013082963984,1.308941944460832,0.0479825121855429,,,,,,,,,,,,,,,,,,,,,,,,,,4629.0,764.0,3865.0,1152.0,195.0,957.0
hrs,comparable_22_30_months,mortality,basic,any_withdrawal,core,PASS_SOURCE_STATUS,73329,21352,13,13,4594.0,PASS,22352.0,2196.0,20156.0,,any_withdrawal,risk_ratio,2.0201097271900808,0.0277183142919207,1.9132912613968245,2.1328918352497506,5.722347791623277e-142,,,,,,,,,,,,,,,,,,,,,,,,,,,,,,,
hrs,comparable_22_30_months,mortality,basic,score_categorical,core,PASS_SOURCE_STATUS,73329,21352,14,14,4594.0,PASS,,,,,loss_1,risk_ratio,1.8883117017840187,0.0286782955770558,1.785100513823137,1.9974903684598564,7.31247624769741e-109,20083.0,1905.0,18178.0,2269.0,291.0,1978.0,,,,,,,,,,,,,,,,,,,,,,,,,
hrs,comparable_22_30_months,mortality,basic,score_categorical,core,PASS_SOURCE_STATUS,73329,21352,14,14,4594.0,PASS,,,,,loss_2plus,risk_ratio,4.21697528715663,0.0604283072717423,3.7459707983053594,4.747202135300826,2.31883395029853e-125,20083.0,1905.0,18178.0,2269.0,291.0,1978.0,,,,,,,,,,,,,,,,,,,,,,,,,
hrs,comparable_22_30_months,mortality,basic,mutually_adjusted_components,core,PASS_SOURCE_STATUS,73329,21352,15,15,4594.0,PASS,,,,,alcohol_loss,risk_ratio,2.1179221456852817,0.0369535755633866,1.9699493088848183,2.277009969217648,1.1033587477202397e-91,,,,,,,6222.0,745.0,5477.0,11927.0,1462.0,10465.0,6587.0,300.0,6287.0,,,,,,,,,,,,,,,,
hrs,comparable_22_30_months,mortality,basic,mutually_adjusted_components,core,PASS_SOURCE_STATUS,73329,21352,15,15,4594.0,PASS,,,,,activity_loss,risk_ratio,1.9647556781520437,0.0297373174006709,1.8535149875758856,2.0826725981209,3.478321748503566e-114,,,,,,,6222.0,745.0,5477.0,11927.0,1462.0,10465.0,6587.0,300.0,6287.0,,,,,,,,,,,,,,,,
hrs,comparable_22_30_months,mortality,basic,mutually_adjusted_components,core,PASS_SOURCE_STATUS,73329,21352,15,15,4594.0,PASS,,,,,work_loss,risk_ratio,1.6185975333485405,0.0599537410807428,1.4391503156813956,1.820419970322248,9.574514182529034e-16,,,,,,,6222.0,745.0,5477.0,11927.0,1462.0,10465.0,6587.0,300.0,6287.0,,,,,,,,,,,,,,,,
hrs,comparable_22_30_months,mortality,full,any_withdrawal,core,PASS_SOURCE_STATUS,72785,21202,18,18,4554.0,PASS,22182.0,2183.0,19999.0,,any_withdrawal,risk_ratio,1.8142893876692243,0.0281303037046199,1.7169672142944965,1.9171280352966495,1.581875267767546e-99,,,,,,,,,,,,,,,,,,,,,,,,,,,,,,,
hrs,comparable_22_30_months,mortality,full,score_categorical,core,PASS_SOURCE_STATUS,72785,21202,19,19,4554.0,PASS,,,,,loss_1,risk_ratio,1.7176908014979844,0.0289977521088966,1.6227890127125084,1.8181425104789568,1.1296037847477242e-77,19936.0,1895.0,18041.0,2246.0,288.0,1958.0,,,,,,,,,,,,,,,,,,,,,,,,,
hrs,comparable_22_30_months,mortality,full,score_categorical,core,PASS_SOURCE_STATUS,72785,21202,19,19,4554.0,PASS,,,,,loss_2plus,risk_ratio,3.3540141617106998,0.0619495709931147,2.970525751105701,3.787010091654188,5.582009651324043e-85,19936.0,1895.0,18041.0,2246.0,288.0,1958.0,,,,,,,,,,,,,,,,,,,,,,,,,
hrs,comparable_22_30_months,mortality,full,mutually_adjusted_components,core,PASS_SOURCE_STATUS,72785,21202,20,20,4554.0,PASS,,,,,alcohol_loss,risk_ratio,1.849185070398811,0.0373833478726729,1.7185398813376611,1.989762042603415,9.205937997738994e-61,,,,,,,6170.0,737.0,5433.0,11835.0,1455.0,10380.0,6538.0,299.0,6239.0,,,,,,,,,,,,,,,,
hrs,comparable_22_30_months,mortality,full,mutually_adjusted_components,core,PASS_SOURCE_STATUS,72785,21202,20,20,4554.0,PASS,,,,,activity_loss,risk_ratio,1.7808736962099434,0.0300354475787047,1.6790626460679408,1.8888581252638597,2.8208480972402145e-82,,,,,,,6170.0,737.0,5433.0,11835.0,1455.0,10380.0,6538.0,299.0,6239.0,,,,,,,,,,,,,,,,
hrs,comparable_22_30_months,mortality,full,mutually_adjusted_components,core,PASS_SOURCE_STATUS,72785,21202,20,20,4554.0,PASS,,,,,work_loss,risk_ratio,1.552374925922156,0.0600754010588517,1.3799404500976329,1.746356453614587,2.4692630580022784e-13,,,,,,,6170.0,737.0,5433.0,11835.0,1455.0,10380.0,6538.0,299.0,6239.0,,,,,,,,,,,,,,,,
hrs,comparable_22_30_months,mortality,full,work_exit_phenotype,enrichment,PASS_SOURCE_STATUS,26123,10450,19,19,645.0,PASS,,,,,work_exit_retirement,risk_ratio,1.6250434337563404,0.085954835137276,1.373093416520636,1.923223962639188,1.6164965147512407e-08,,,,,,,,,,,,,,,,,,,,,,,,,,5194.0,233.0,4961.0,1331.0,65.0,1266.0
hrs,comparable_22_30_months,mortality,full,work_exit_phenotype,enrichment,PASS_SOURCE_STATUS,26123,10450,19,19,645.0,PASS,,,,,work_exit_no_retirement,risk_ratio,2.257842615851105,0.1380579036195477,1.7225766871163013,2.9594347329101947,3.6561189807885682e-09,,,,,,,,,,,,,,,,,,,,,,,,,,5194.0,233.0,4961.0,1331.0,65.0,1266.0
hrs,comparable_22_30_months,incident_heart_disease,basic,any_withdrawal,core,PASS_BASELINE_FREE_RISK_SET,47438,14978,13,13,2333.0,PASS,13353.0,732.0,12621.0,,any_withdrawal,risk_ratio,1.181411190534259,0.0436344120666587,1.0845745301485514,1.2868939499514205,0.0001331272479864,,,,,,,,,,,,,,,,,,,,,,,,,,,,,,,
hrs,comparable_22_30_months,incident_heart_disease,basic,score_categorical,core,PASS_BASELINE_FREE_RISK_SET,47438,14978,14,14,2333.0,PASS,,,,,loss_1,risk_ratio,1.1515337827390744,0.0454247313598297,1.0534430979366505,1.258758119338975,0.0018955820175694,12055.0,648.0,11407.0,1298.0,84.0,1214.0,,,,,,,,,,,,,,,,,,,,,,,,,
hrs,comparable_22_30_months,incident_heart_disease,basic,score_categorical,core,PASS_BASELINE_FREE_RISK_SET,47438,14978,14,14,2333.0,PASS,,,,,loss_2plus,risk_ratio,1.507755875286414,0.1097597840833895,1.2159153240737195,1.8696431687728865,0.000183216319813,12055.0,648.0,11407.0,1298.0,84.0,1214.0,,,,,,,,,,,,,,,,,,,,,,,,,
hrs,comparable_22_30_months,incident_heart_disease,basic,mutually_adjusted_components,core,PASS_BASELINE_FREE_RISK_SET,47438,14978,15,15,2333.0,PASS,,,,,alcohol_loss,risk_ratio,1.265273664549464,0.0692098537437887,1.104772701357323,1.4490921474033016,0.0006747517194759,,,,,,,3546.0,217.0,3329.0,6657.0,369.0,6288.0,4511.0,232.0,4279.0,,,,,,,,,,,,,,,,
hrs,comparable_22_30_months,incident_heart_disease,basic,mutually_adjusted_components,core,PASS_BASELINE_FREE_RISK_SET,47438,14978,15,15,2333.0,PASS,,,,,activity_loss,risk_ratio,1.0730205344930748,0.0555265108729464,0.9623737785638724,1.1963886517793232,0.2043482081558136,,,,,,,3546.0,217.0,3329.0,6657.0,369.0,6288.0,4511.0,232.0,4279.0,,,,,,,,,,,,,,,,
hrs,comparable_22_30_months,incident_heart_disease,basic,mutually_adjusted_components,core,PASS_BASELINE_FREE_RISK_SET,47438,14978,15,15,2333.0,PASS,,,,,work_loss,risk_ratio,1.2738935322830172,0.0694905784570512,1.111687301927361,1.4597672643908082,0.0004947021774043,,,,,,,3546.0,217.0,3329.0,6657.0,369.0,6288.0,4511.0,232.0,4279.0,,,,,,,,,,,,,,,,
hrs,comparable_22_30_months,incident_heart_disease,full,any_withdrawal,core,PASS_BASELINE_FREE_RISK_SET,47072,14864,18,18,2312.0,PASS,13240.0,727.0,12513.0,,any_withdrawal,risk_ratio,1.1196292290250769,0.0440869782771889,1.026945328523938,1.2206780396859924,0.0103754018786806,,,,,,,,,,,,,,,,,,,,,,,,,,,,,,,
hrs,comparable_22_30_months,incident_heart_disease,full,score_categorical,core,PASS_BASELINE_FREE_RISK_SET,47072,14864,19,19,2312.0,PASS,,,,,loss_1,risk_ratio,1.0972849599951455,0.0458104385175209,1.0030567633379788,1.2003650515497797,0.0427045076640991,11959.0,644.0,11315.0,1281.0,83.0,1198.0,,,,,,,,,,,,,,,,,,,,,,,,,
hrs,comparable_22_30_months,incident_heart_disease,full,score_categorical,core,PASS_BASELINE_FREE_RISK_SET,47072,14864,19,19,2312.0,PASS,,,,,loss_2plus,risk_ratio,1.36572548943244,0.1102545488302089,1.100308765906073,1.6951660936278492,0.0046991422519882,11959.0,644.0,11315.0,1281.0,83.0,1198.0,,,,,,,,,,,,,,,,,,,,,,,,,
hrs,comparable_22_30_months,incident_heart_disease,full,mutually_adjusted_components,core,PASS_BASELINE_FREE_RISK_SET,47072,14864,20,20,2312.0,PASS,,,,,alcohol_loss,risk_ratio,1.2111247535293497,0.069177732537427,1.0575592004791614,1.3869891803191123,0.0056237779607699,,,,,,,3515.0,217.0,3298.0,6600.0,364.0,6236.0,4469.0,231.0,4238.0,,,,,,,,,,,,,,,,
hrs,comparable_22_30_months,incident_heart_disease,full,mutually_adjusted_components,core,PASS_BASELINE_FREE_RISK_SET,47072,14864,20,20,2312.0,PASS,,,,,activity_loss,risk_ratio,1.0055030614719072,0.0559349448626617,0.9010968797528652,1.12200633399892,0.9218421431108944,,,,,,,3515.0,217.0,3298.0,6600.0,364.0,6236.0,4469.0,231.0,4238.0,,,,,,,,,,,,,,,,
hrs,comparable_22_30_months,incident_heart_disease,full,mutually_adjusted_components,core,PASS_BASELINE_FREE_RISK_SET,47072,14864,20,20,2312.0,PASS,,,,,work_loss,risk_ratio,1.245451309270608,0.0697791979476914,1.0862520086860583,1.427982596451221,0.0016574232665571,,,,,,,3515.0,217.0,3298.0,6600.0,364.0,6236.0,4469.0,231.0,4238.0,,,,,,,,,,,,,,,,
hrs,comparable_22_30_months,incident_hypertension,basic,any_withdrawal,core,PASS_BASELINE_FREE_RISK_SET,23995,8193,13,13,2284.0,PASS,6139.0,645.0,5494.0,,any_withdrawal,risk_ratio,1.1806484507657773,0.0447789574026013,1.0814456147880824,1.288951330732227,0.0002084712005844,,,,,,,,,,,,,,,,,,,,,,,,,,,,,,,
hrs,comparable_22_30_months,incident_hypertension,basic,score_categorical,core,PASS_BASELINE_FREE_RISK_SET,23995,8193,14,14,2284.0,PASS,,,,,loss_1,risk_ratio,1.1547374915100908,0.0464395024866999,1.0542749565914822,1.2647731656360488,0.0019478246146944,5569.0,576.0,4993.0,570.0,69.0,501.0,,,,,,,,,,,,,,,,,,,,,,,,,
hrs,comparable_22_30_months,incident_hypertension,basic,score_categorical,core,PASS_BASELINE_FREE_RISK_SET,23995,8193,14,14,2284.0,PASS,,,,,loss_2plus,risk_ratio,1.475700995057801,0.1170694293750876,1.1731368886943796,1.8562995058813696,0.0008875156842159,5569.0,576.0,4993.0,570.0,69.0,501.0,,,,,,,,,,,,,,,,,,,,,,,,,
hrs,comparable_22_30_months,incident_hypertension,basic,mutually_adjusted_components,core,PASS_BASELINE_FREE_RISK_SET,23995,8193,15,15,2284.0,PASS,,,,,alcohol_loss,risk_ratio,1.133305323408896,0.0769338823519947,0.974676935993184,1.317750434669077,0.1038282259087845,,,,,,,1614.0,168.0,1446.0,2902.0,334.0,2568.0,2227.0,216.0,2011.0,,,,,,,,,,,,,,,,
hrs,comparable_22_30_months,incident_hypertension,basic,mutually_adjusted_components,core,PASS_BASELINE_FREE_RISK_SET,23995,8193,15,15,2284.0,PASS,,,,,activity_loss,risk_ratio,1.2221273578306977,0.0565635849088759,1.0938794291064156,1.365411250103087,0.0003906383163568,,,,,,,1614.0,168.0,1446.0,2902.0,334.0,2568.0,2227.0,216.0,2011.0,,,,,,,,,,,,,,,,
hrs,comparable_22_30_months,incident_hypertension,basic,mutually_adjusted_components,core,PASS_BASELINE_FREE_RISK_SET,23995,8193,15,15,2284.0,PASS,,,,,work_loss,risk_ratio,1.1359482730123374,0.0699112167787822,0.990489828393642,1.3027680264545711,0.0682608604403565,,,,,,,1614.0,168.0,1446.0,2902.0,334.0,2568.0,2227.0,216.0,2011.0,,,,,,,,,,,,,,,,
hrs,comparable_22_30_months,incident_hypertension,full,any_withdrawal,core,PASS_BASELINE_FREE_RISK_SET,23819,8134,18,18,2268.0,PASS,6086.0,641.0,5445.0,,any_withdrawal,risk_ratio,1.1079216877139586,0.0455513158230846,1.0132945656207122,1.211385620483442,0.0244552920055109,,,,,,,,,,,,,,,,,,,,,,,,,,,,,,,
hrs,comparable_22_30_months,incident_hypertension,full,score_categorical,core,PASS_BASELINE_FREE_RISK_SET,23819,8134,19,19,2268.0,PASS,,,,,loss_1,risk_ratio,1.0888016661208626,0.0471073860084563,0.9927751482428164,1.194116381988256,0.0709124923882536,5523.0,572.0,4951.0,563.0,69.0,494.0,,,,,,,,,,,,,,,,,,,,,,,,,
hrs,comparable_22_30_months,incident_hypertension,full,score_categorical,core,PASS_BASELINE_FREE_RISK_SET,23819,8134,19,19,2268.0,PASS,,,,,loss_2plus,risk_ratio,1.3242954013359625,0.1173904296089647,1.052111956579494,1.6668932417622135,0.0167247296705288,5523.0,572.0,4951.0,563.0,69.0,494.0,,,,,,,,,,,,,,,,,,,,,,,,,
hrs,comparable_22_30_months,incident_hypertension,full,mutually_adjusted_components,core,PASS_BASELINE_FREE_RISK_SET,23819,8134,20,20,2268.0,PASS,,,,,alcohol_loss,risk_ratio,1.0654090226834965,0.0769636256183958,0.9162306450984576,1.2388762498698418,0.4103770731609969,,,,,,,1597.0,167.0,1430.0,2877.0,332.0,2545.0,2209.0,215.0,1994.0,,,,,,,,,,,,,,,,
hrs,comparable_22_30_months,incident_hypertension,full,mutually_adjusted_components,core,PASS_BASELINE_FREE_RISK_SET,23819,8134,20,20,2268.0,PASS,,,,,activity_loss,risk_ratio,1.146064800547452,0.0571906465515575,1.02453879392266,1.2820056544906404,0.0171323896296072,,,,,,,1597.0,167.0,1430.0,2877.0,332.0,2545.0,2209.0,215.0,1994.0,,,,,,,,,,,,,,,,
hrs,comparable_22_30_months,incident_hypertension,full,mutually_adjusted_components,core,PASS_BASELINE_FREE_RISK_SET,23819,8134,20,20,2268.0,PASS,,,,,work_loss,risk_ratio,1.090370225422611,0.0705433033665218,0.9495709395127504,1.2520467708270588,0.2200322564555403,,,,,,,1597.0,167.0,1430.0,2877.0,332.0,2545.0,2209.0,215.0,1994.0,,,,,,,,,,,,,,,,
hrs,comparable_22_30_months,incident_any_iadl,basic,any_withdrawal,core,PASS_STRICT_COMPLETE_ITEM_COUNTS,51392,16503,13,13,3630.0,PASS,13961.0,1327.0,12634.0,,any_withdrawal,risk_ratio,1.726300363420073,0.0330341018209291,1.618071406978597,1.8417684979113504,2.3148757805801165e-61,,,,,,,,,,,,,,,,,,,,,,,,,,,,,,,
hrs,comparable_22_30_months,incident_any_iadl,basic,score_categorical,core,PASS_STRICT_COMPLETE_ITEM_COUNTS,51392,16503,14,14,3630.0,PASS,,,,,loss_1,risk_ratio,1.6694198165068297,0.0340300804474671,1.5617053835342032,1.784563563095804,2.990195736472072e-51,12680.0,1202.0,11478.0,1281.0,125.0,1156.0,,,,,,,,,,,,,,,,,,,,,,,,,
hrs,comparable_22_30_months,incident_any_iadl,basic,score_categorical,core,PASS_STRICT_COMPLETE_ITEM_COUNTS,51392,16503,14,14,3630.0,PASS,,,,,loss_2plus,risk_ratio,2.73187192871185,0.0888396021678185,2.29530249687325,3.2514774174865235,1.1395987431502963e-29,12680.0,1202.0,11478.0,1281.0,125.0,1156.0,,,,,,,,,,,,,,,,,,,,,,,,,
hrs,comparable_22_30_months,incident_any_iadl,basic,mutually_adjusted_components,core,PASS_STRICT_COMPLETE_ITEM_COUNTS,51392,16503,15,15,3630.0,PASS,,,,,alcohol_loss,risk_ratio,1.7200225335875152,0.0528084691489563,1.550898893384547,1.907588901293553,9.631021200131098e-25,,,,,,,3637.0,365.0,3272.0,6785.0,822.0,5963.0,4877.0,270.0,4607.0,,,,,,,,,,,,,,,,
hrs,comparable_22_30_months,incident_any_iadl,basic,mutually_adjusted_components,core,PASS_STRICT_COMPLETE_ITEM_COUNTS,51392,16503,15,15,3630.0,PASS,,,,,activity_loss,risk_ratio,1.764323294515989,0.0374902029120822,1.6393302378167736,1.898846623922076,8.248455251541977e-52,,,,,,,3637.0,365.0,3272.0,6785.0,822.0,5963.0,4877.0,270.0,4607.0,,,,,,,,,,,,,,,,
hrs,comparable_22_30_months,incident_any_iadl,basic,mutually_adjusted_components,core,PASS_STRICT_COMPLETE_ITEM_COUNTS,51392,16503,15,15,3630.0,PASS,,,,,work_loss,risk_ratio,1.3474830829690707,0.0626969477038518,1.191668838387394,1.5236705034134417,1.966605634401235e-06,,,,,,,3637.0,365.0,3272.0,6785.0,822.0,5963.0,4877.0,270.0,4607.0,,,,,,,,,,,,,,,,
hrs,comparable_22_30_months,incident_any_iadl,full,any_withdrawal,core,PASS_STRICT_COMPLETE_ITEM_COUNTS,51059,16396,18,18,3600.0,PASS,13868.0,1318.0,12550.0,,any_withdrawal,risk_ratio,1.4843351643793687,0.0337049870271948,1.3894478118867255,1.5857025081218,1.0264694003438256e-31,,,,,,,,,,,,,,,,,,,,,,,,,,,,,,,
hrs,comparable_22_30_months,incident_any_iadl,full,score_categorical,core,PASS_STRICT_COMPLETE_ITEM_COUNTS,51059,16396,19,19,3600.0,PASS,,,,,loss_1,risk_ratio,1.4518841600691874,0.0345657800039755,1.3567802772813884,1.5536543754037997,3.9638987077420676e-27,12600.0,1194.0,11406.0,1268.0,124.0,1144.0,,,,,,,,,,,,,,,,,,,,,,,,,
hrs,comparable_22_30_months,incident_any_iadl,full,score_categorical,core,PASS_STRICT_COMPLETE_ITEM_COUNTS,51059,16396,19,19,3600.0,PASS,,,,,loss_2plus,risk_ratio,2.0090227021359364,0.090064387569459,1.6839217197996488,2.396888269947488,9.475265001819031e-15,12600.0,1194.0,11406.0,1268.0,124.0,1144.0,,,,,,,,,,,,,,,,,,,,,,,,,
hrs,comparable_22_30_months,incident_any_iadl,full,mutually_adjusted_components,core,PASS_STRICT_COMPLETE_ITEM_COUNTS,51059,16396,20,20,3600.0,PASS,,,,,alcohol_loss,risk_ratio,1.4564360310074458,0.0535101850015362,1.3114250119557471,1.6174816654238862,2.1169178956751946e-12,,,,,,,3608.0,363.0,3245.0,6742.0,815.0,5927.0,4843.0,269.0,4574.0,,,,,,,,,,,,,,,,
hrs,comparable_22_30_months,incident_any_iadl,full,mutually_adjusted_components,core,PASS_STRICT_COMPLETE_ITEM_COUNTS,51059,16396,20,20,3600.0,PASS,,,,,activity_loss,risk_ratio,1.5177277531980136,0.0379039249495511,1.4090616542282666,1.6347741249754613,3.529805238318104e-28,,,,,,,3608.0,363.0,3245.0,6742.0,815.0,5927.0,4843.0,269.0,4574.0,,,,,,,,,,,,,,,,
hrs,comparable_22_30_months,incident_any_iadl,full,mutually_adjusted_components,core,PASS_STRICT_COMPLETE_ITEM_COUNTS,51059,16396,20,20,3600.0,PASS,,,,,work_loss,risk_ratio,1.220696424837563,0.0629808903859905,1.0789423535501113,1.381074490873622,0.0015434813713016,,,,,,,3608.0,363.0,3245.0,6742.0,815.0,5927.0,4843.0,269.0,4574.0,,,,,,,,,,,,,,,,
hrs,comparable_22_30_months,iadl_count_increase,basic,any_withdrawal,core,PASS_STRICT_COMPLETE_ITEM_COUNTS,56912,17858,14,14,4800.0,PASS,16368.0,1881.0,14487.0,,any_withdrawal,risk_ratio,1.6492651442833424,0.0286124170164331,1.5593210696137487,1.74439733365607,1.8170633685923546e-68,,,,,,,,,,,,,,,,,,,,,,,,,,,,,,,
hrs,comparable_22_30_months,iadl_count_increase,basic,score_categorical,core,PASS_STRICT_COMPLETE_ITEM_COUNTS,56912,17858,15,15,4800.0,PASS,,,,,loss_1,risk_ratio,1.5945472888742305,0.0294419485818211,1.5051381765795675,1.689267534382912,1.4560861480856592e-56,14797.0,1696.0,13101.0,1571.0,185.0,1386.0,,,,,,,,,,,,,,,,,,,,,,,,,
hrs,comparable_22_30_months,iadl_count_increase,basic,score_categorical,core,PASS_STRICT_COMPLETE_ITEM_COUNTS,56912,17858,15,15,4800.0,PASS,,,,,loss_2plus,risk_ratio,2.6119726668183527,0.0742543565416044,2.2582041700270508,3.0211622592674843,3.049835180515618e-38,14797.0,1696.0,13101.0,1571.0,185.0,1386.0,,,,,,,,,,,,,,,,,,,,,,,,,
hrs,comparable_22_30_months,iadl_count_increase,basic,mutually_adjusted_components,core,PASS_STRICT_COMPLETE_ITEM_COUNTS,56912,17858,16,16,4800.0,PASS,,,,,alcohol_loss,risk_ratio,1.647552022308125,0.0442100507443021,1.5108017288715343,1.796680275339031,1.4113748162121382e-29,,,,,,,4363.0,534.0,3829.0,8327.0,1191.0,7136.0,5323.0,346.0,4977.0,,,,,,,,,,,,,,,,
hrs,comparable_22_30_months,iadl_count_increase,basic,mutually_adjusted_components,core,PASS_STRICT_COMPLETE_ITEM_COUNTS,56912,17858,16,16,4800.0,PASS,,,,,activity_loss,risk_ratio,1.6642089623770917,0.0321631336148316,1.5625378547130684,1.7724955988121145,1.7438747323490957e-56,,,,,,,4363.0,534.0,3829.0,8327.0,1191.0,7136.0,5323.0,346.0,4977.0,,,,,,,,,,,,,,,,
hrs,comparable_22_30_months,iadl_count_increase,basic,mutually_adjusted_components,core,PASS_STRICT_COMPLETE_ITEM_COUNTS,56912,17858,16,16,4800.0,PASS,,,,,work_loss,risk_ratio,1.3483549500391692,0.0547995169634313,1.2110408715665295,1.5012384090252835,4.920508319060693e-08,,,,,,,4363.0,534.0,3829.0,8327.0,1191.0,7136.0,5323.0,346.0,4977.0,,,,,,,,,,,,,,,,
hrs,comparable_22_30_months,iadl_count_increase,full,any_withdrawal,core,PASS_STRICT_COMPLETE_ITEM_COUNTS,56534,17743,19,19,4759.0,PASS,16256.0,1866.0,14390.0,,any_withdrawal,risk_ratio,1.4624274010616596,0.0288719126680958,1.3819696298503863,1.547569394565854,1.3960622799962595e-39,,,,,,,,,,,,,,,,,,,,,,,,,,,,,,,
hrs,comparable_22_30_months,iadl_count_increase,full,score_categorical,core,PASS_STRICT_COMPLETE_ITEM_COUNTS,56534,17743,20,20,4759.0,PASS,,,,,loss_1,risk_ratio,1.428186216500287,0.0296136045373266,1.347651786879695,1.5135333094642276,2.3210837518420266e-33,14700.0,1684.0,13016.0,1556.0,182.0,1374.0,,,,,,,,,,,,,,,,,,,,,,,,,
hrs,comparable_22_30_months,iadl_count_increase,full,score_categorical,core,PASS_STRICT_COMPLETE_ITEM_COUNTS,56534,17743,20,20,4759.0,PASS,,,,,loss_2plus,risk_ratio,2.0248610864742704,0.0753671636025478,1.7467976069315785,2.3471880218109105,7.909393806555924e-21,14700.0,1684.0,13016.0,1556.0,182.0,1374.0,,,,,,,,,,,,,,,,,,,,,,,,,
hrs,comparable_22_30_months,iadl_count_increase,full,mutually_adjusted_components,core,PASS_STRICT_COMPLETE_ITEM_COUNTS,56534,17743,21,21,4759.0,PASS,,,,,alcohol_loss,risk_ratio,1.440684746274732,0.0443818769920094,1.3206600352625757,1.5716175872135176,1.9236453156455543e-16,,,,,,,4328.0,529.0,3799.0,8275.0,1180.0,7095.0,5283.0,344.0,4939.0,,,,,,,,,,,,,,,,
hrs,comparable_22_30_months,iadl_count_increase,full,mutually_adjusted_components,core,PASS_STRICT_COMPLETE_ITEM_COUNTS,56534,17743,21,21,4759.0,PASS,,,,,activity_loss,risk_ratio,1.4751902322002317,0.0321840936196899,1.3850099006386225,1.5712423573113397,1.3456193110518304e-33,,,,,,,4328.0,529.0,3799.0,8275.0,1180.0,7095.0,5283.0,344.0,4939.0,,,,,,,,,,,,,,,,
hrs,comparable_22_30_months,iadl_count_increase,full,mutually_adjusted_components,core,PASS_STRICT_COMPLETE_ITEM_COUNTS,56534,17743,21,21,4759.0,PASS,,,,,work_loss,risk_ratio,1.2467544005589926,0.0550457300081435,1.119246898119849,1.388787887573639,6.161101923807389e-05,,,,,,,4328.0,529.0,3799.0,8275.0,1180.0,7095.0,5283.0,344.0,4939.0,,,,,,,,,,,,,,,,
hrs,comparable_22_30_months,word_recall_change,basic,any_withdrawal,core,PASS_BASELINE_ADJUSTED_CHANGE_CANDIDATE,36492,14929,11,11,,PASS,10444.0,,,,any_withdrawal,mean_difference,-0.3931359059674144,0.0330235004988858,-0.4578607775886713,-0.3284110343461576,1.1182267812141529e-32,,,,,,,,,,,,,,,,-0.1214430716192085,0.010201244087167,-0.1414371426275582,-0.1014490006108588,,,,,,,,,,,,
hrs,comparable_22_30_months,word_recall_change,basic,score_categorical,core,PASS_BASELINE_ADJUSTED_CHANGE_CANDIDATE,36492,14929,12,12,,PASS,,,,,loss_1,mean_difference,-0.3746585778039731,0.0340456847919164,-0.4413868938251324,-0.3079302617828138,3.631906735826052e-28,9419.0,,,1025.0,,,,,,,,,,,,-0.1157352656075378,0.0105170056302423,-0.1363482178680177,-0.0951223133470579,,,,,,,,,,,,
hrs,comparable_22_30_months,word_recall_change,basic,score_categorical,core,PASS_BASELINE_ADJUSTED_CHANGE_CANDIDATE,36492,14929,12,12,,PASS,,,,,loss_2plus,mean_difference,-0.5768892203769206,0.0914190916943587,-0.7560673475972286,-0.3977110931566125,2.783509211162506e-10,9419.0,,,1025.0,,,,,,,,,,,,-0.1782060550643031,0.0282401457905023,-0.2335557237318481,-0.122856386396758,,,,,,,,,,,,
hrs,comparable_22_30_months,word_recall_change,basic,mutually_adjusted_components,core,PASS_BASELINE_ADJUSTED_CHANGE_CANDIDATE,36492,14929,13,13,,PASS,,,,,alcohol_loss,mean_difference,-0.4186433569656738,0.055407627839153,-0.5272403119992126,-0.3100464019321349,4.1661638109673714e-14,,,,,,,2939.0,,,5368.0,,,3205.0,,,-0.1293225431998629,0.0171158940554222,-0.1628690791116938,-0.095776007288032,,,,,,,,,,,,
hrs,comparable_22_30_months,word_recall_change,basic,mutually_adjusted_components,core,PASS_BASELINE_ADJUSTED_CHANGE_CANDIDATE,36492,14929,13,13,,PASS,,,,,activity_loss,mean_difference,-0.3221891153677766,0.0420835921115182,-0.4046714402464262,-0.239706790489127,1.9191540741300543e-14,,,,,,,2939.0,,,5368.0,,,3205.0,,,-0.0995269961827945,0.0129999845173548,-0.1250064976363884,-0.0740474947292007,,,,,,,,,,,,
hrs,comparable_22_30_months,word_recall_change,basic,mutually_adjusted_components,core,PASS_BASELINE_ADJUSTED_CHANGE_CANDIDATE,36492,14929,13,13,,PASS,,,,,work_loss,mean_difference,-0.3033198889157199,0.0532198431054248,-0.407628864665225,-0.1990109131662148,1.2024685117646066e-08,,,,,,,2939.0,,,5368.0,,,3205.0,,,-0.0936981294101774,0.016440068484487,-0.125920071543144,-0.0614761872772108,,,,,,,,,,,,
hrs,comparable_22_30_months,word_recall_change,full,any_withdrawal,core,PASS_BASELINE_ADJUSTED_CHANGE_CANDIDATE,36218,14824,16,16,,PASS,10364.0,,,,any_withdrawal,mean_difference,-0.2252180654631221,0.0330134186975545,-0.2899231771168702,-0.1605129538093739,8.977176162305778e-12,,,,,,,,,,,,,,,,-0.0695913690544877,0.0102009978622609,-0.0895849574708892,-0.0495977806380863,,,,,,,,,,,,
hrs,comparable_22_30_months,word_recall_change,full,score_categorical,core,PASS_BASELINE_ADJUSTED_CHANGE_CANDIDATE,36218,14824,17,17,,PASS,,,,,loss_1,mean_difference,-0.2209310999894694,0.0339301603239253,-0.287432992214033,-0.1544292077649057,7.447910096010476e-11,9347.0,,,1017.0,,,,,,,,,,,,-0.0682667160086171,0.0104842669007245,-0.0888155015383427,-0.0477179304788916,,,,,,,,,,,,
hrs,comparable_22_30_months,word_recall_change,full,score_categorical,core,PASS_BASELINE_ADJUSTED_CHANGE_CANDIDATE,36218,14824,17,17,,PASS,,,,,loss_2plus,mean_difference,-0.270005299117661,0.090619731613449,-0.4476167093687069,-0.0923938888666151,0.0028867962324141,9347.0,,,1017.0,,,,,,,,,,,,-0.0834304227723741,0.028001089403562,-0.1383115495312418,-0.0285492960135064,,,,,,,,,,,,
hrs,comparable_22_30_months,word_recall_change,full,mutually_adjusted_components,core,PASS_BASELINE_ADJUSTED_CHANGE_CANDIDATE,36218,14824,18,18,,PASS,,,,,alcohol_loss,mean_difference,-0.2255577549333084,0.0552798195630093,-0.3339042103486794,-0.1172112995179375,4.4979339358604725e-05,,,,,,,2915.0,,,5332.0,,,3177.0,,,-0.0696963315726368,0.0170812155613013,-0.1031748988849526,-0.0362177642603209,,,,,,,,,,,,
hrs,comparable_22_30_months,word_recall_change,full,mutually_adjusted_components,core,PASS_BASELINE_ADJUSTED_CHANGE_CANDIDATE,36218,14824,18,18,,PASS,,,,,activity_loss,mean_difference,-0.1788920347587288,0.0417114068442224,-0.2606448899179023,-0.0971391795995552,1.7963807158351622e-05,,,,,,,2915.0,,,5332.0,,,3177.0,,,-0.0552768339706809,0.0128886370705172,-0.0805380984387025,-0.0300155695026593,,,,,,,,,,,,
hrs,comparable_22_30_months,word_recall_change,full,mutually_adjusted_components,core,PASS_BASELINE_ADJUSTED_CHANGE_CANDIDATE,36218,14824,18,18,,PASS,,,,,work_loss,mean_difference,-0.1754430182355554,0.0526927261155754,-0.2787188636693164,-0.0721671728017943,0.00086986729059,,,,,,,2915.0,,,5332.0,,,3177.0,,,-0.0542111033808829,0.0162818153244305,-0.086122875019699,-0.0222993317420667,,,,,,,,,,,,
hrs,all_primary_wave_intervals,incident_diabetes,basic,any_withdrawal,core,PASS_BASELINE_FREE_RISK_SET,55991,15248,14,14,1896.0,PASS,15766.0,611.0,15155.0,,any_withdrawal,risk_ratio,1.315164509457342,0.0488076909290497,1.1951843528644666,1.4471890322114294,1.9874991241771084e-08,,,,,,,,,,,,,,,,,,,,,,,,,,,,,,,
hrs,all_primary_wave_intervals,incident_diabetes,basic,score_categorical,core,PASS_BASELINE_FREE_RISK_SET,55991,15248,15,15,1896.0,PASS,,,,,loss_1,risk_ratio,1.2619415564816732,0.0509048997725003,1.1421125740707114,1.3943428416162345,4.869904826549487e-06,14257.0,535.0,13722.0,1509.0,76.0,1433.0,,,,,,,,,,,,,,,,,,,,,,,,,
hrs,all_primary_wave_intervals,incident_diabetes,basic,score_categorical,core,PASS_BASELINE_FREE_RISK_SET,55991,15248,15,15,1896.0,PASS,,,,,loss_2plus,risk_ratio,1.935095094196983,0.1174129007599892,1.5373058137962372,2.435815301015676,1.8819096586792555e-08,14257.0,535.0,13722.0,1509.0,76.0,1433.0,,,,,,,,,,,,,,,,,,,,,,,,,
hrs,all_primary_wave_intervals,incident_diabetes,basic,mutually_adjusted_components,core,PASS_BASELINE_FREE_RISK_SET,55991,15248,16,16,1896.0,PASS,,,,,alcohol_loss,risk_ratio,1.353546059325978,0.0794544367821306,1.1583539917363914,1.5816295776479832,0.0001389211324042,,,,,,,4130.0,170.0,3960.0,8005.0,327.0,7678.0,5217.0,192.0,5025.0,,,,,,,,,,,,,,,,
hrs,all_primary_wave_intervals,incident_diabetes,basic,mutually_adjusted_components,core,PASS_BASELINE_FREE_RISK_SET,55991,15248,16,16,1896.0,PASS,,,,,activity_loss,risk_ratio,1.3553807275787972,0.0601454041868241,1.2046626492106056,1.5249554868292967,4.2861793919188083e-07,,,,,,,4130.0,170.0,3960.0,8005.0,327.0,7678.0,5217.0,192.0,5025.0,,,,,,,,,,,,,,,,
hrs,all_primary_wave_intervals,incident_diabetes,basic,mutually_adjusted_components,core,PASS_BASELINE_FREE_RISK_SET,55991,15248,16,16,1896.0,PASS,,,,,work_loss,risk_ratio,1.1817860262542048,0.0782170289633323,1.0138189267449025,1.377581513825024,0.032726021738141,,,,,,,4130.0,170.0,3960.0,8005.0,327.0,7678.0,5217.0,192.0,5025.0,,,,,,,,,,,,,,,,
hrs,all_primary_wave_intervals,incident_diabetes,full,any_withdrawal,core,PASS_BASELINE_FREE_RISK_SET,55550,15140,19,19,1886.0,PASS,15635.0,609.0,15026.0,,any_withdrawal,risk_ratio,1.220536107551921,0.0501730138524318,1.1062245312720345,1.346660056548372,7.1253925754744e-05,,,,,,,,,,,,,,,,,,,,,,,,,,,,,,,
hrs,all_primary_wave_intervals,incident_diabetes,full,score_categorical,core,PASS_BASELINE_FREE_RISK_SET,55550,15140,20,20,1886.0,PASS,,,,,loss_1,risk_ratio,1.179765785228969,0.0520853304790783,1.0652724199375658,1.3065646701700018,0.0015038260726014,14143.0,533.0,13610.0,1492.0,76.0,1416.0,,,,,,,,,,,,,,,,,,,,,,,,,
hrs,all_primary_wave_intervals,incident_diabetes,full,score_categorical,core,PASS_BASELINE_FREE_RISK_SET,55550,15140,20,20,1886.0,PASS,,,,,loss_2plus,risk_ratio,1.6915399734984105,0.1193492803365138,1.3387268493593991,2.1373347993372818,1.0616986747839636e-05,14143.0,533.0,13610.0,1492.0,76.0,1416.0,,,,,,,,,,,,,,,,,,,,,,,,,
hrs,all_primary_wave_intervals,incident_diabetes,full,mutually_adjusted_components,core,PASS_BASELINE_FREE_RISK_SET,55550,15140,21,21,1886.0,PASS,,,,,alcohol_loss,risk_ratio,1.2455008363507845,0.0806184790234231,1.0634607109789536,1.4587020633066,0.0064659010363859,,,,,,,4094.0,169.0,3925.0,7937.0,326.0,7611.0,5173.0,192.0,4981.0,,,,,,,,,,,,,,,,
hrs,all_primary_wave_intervals,incident_diabetes,full,mutually_adjusted_components,core,PASS_BASELINE_FREE_RISK_SET,55550,15140,21,21,1886.0,PASS,,,,,activity_loss,risk_ratio,1.2636005730876072,0.0611484218271921,1.1208827438141522,1.424490132548662,0.000130143901325,,,,,,,4094.0,169.0,3925.0,7937.0,326.0,7611.0,5173.0,192.0,4981.0,,,,,,,,,,,,,,,,
hrs,all_primary_wave_intervals,incident_diabetes,full,mutually_adjusted_components,core,PASS_BASELINE_FREE_RISK_SET,55550,15140,21,21,1886.0,PASS,,,,,work_loss,risk_ratio,1.1292481607787972,0.0787169100871757,0.9677995961551854,1.3176296143213302,0.1225478443043547,,,,,,,4094.0,169.0,3925.0,7937.0,326.0,7611.0,5173.0,192.0,4981.0,,,,,,,,,,,,,,,,
hrs,all_primary_wave_intervals,incident_diabetes,full,work_exit_phenotype,enrichment,PASS_BASELINE_FREE_RISK_SET,21307,7906,20,20,770.0,PASS,,,,,work_exit_retirement,risk_ratio,1.009108680675863,0.0917377573061092,0.8430447370754145,1.2078840951524603,0.9212645563250416,,,,,,,,,,,,,,,,,,,,,,,,,,4150.0,150.0,4000.0,1014.0,41.0,973.0
hrs,all_primary_wave_intervals,incident_diabetes,full,work_exit_phenotype,enrichment,PASS_BASELINE_FREE_RISK_SET,21307,7906,20,20,770.0,PASS,,,,,work_exit_no_retirement,risk_ratio,0.9350916779282804,0.1616487625444055,0.6811747103888877,1.2836595851180788,0.6780220481914353,,,,,,,,,,,,,,,,,,,,,,,,,,4150.0,150.0,4000.0,1014.0,41.0,973.0
hrs,all_primary_wave_intervals,incident_stroke,basic,any_withdrawal,core,PASS_BASELINE_FREE_RISK_SET,67128,17915,14,14,1297.0,PASS,19538.0,460.0,19078.0,,any_withdrawal,risk_ratio,1.3559850383649636,0.0580641578540774,1.2101260135508285,1.5194247571576578,1.5655046169846928e-07,,,,,,,,,,,,,,,,,,,,,,,,,,,,,,,
hrs,all_primary_wave_intervals,incident_stroke,basic,score_categorical,core,PASS_BASELINE_FREE_RISK_SET,67128,17915,15,15,1297.0,PASS,,,,,loss_1,risk_ratio,1.3156497203998188,0.0601336611012941,1.1693766365430776,1.4802195739989517,5.066517270369249e-06,17611.0,408.0,17203.0,1927.0,52.0,1875.0,,,,,,,,,,,,,,,,,,,,,,,,,
hrs,all_primary_wave_intervals,incident_stroke,basic,score_categorical,core,PASS_BASELINE_FREE_RISK_SET,67128,17915,15,15,1297.0,PASS,,,,,loss_2plus,risk_ratio,1.8424976659900767,0.1443495400981323,1.3884696626839923,2.4449923108989933,2.2995245248553676e-05,17611.0,408.0,17203.0,1927.0,52.0,1875.0,,,,,,,,,,,,,,,,,,,,,,,,,
hrs,all_primary_wave_intervals,incident_stroke,basic,mutually_adjusted_components,core,PASS_BASELINE_FREE_RISK_SET,67128,17915,16,16,1297.0,PASS,,,,,alcohol_loss,risk_ratio,1.3961076261467484,0.0911476806539749,1.167706917482772,1.6691829727161536,0.0002512710801518,,,,,,,5111.0,134.0,4977.0,10107.0,279.0,9828.0,6347.0,105.0,6242.0,,,,,,,,,,,,,,,,
hrs,all_primary_wave_intervals,incident_stroke,basic,mutually_adjusted_components,core,PASS_BASELINE_FREE_RISK_SET,67128,17915,16,16,1297.0,PASS,,,,,activity_loss,risk_ratio,1.3658993217138171,0.0672738561058436,1.1971679434550038,1.5584120567695336,3.5696999426297744e-06,,,,,,,5111.0,134.0,4977.0,10107.0,279.0,9828.0,6347.0,105.0,6242.0,,,,,,,,,,,,,,,,
hrs,all_primary_wave_intervals,incident_stroke,basic,mutually_adjusted_components,core,PASS_BASELINE_FREE_RISK_SET,67128,17915,16,16,1297.0,PASS,,,,,work_loss,risk_ratio,1.21133679195794,0.1053602896612989,0.9853308197199596,1.4891819013313563,0.0688040996593474,,,,,,,5111.0,134.0,4977.0,10107.0,279.0,9828.0,6347.0,105.0,6242.0,,,,,,,,,,,,,,,,
hrs,all_primary_wave_intervals,incident_stroke,full,any_withdrawal,core,PASS_BASELINE_FREE_RISK_SET,66617,17787,19,19,1289.0,PASS,19382.0,456.0,18926.0,,any_withdrawal,risk_ratio,1.2349653973001282,0.0588164006993469,1.1005003326279137,1.3858601286259888,0.0003330135062584,,,,,,,,,,,,,,,,,,,,,,,,,,,,,,,
hrs,all_primary_wave_intervals,incident_stroke,full,score_categorical,core,PASS_BASELINE_FREE_RISK_SET,66617,17787,20,20,1289.0,PASS,,,,,loss_1,risk_ratio,1.209880222771276,0.0607197873385847,1.0741318661295256,1.3627844025591518,0.0017027056051088,17476.0,405.0,17071.0,1906.0,51.0,1855.0,,,,,,,,,,,,,,,,,,,,,,,,,
hrs,all_primary_wave_intervals,incident_stroke,full,score_categorical,core,PASS_BASELINE_FREE_RISK_SET,66617,17787,20,20,1289.0,PASS,,,,,loss_2plus,risk_ratio,1.5289605861048818,0.1465728426537438,1.1471844732975585,2.0377894996629915,0.0037702330351166,17476.0,405.0,17071.0,1906.0,51.0,1855.0,,,,,,,,,,,,,,,,,,,,,,,,,
hrs,all_primary_wave_intervals,incident_stroke,full,mutually_adjusted_components,core,PASS_BASELINE_FREE_RISK_SET,66617,17787,21,21,1289.0,PASS,,,,,alcohol_loss,risk_ratio,1.2734110684563047,0.0918350906024406,1.0636492778660809,1.5245398864184565,0.0084913189343218,,,,,,,5068.0,133.0,4935.0,10028.0,275.0,9753.0,6292.0,105.0,6187.0,,,,,,,,,,,,,,,,
hrs,all_primary_wave_intervals,incident_stroke,full,mutually_adjusted_components,core,PASS_BASELINE_FREE_RISK_SET,66617,17787,21,21,1289.0,PASS,,,,,activity_loss,risk_ratio,1.2375680244909748,0.068171203238462,1.082783543024063,1.4144790296359877,0.001768041899967,,,,,,,5068.0,133.0,4935.0,10028.0,275.0,9753.0,6292.0,105.0,6187.0,,,,,,,,,,,,,,,,
hrs,all_primary_wave_intervals,incident_stroke,full,mutually_adjusted_components,core,PASS_BASELINE_FREE_RISK_SET,66617,17787,21,21,1289.0,PASS,,,,,work_loss,risk_ratio,1.1551838829626428,0.1054283025552541,0.9395294270093556,1.4203384855164958,0.1712122822152103,,,,,,,5068.0,133.0,4935.0,10028.0,275.0,9753.0,6292.0,105.0,6187.0,,,,,,,,,,,,,,,,
hrs,all_primary_wave_intervals,incident_stroke,full,work_exit_phenotype,enrichment,PASS_BASELINE_FREE_RISK_SET,25717,9385,20,20,354.0,PASS,,,,,work_exit_retirement,risk_ratio,0.9964315442538616,0.1296578879609925,0.7728273324850176,1.2847317643276854,0.9780040639659976,,,,,,,,,,,,,,,,,,,,,,,,,,5042.0,81.0,4961.0,1238.0,24.0,1214.0
hrs,all_primary_wave_intervals,incident_stroke,full,work_exit_phenotype,enrichment,PASS_BASELINE_FREE_RISK_SET,25717,9385,20,20,354.0,PASS,,,,,work_exit_no_retirement,risk_ratio,1.3096747510409723,0.211302238983727,0.8655709313610618,1.9816376582992472,0.201692710551983,,,,,,,,,,,,,,,,,,,,,,,,,,5042.0,81.0,4961.0,1238.0,24.0,1214.0
hrs,all_primary_wave_intervals,incident_any_adl,basic,any_withdrawal,core,PASS_STRICT_COMPLETE_ITEM_COUNTS,63017,17575,14,14,5753.0,PASS,17494.0,2154.0,15340.0,,any_withdrawal,risk_ratio,1.6852890129787,0.0258105113190193,1.6021546788013017,1.7727371113703565,6.284177608211312e-91,,,,,,,,,,,,,,,,,,,,,,,,,,,,,,,
hrs,all_primary_wave_intervals,incident_any_adl,basic,score_categorical,core,PASS_STRICT_COMPLETE_ITEM_COUNTS,63017,17575,15,15,5753.0,PASS,,,,,loss_1,risk_ratio,1.622981715844724,0.0266062383565471,1.5405165062658808,1.709861360947771,5.050488480759777e-74,15804.0,1920.0,13884.0,1690.0,234.0,1456.0,,,,,,,,,,,,,,,,,,,,,,,,,
hrs,all_primary_wave_intervals,incident_any_adl,basic,score_categorical,core,PASS_STRICT_COMPLETE_ITEM_COUNTS,63017,17575,15,15,5753.0,PASS,,,,,loss_2plus,risk_ratio,2.604802955447433,0.0639224382456198,2.2980739399125207,2.95247177162888,1.0402576158456325e-50,15804.0,1920.0,13884.0,1690.0,234.0,1456.0,,,,,,,,,,,,,,,,,,,,,,,,,
hrs,all_primary_wave_intervals,incident_any_adl,basic,mutually_adjusted_components,core,PASS_STRICT_COMPLETE_ITEM_COUNTS,63017,17575,16,16,5753.0,PASS,,,,,alcohol_loss,risk_ratio,1.6960345140358353,0.0402796900010455,1.567287073011894,1.8353581308323224,2.680009720244776e-39,,,,,,,4553.0,610.0,3943.0,8737.0,1319.0,7418.0,5973.0,470.0,5503.0,,,,,,,,,,,,,,,,
hrs,all_primary_wave_intervals,incident_any_adl,basic,mutually_adjusted_components,core,PASS_STRICT_COMPLETE_ITEM_COUNTS,63017,17575,16,16,5753.0,PASS,,,,,activity_loss,risk_ratio,1.6862263452341455,0.0293219078219473,1.5920511513042372,1.7859723194398447,5.014363925804154e-71,,,,,,,4553.0,610.0,3943.0,8737.0,1319.0,7418.0,5973.0,470.0,5503.0,,,,,,,,,,,,,,,,
hrs,all_primary_wave_intervals,incident_any_adl,basic,mutually_adjusted_components,core,PASS_STRICT_COMPLETE_ITEM_COUNTS,63017,17575,16,16,5753.0,PASS,,,,,work_loss,risk_ratio,1.3567221118227242,0.047688863054189,1.2356573856911528,1.4896482714576569,1.5833056774646312e-10,,,,,,,4553.0,610.0,3943.0,8737.0,1319.0,7418.0,5973.0,470.0,5503.0,,,,,,,,,,,,,,,,
hrs,all_primary_wave_intervals,incident_any_adl,full,any_withdrawal,core,PASS_STRICT_COMPLETE_ITEM_COUNTS,62562,17450,19,19,5706.0,PASS,17367.0,2130.0,15237.0,,any_withdrawal,risk_ratio,1.4788772022451522,0.0261974277198702,1.4048592753940228,1.5567949172040996,1.9234867581184506e-50,,,,,,,,,,,,,,,,,,,,,,,,,,,,,,,
hrs,all_primary_wave_intervals,incident_any_adl,full,score_categorical,core,PASS_STRICT_COMPLETE_ITEM_COUNTS,62562,17450,20,20,5706.0,PASS,,,,,loss_1,risk_ratio,1.43971714788961,0.0268568672576431,1.365892657799194,1.5175317431365265,6.035328420256449e-42,15694.0,1899.0,13795.0,1673.0,231.0,1442.0,,,,,,,,,,,,,,,,,,,,,,,,,
hrs,all_primary_wave_intervals,incident_any_adl,full,score_categorical,core,PASS_STRICT_COMPLETE_ITEM_COUNTS,62562,17450,20,20,5706.0,PASS,,,,,loss_2plus,risk_ratio,2.020338221499493,0.0658812953090108,1.77560279434354,2.2988060968674078,1.3364778471791742e-26,15694.0,1899.0,13795.0,1673.0,231.0,1442.0,,,,,,,,,,,,,,,,,,,,,,,,,
hrs,all_primary_wave_intervals,incident_any_adl,full,mutually_adjusted_components,core,PASS_STRICT_COMPLETE_ITEM_COUNTS,62562,17450,21,21,5706.0,PASS,,,,,alcohol_loss,risk_ratio,1.4721030511234077,0.0407303727509929,1.3591533399657938,1.594439221391595,2.224468530490413e-21,,,,,,,4517.0,601.0,3916.0,8674.0,1305.0,7369.0,5928.0,466.0,5462.0,,,,,,,,,,,,,,,,
hrs,all_primary_wave_intervals,incident_any_adl,full,mutually_adjusted_components,core,PASS_STRICT_COMPLETE_ITEM_COUNTS,62562,17450,21,21,5706.0,PASS,,,,,activity_loss,risk_ratio,1.4864505080006083,0.0295580021726352,1.402783460509574,1.5751077589214184,5.240051786007492e-41,,,,,,,4517.0,601.0,3916.0,8674.0,1305.0,7369.0,5928.0,466.0,5462.0,,,,,,,,,,,,,,,,
hrs,all_primary_wave_intervals,incident_any_adl,full,mutually_adjusted_components,core,PASS_STRICT_COMPLETE_ITEM_COUNTS,62562,17450,21,21,5706.0,PASS,,,,,work_loss,risk_ratio,1.2453642705568848,0.0480771056113302,1.13337360759409,1.3684209302102772,5.016736668911199e-06,,,,,,,4517.0,601.0,3916.0,8674.0,1305.0,7369.0,5928.0,466.0,5462.0,,,,,,,,,,,,,,,,
hrs,all_primary_wave_intervals,incident_any_adl,full,work_exit_phenotype,enrichment,PASS_STRICT_COMPLETE_ITEM_COUNTS,24890,9259,20,20,1421.0,PASS,,,,,work_exit_retirement,risk_ratio,1.1011980849156071,0.0632244102580948,0.9728563811496216,1.2464709547249213,0.1273319806810438,,,,,,,,,,,,,,,,,,,,,,,,,,4857.0,349.0,4508.0,1059.0,116.0,943.0
hrs,all_primary_wave_intervals,incident_any_adl,full,work_exit_phenotype,enrichment,PASS_STRICT_COMPLETE_ITEM_COUNTS,24890,9259,20,20,1421.0,PASS,,,,,work_exit_no_retirement,risk_ratio,1.5991884070856013,0.0954033011869927,1.3264540058070935,1.928000179547052,8.60265592953611e-07,,,,,,,,,,,,,,,,,,,,,,,,,,4857.0,349.0,4508.0,1059.0,116.0,943.0
hrs,all_primary_wave_intervals,multimorbidity_progression,basic,any_withdrawal,core,PASS_STRICT_COMMON_SIX,73106,19335,15,15,11418.0,PASS,21757.0,3549.0,18208.0,,any_withdrawal,risk_ratio,1.1431523230476144,0.0186609232864396,1.1020971936898785,1.1857368308088438,7.526767799717192e-13,,,,,,,,,,,,,,,,,,,,,,,,,,,,,,,
hrs,all_primary_wave_intervals,multimorbidity_progression,basic,score_categorical,core,PASS_STRICT_COMMON_SIX,73106,19335,16,16,11418.0,PASS,,,,,loss_1,risk_ratio,1.1271403462238776,0.0192692453005926,1.0853654291165715,1.170523149166227,5.260544189676485e-10,19584.0,3168.0,16416.0,2173.0,381.0,1792.0,,,,,,,,,,,,,,,,,,,,,,,,,
hrs,all_primary_wave_intervals,multimorbidity_progression,basic,score_categorical,core,PASS_STRICT_COMMON_SIX,73106,19335,16,16,11418.0,PASS,,,,,loss_2plus,risk_ratio,1.3122235750431264,0.0483132490195925,1.1936679240861745,1.4425542281511892,1.8637613844897237e-08,19584.0,3168.0,16416.0,2173.0,381.0,1792.0,,,,,,,,,,,,,,,,,,,,,,,,,
hrs,all_primary_wave_intervals,multimorbidity_progression,basic,mutually_adjusted_components,core,PASS_STRICT_COMMON_SIX,73106,19335,17,17,11418.0,PASS,,,,,alcohol_loss,risk_ratio,1.1597388361799286,0.0304639888144216,1.0925195227743527,1.2310939439585356,1.1469386778811023e-06,,,,,,,5766.0,978.0,4788.0,11434.0,1863.0,9571.0,6842.0,1111.0,5731.0,,,,,,,,,,,,,,,,
hrs,all_primary_wave_intervals,multimorbidity_progression,basic,mutually_adjusted_components,core,PASS_STRICT_COMMON_SIX,73106,19335,17,17,11418.0,PASS,,,,,activity_loss,risk_ratio,1.127865730205882,0.0233748125487899,1.0773596957371392,1.1807394600022396,2.636643161835563e-07,,,,,,,5766.0,978.0,4788.0,11434.0,1863.0,9571.0,6842.0,1111.0,5731.0,,,,,,,,,,,,,,,,
hrs,all_primary_wave_intervals,multimorbidity_progression,basic,mutually_adjusted_components,core,PASS_STRICT_COMMON_SIX,73106,19335,17,17,11418.0,PASS,,,,,work_loss,risk_ratio,1.1159712529227723,0.0298234756725817,1.0526093391801616,1.1831472427558096,0.0002340106346359,,,,,,,5766.0,978.0,4788.0,11434.0,1863.0,9571.0,6842.0,1111.0,5731.0,,,,,,,,,,,,,,,,
hrs,all_primary_wave_intervals,multimorbidity_progression,full,any_withdrawal,core,PASS_STRICT_COMMON_SIX,72559,19197,19,19,11333.0,PASS,21583.0,3524.0,18059.0,,any_withdrawal,risk_ratio,1.1284376036427033,0.0189660552775788,1.0872605100261823,1.171174169918323,1.8771661213470136e-10,,,,,,,,,,,,,,,,,,,,,,,,,,,,,,,
hrs,all_primary_wave_intervals,multimorbidity_progression,full,score_categorical,core,PASS_STRICT_COMMON_SIX,72559,19197,20,20,11333.0,PASS,,,,,loss_1,risk_ratio,1.113796167787138,0.0195431450318562,1.0719402145619925,1.1572864666563654,3.4941915012276894e-08,19432.0,3145.0,16287.0,2151.0,379.0,1772.0,,,,,,,,,,,,,,,,,,,,,,,,,
hrs,all_primary_wave_intervals,multimorbidity_progression,full,score_categorical,core,PASS_STRICT_COMMON_SIX,72559,19197,20,20,11333.0,PASS,,,,,loss_2plus,risk_ratio,1.2886676579389078,0.0486584615390194,1.171447342511022,1.417617567903719,1.867956816603921e-07,19432.0,3145.0,16287.0,2151.0,379.0,1772.0,,,,,,,,,,,,,,,,,,,,,,,,,
hrs,all_primary_wave_intervals,multimorbidity_progression,full,mutually_adjusted_components,core,PASS_STRICT_COMMON_SIX,72559,19197,21,21,11333.0,PASS,,,,,alcohol_loss,risk_ratio,1.1465845314595264,0.0306751170353635,1.0796807828377,1.217634053212452,8.225276072867783e-06,,,,,,,5717.0,973.0,4744.0,11343.0,1846.0,9497.0,6786.0,1106.0,5680.0,,,,,,,,,,,,,,,,
hrs,all_primary_wave_intervals,multimorbidity_progression,full,mutually_adjusted_components,core,PASS_STRICT_COMMON_SIX,72559,19197,21,21,11333.0,PASS,,,,,activity_loss,risk_ratio,1.1109978213857836,0.0236198411793199,1.060737596271274,1.1636394933703216,8.336243402227287e-06,,,,,,,5717.0,973.0,4744.0,11343.0,1846.0,9497.0,6786.0,1106.0,5680.0,,,,,,,,,,,,,,,,
hrs,all_primary_wave_intervals,multimorbidity_progression,full,mutually_adjusted_components,core,PASS_STRICT_COMMON_SIX,72559,19197,21,21,11333.0,PASS,,,,,work_loss,risk_ratio,1.1128297139657164,0.0300040490631511,1.049274746293838,1.1802342300328463,0.0003665644819177,,,,,,,5717.0,973.0,4744.0,11343.0,1846.0,9497.0,6786.0,1106.0,5680.0,,,,,,,,,,,,,,,,
hrs,all_primary_wave_intervals,multimorbidity_progression,full,work_exit_phenotype,enrichment,PASS_STRICT_COMMON_SIX,27008,9784,20,20,4266.0,PASS,,,,,work_exit_retirement,risk_ratio,1.04748585558714,0.0358776822593112,0.9763578644549264,1.123795544236922,0.1959818847395865,,,,,,,,,,,,,,,,,,,,,,,,,,5404.0,866.0,4538.0,1370.0,237.0,1133.0
hrs,all_primary_wave_intervals,multimorbidity_progression,full,work_exit_phenotype,enrichment,PASS_STRICT_COMMON_SIX,27008,9784,20,20,4266.0,PASS,,,,,work_exit_no_retirement,risk_ratio,1.1816503959864564,0.0623654442239672,1.0456911740950416,1.3352868350862075,0.0074427644252752,,,,,,,,,,,,,,,,,,,,,,,,,,5404.0,866.0,4538.0,1370.0,237.0,1133.0
hrs,all_primary_wave_intervals,mortality,basic,any_withdrawal,core,PASS_SOURCE_STATUS,83945,21593,14,14,5165.0,PASS,26067.0,2517.0,23550.0,,any_withdrawal,risk_ratio,2.056170257388986,0.0262247327545934,1.953154235634113,2.1646196957909347,2.49552429276789e-166,,,,,,,,,,,,,,,,,,,,,,,,,,,,,,,
hrs,all_primary_wave_intervals,mortality,basic,score_categorical,core,PASS_SOURCE_STATUS,83945,21593,15,15,5165.0,PASS,,,,,loss_1,risk_ratio,1.92423376843066,0.0271101574082165,1.824658623627584,2.0292429211813934,8.786637128548613e-129,23375.0,2183.0,21192.0,2692.0,334.0,2358.0,,,,,,,,,,,,,,,,,,,,,,,,,
hrs,all_primary_wave_intervals,mortality,basic,score_categorical,core,PASS_SOURCE_STATUS,83945,21593,15,15,5165.0,PASS,,,,,loss_2plus,risk_ratio,4.222395333485013,0.0569859261875939,3.776177364203279,4.721341354684382,5.79801507437681e-141,23375.0,2183.0,21192.0,2692.0,334.0,2358.0,,,,,,,,,,,,,,,,,,,,,,,,,
hrs,all_primary_wave_intervals,mortality,basic,mutually_adjusted_components,core,PASS_SOURCE_STATUS,83945,21593,16,16,5165.0,PASS,,,,,alcohol_loss,risk_ratio,2.1100269883360454,0.0351427466799426,1.9695837387111728,2.2604846922730264,3.4659258515149736e-100,,,,,,,7116.0,832.0,6284.0,14096.0,1682.0,12414.0,7686.0,358.0,7328.0,,,,,,,,,,,,,,,,
hrs,all_primary_wave_intervals,mortality,basic,mutually_adjusted_components,core,PASS_SOURCE_STATUS,83945,21593,16,16,5165.0,PASS,,,,,activity_loss,risk_ratio,1.9834799586547445,0.0279798570558802,1.8776356357095076,2.095290838948315,2.6198950417659e-132,,,,,,,7116.0,832.0,6284.0,14096.0,1682.0,12414.0,7686.0,358.0,7328.0,,,,,,,,,,,,,,,,
hrs,all_primary_wave_intervals,mortality,basic,mutually_adjusted_components,core,PASS_SOURCE_STATUS,83945,21593,16,16,5165.0,PASS,,,,,work_loss,risk_ratio,1.6956570231444903,0.0551533269502921,1.521918569257778,1.88922902855536,1.0226587554261052e-21,,,,,,,7116.0,832.0,6284.0,14096.0,1682.0,12414.0,7686.0,358.0,7328.0,,,,,,,,,,,,,,,,
hrs,all_primary_wave_intervals,mortality,full,any_withdrawal,core,PASS_SOURCE_STATUS,83299,21442,19,19,5121.0,PASS,25857.0,2503.0,23354.0,,any_withdrawal,risk_ratio,1.847562185839343,0.0266228874356801,1.7536286091945943,1.946527339167439,1.2264694328631922e-117,,,,,,,,,,,,,,,,,,,,,,,,,,,,,,,
hrs,all_primary_wave_intervals,mortality,full,score_categorical,core,PASS_SOURCE_STATUS,83299,21442,20,20,5121.0,PASS,,,,,loss_1,risk_ratio,1.752138695778466,0.0274072133195702,1.6605020603170697,1.8488323999176823,4.59027571854021e-93,23194.0,2173.0,21021.0,2663.0,330.0,2333.0,,,,,,,,,,,,,,,,,,,,,,,,,
hrs,all_primary_wave_intervals,mortality,full,score_categorical,core,PASS_SOURCE_STATUS,83299,21442,20,20,5121.0,PASS,,,,,loss_2plus,risk_ratio,3.345197053396093,0.0585463054080903,2.9825449664828176,3.7519445479630695,1.6326596320787824e-94,23194.0,2173.0,21021.0,2663.0,330.0,2333.0,,,,,,,,,,,,,,,,,,,,,,,,,
hrs,all_primary_wave_intervals,mortality,full,mutually_adjusted_components,core,PASS_SOURCE_STATUS,83299,21442,21,21,5121.0,PASS,,,,,alcohol_loss,risk_ratio,1.8464336957750016,0.0355132862904773,1.7222839441887323,1.979532703882496,8.143014793998116e-67,,,,,,,7055.0,824.0,6231.0,13977.0,1674.0,12303.0,7627.0,356.0,7271.0,,,,,,,,,,,,,,,,
hrs,all_primary_wave_intervals,mortality,full,mutually_adjusted_components,core,PASS_SOURCE_STATUS,83299,21442,21,21,5121.0,PASS,,,,,activity_loss,risk_ratio,1.7946197117272564,0.0282460456536204,1.6979674320897369,1.896773665297139,3.218390116837581e-95,,,,,,,7055.0,824.0,6231.0,13977.0,1674.0,12303.0,7627.0,356.0,7271.0,,,,,,,,,,,,,,,,
hrs,all_primary_wave_intervals,mortality,full,mutually_adjusted_components,core,PASS_SOURCE_STATUS,83299,21442,21,21,5121.0,PASS,,,,,work_loss,risk_ratio,1.6223306064134149,0.0553167774478609,1.4556388403285,1.808110998131758,2.188223712749559e-18,,,,,,,7055.0,824.0,6231.0,13977.0,1674.0,12303.0,7627.0,356.0,7271.0,,,,,,,,,,,,,,,,
hrs,all_primary_wave_intervals,mortality,full,work_exit_phenotype,enrichment,PASS_SOURCE_STATUS,29844,10729,20,20,742.0,PASS,,,,,work_exit_retirement,risk_ratio,1.6939273829034929,0.0793298054650989,1.4500037845500984,1.978884475422649,3.057400536628652e-11,,,,,,,,,,,,,,,,,,,,,,,,,,6042.0,276.0,5766.0,1572.0,79.0,1493.0
hrs,all_primary_wave_intervals,mortality,full,work_exit_phenotype,enrichment,PASS_SOURCE_STATUS,29844,10729,20,20,742.0,PASS,,,,,work_exit_no_retirement,risk_ratio,2.4524055447857536,0.1248132226138314,1.9202204108129337,3.132084693105481,6.608772582450495e-13,,,,,,,,,,,,,,,,,,,,,,,,,,6042.0,276.0,5766.0,1572.0,79.0,1493.0
hrs,all_primary_wave_intervals,incident_heart_disease,basic,any_withdrawal,core,PASS_BASELINE_FREE_RISK_SET,54564,15186,14,14,2661.0,PASS,15675.0,842.0,14833.0,,any_withdrawal,risk_ratio,1.1694496778648455,0.0408574258927124,1.0794527439060018,1.2669499028827167,0.0001275158951187,,,,,,,,,,,,,,,,,,,,,,,,,,,,,,,
hrs,all_primary_wave_intervals,incident_heart_disease,basic,score_categorical,core,PASS_BASELINE_FREE_RISK_SET,54564,15186,15,15,2661.0,PASS,,,,,loss_1,risk_ratio,1.1372147833979749,0.0425810423345233,1.046158403055354,1.236196602543061,0.0025302268302871,14110.0,742.0,13368.0,1565.0,100.0,1465.0,,,,,,,,,,,,,,,,,,,,,,,,,
hrs,all_primary_wave_intervals,incident_heart_disease,basic,score_categorical,core,PASS_BASELINE_FREE_RISK_SET,54564,15186,15,15,2661.0,PASS,,,,,loss_2plus,risk_ratio,1.5144332164934748,0.10100728314467,1.2424318362185354,1.8459829347252488,3.973364245027841e-05,14110.0,742.0,13368.0,1565.0,100.0,1465.0,,,,,,,,,,,,,,,,,,,,,,,,,
hrs,all_primary_wave_intervals,incident_heart_disease,basic,mutually_adjusted_components,core,PASS_BASELINE_FREE_RISK_SET,54564,15186,16,16,2661.0,PASS,,,,,alcohol_loss,risk_ratio,1.2743047417980582,0.0646659813323812,1.122611575600344,1.4464954845139744,0.0001778920662876,,,,,,,4095.0,249.0,3846.0,7932.0,434.0,7498.0,5294.0,262.0,5032.0,,,,,,,,,,,,,,,,
hrs,all_primary_wave_intervals,incident_heart_disease,basic,mutually_adjusted_components,core,PASS_BASELINE_FREE_RISK_SET,54564,15186,16,16,2661.0,PASS,,,,,activity_loss,risk_ratio,1.0746376882494904,0.0514116759655971,0.971628778403046,1.1885672663013298,0.1614712439928625,,,,,,,4095.0,249.0,3846.0,7932.0,434.0,7498.0,5294.0,262.0,5032.0,,,,,,,,,,,,,,,,
hrs,all_primary_wave_intervals,incident_heart_disease,basic,mutually_adjusted_components,core,PASS_BASELINE_FREE_RISK_SET,54564,15186,16,16,2661.0,PASS,,,,,work_loss,risk_ratio,1.2384552434913934,0.0654674138991171,1.0893171785176978,1.408011753030853,0.0010879465134113,,,,,,,4095.0,249.0,3846.0,7932.0,434.0,7498.0,5294.0,262.0,5032.0,,,,,,,,,,,,,,,,
hrs,all_primary_wave_intervals,incident_heart_disease,full,any_withdrawal,core,PASS_BASELINE_FREE_RISK_SET,54124,15068,19,19,2635.0,PASS,15534.0,836.0,14698.0,,any_withdrawal,risk_ratio,1.109135398340687,0.0413206227281717,1.0228510334633103,1.202698429787021,0.0121844185217769,,,,,,,,,,,,,,,,,,,,,,,,,,,,,,,
hrs,all_primary_wave_intervals,incident_heart_disease,full,score_categorical,core,PASS_BASELINE_FREE_RISK_SET,54124,15068,20,20,2635.0,PASS,,,,,loss_1,risk_ratio,1.0849885159348942,0.042979419014253,0.9973348470432248,1.180345882028109,0.0577130479740429,13990.0,737.0,13253.0,1544.0,99.0,1445.0,,,,,,,,,,,,,,,,,,,,,,,,,
hrs,all_primary_wave_intervals,incident_heart_disease,full,score_categorical,core,PASS_BASELINE_FREE_RISK_SET,54124,15068,20,20,2635.0,PASS,,,,,loss_2plus,risk_ratio,1.3686678104731749,0.1014952380792509,1.1217734319479615,1.669901891126561,0.0019871659714905,13990.0,737.0,13253.0,1544.0,99.0,1445.0,,,,,,,,,,,,,,,,,,,,,,,,,
hrs,all_primary_wave_intervals,incident_heart_disease,full,mutually_adjusted_components,core,PASS_BASELINE_FREE_RISK_SET,54124,15068,21,21,2635.0,PASS,,,,,alcohol_loss,risk_ratio,1.2228347650321842,0.0646489799117835,1.0773044795577251,1.38802436167833,0.0018597921578083,,,,,,,4056.0,249.0,3807.0,7858.0,428.0,7430.0,5245.0,261.0,4984.0,,,,,,,,,,,,,,,,
hrs,all_primary_wave_intervals,incident_heart_disease,full,mutually_adjusted_components,core,PASS_BASELINE_FREE_RISK_SET,54124,15068,21,21,2635.0,PASS,,,,,activity_loss,risk_ratio,1.0063279454535072,0.051765162117613,0.9092366793864572,1.1137869344250748,0.9030113419430746,,,,,,,4056.0,249.0,3807.0,7858.0,428.0,7430.0,5245.0,261.0,4984.0,,,,,,,,,,,,,,,,
hrs,all_primary_wave_intervals,incident_heart_disease,full,mutually_adjusted_components,core,PASS_BASELINE_FREE_RISK_SET,54124,15068,21,21,2635.0,PASS,,,,,work_loss,risk_ratio,1.211627837959298,0.0658027365105423,1.065020217403149,1.3784170419764112,0.0035310261712599,,,,,,,4056.0,249.0,3807.0,7858.0,428.0,7430.0,5245.0,261.0,4984.0,,,,,,,,,,,,,,,,
hrs,all_primary_wave_intervals,incident_hypertension,basic,any_withdrawal,core,PASS_BASELINE_FREE_RISK_SET,27684,8303,14,14,2618.0,PASS,7254.0,748.0,6506.0,,any_withdrawal,risk_ratio,1.158534930419469,0.0416501375706154,1.0677177710145596,1.257076749529667,0.0004106382085616,,,,,,,,,,,,,,,,,,,,,,,,,,,,,,,
hrs,all_primary_wave_intervals,incident_hypertension,basic,score_categorical,core,PASS_BASELINE_FREE_RISK_SET,27684,8303,15,15,2618.0,PASS,,,,,loss_1,risk_ratio,1.1333601681968173,0.0432448544468457,1.0412568189218037,1.2336104287750953,0.0037935502242513,6564.0,666.0,5898.0,690.0,82.0,608.0,,,,,,,,,,,,,,,,,,,,,,,,,
hrs,all_primary_wave_intervals,incident_hypertension,basic,score_categorical,core,PASS_BASELINE_FREE_RISK_SET,27684,8303,15,15,2618.0,PASS,,,,,loss_2plus,risk_ratio,1.4347071900383637,0.1077407813445892,1.1615934525985538,1.7720354023544531,0.0008073262940577,6564.0,666.0,5898.0,690.0,82.0,608.0,,,,,,,,,,,,,,,,,,,,,,,,,
hrs,all_primary_wave_intervals,incident_hypertension,basic,mutually_adjusted_components,core,PASS_BASELINE_FREE_RISK_SET,27684,8303,16,16,2618.0,PASS,,,,,alcohol_loss,risk_ratio,1.142772303773506,0.0707423199652677,0.9948182282942748,1.3127308096384245,0.0592242418133997,,,,,,,1904.0,199.0,1705.0,3480.0,386.0,3094.0,2605.0,253.0,2352.0,,,,,,,,,,,,,,,,
hrs,all_primary_wave_intervals,incident_hypertension,basic,mutually_adjusted_components,core,PASS_BASELINE_FREE_RISK_SET,27684,8303,16,16,2618.0,PASS,,,,,activity_loss,risk_ratio,1.1818428036270252,0.0526530180483752,1.0659611700460625,1.310322037738608,0.0015080451803044,,,,,,,1904.0,199.0,1705.0,3480.0,386.0,3094.0,2605.0,253.0,2352.0,,,,,,,,,,,,,,,,
hrs,all_primary_wave_intervals,incident_hypertension,basic,mutually_adjusted_components,core,PASS_BASELINE_FREE_RISK_SET,27684,8303,16,16,2618.0,PASS,,,,,work_loss,risk_ratio,1.137456940800652,0.0647536592563593,1.001881945516471,1.2913779891588106,0.0467012223570643,,,,,,,1904.0,199.0,1705.0,3480.0,386.0,3094.0,2605.0,253.0,2352.0,,,,,,,,,,,,,,,,
hrs,all_primary_wave_intervals,incident_hypertension,full,any_withdrawal,core,PASS_BASELINE_FREE_RISK_SET,27473,8242,19,19,2598.0,PASS,7188.0,743.0,6445.0,,any_withdrawal,risk_ratio,1.0901362727913502,0.0423884981183376,1.0032279784030806,1.184573316173942,0.0417510015967663,,,,,,,,,,,,,,,,,,,,,,,,,,,,,,,
hrs,all_primary_wave_intervals,incident_hypertension,full,score_categorical,core,PASS_BASELINE_FREE_RISK_SET,27473,8242,20,20,2598.0,PASS,,,,,loss_1,risk_ratio,1.071612796098877,0.0438998985193013,0.9832642054884956,1.1678997143929786,0.1151384010696526,6508.0,661.0,5847.0,680.0,82.0,598.0,,,,,,,,,,,,,,,,,,,,,,,,,
hrs,all_primary_wave_intervals,incident_hypertension,full,score_categorical,core,PASS_BASELINE_FREE_RISK_SET,27473,8242,20,20,2598.0,PASS,,,,,loss_2plus,risk_ratio,1.2926609469987298,0.1078527188512252,1.0463578279310608,1.5969415808735603,0.0173068136535526,6508.0,661.0,5847.0,680.0,82.0,598.0,,,,,,,,,,,,,,,,,,,,,,,,,
hrs,all_primary_wave_intervals,incident_hypertension,full,mutually_adjusted_components,core,PASS_BASELINE_FREE_RISK_SET,27473,8242,21,21,2598.0,PASS,,,,,alcohol_loss,risk_ratio,1.080947770603681,0.0708581787610759,0.9407844253077008,1.2419934379663071,0.2719830623255106,,,,,,,1882.0,198.0,1684.0,3446.0,383.0,3063.0,2585.0,252.0,2333.0,,,,,,,,,,,,,,,,
hrs,all_primary_wave_intervals,incident_hypertension,full,mutually_adjusted_components,core,PASS_BASELINE_FREE_RISK_SET,27473,8242,21,21,2598.0,PASS,,,,,activity_loss,risk_ratio,1.112260999441948,0.0531629090623038,1.00219990919797,1.2344089432911984,0.0453601708255744,,,,,,,1882.0,198.0,1684.0,3446.0,383.0,3063.0,2585.0,252.0,2333.0,,,,,,,,,,,,,,,,
hrs,all_primary_wave_intervals,incident_hypertension,full,mutually_adjusted_components,core,PASS_BASELINE_FREE_RISK_SET,27473,8242,21,21,2598.0,PASS,,,,,work_loss,risk_ratio,1.09019574806363,0.0653761576291135,0.9590830100244548,1.2392324300121975,0.1865250239268687,,,,,,,1882.0,198.0,1684.0,3446.0,383.0,3063.0,2585.0,252.0,2333.0,,,,,,,,,,,,,,,,
hrs,all_primary_wave_intervals,incident_any_iadl,basic,any_withdrawal,core,PASS_STRICT_COMPLETE_ITEM_COUNTS,59028,16793,14,14,4141.0,PASS,16362.0,1542.0,14820.0,,any_withdrawal,risk_ratio,1.7300042207424453,0.0308191181286197,1.628597942467073,1.8377246622655528,9.205205744380064e-71,,,,,,,,,,,,,,,,,,,,,,,,,,,,,,,
hrs,all_primary_wave_intervals,incident_any_iadl,basic,score_categorical,core,PASS_STRICT_COMPLETE_ITEM_COUNTS,59028,16793,15,15,4141.0,PASS,,,,,loss_1,risk_ratio,1.6658574156572137,0.0318225278141341,1.5651300926476173,1.7730672628022426,7.040359567438656e-58,14818.0,1386.0,13432.0,1544.0,156.0,1388.0,,,,,,,,,,,,,,,,,,,,,,,,,
hrs,all_primary_wave_intervals,incident_any_iadl,basic,score_categorical,core,PASS_STRICT_COMPLETE_ITEM_COUNTS,59028,16793,15,15,4141.0,PASS,,,,,loss_2plus,risk_ratio,2.8143832327566933,0.0798711066307081,2.4065607291765274,3.291316476992594,2.1967143597702142e-38,14818.0,1386.0,13432.0,1544.0,156.0,1388.0,,,,,,,,,,,,,,,,,,,,,,,,,
hrs,all_primary_wave_intervals,incident_any_iadl,basic,mutually_adjusted_components,core,PASS_STRICT_COMPLETE_ITEM_COUNTS,59028,16793,16,16,4141.0,PASS,,,,,alcohol_loss,risk_ratio,1.756750197959683,0.0490691044389238,1.5956671845868842,1.9340945830319805,1.6041632367706912e-30,,,,,,,4173.0,425.0,3748.0,8080.0,959.0,7121.0,5726.0,324.0,5402.0,,,,,,,,,,,,,,,,
hrs,all_primary_wave_intervals,incident_any_iadl,basic,mutually_adjusted_components,core,PASS_STRICT_COMPLETE_ITEM_COUNTS,59028,16793,16,16,4141.0,PASS,,,,,activity_loss,risk_ratio,1.7507540112818458,0.0347407622976492,1.6355120174280071,1.874116224984813,1.824320175110592e-58,,,,,,,4173.0,425.0,3748.0,8080.0,959.0,7121.0,5726.0,324.0,5402.0,,,,,,,,,,,,,,,,
hrs,all_primary_wave_intervals,incident_any_iadl,basic,mutually_adjusted_components,core,PASS_STRICT_COMPLETE_ITEM_COUNTS,59028,16793,16,16,4141.0,PASS,,,,,work_loss,risk_ratio,1.3822636530027803,0.0574652929519676,1.235026687324477,1.5470538620924612,1.7673554843218553e-08,,,,,,,4173.0,425.0,3748.0,8080.0,959.0,7121.0,5726.0,324.0,5402.0,,,,,,,,,,,,,,,,
hrs,all_primary_wave_intervals,incident_any_iadl,full,any_withdrawal,core,PASS_STRICT_COMPLETE_ITEM_COUNTS,58627,16681,19,19,4107.0,PASS,16246.0,1531.0,14715.0,,any_withdrawal,risk_ratio,1.485842391618863,0.0314458119885154,1.397030928896957,1.5802997393012634,2.321549270930628e-36,,,,,,,,,,,,,,,,,,,,,,,,,,,,,,,
hrs,all_primary_wave_intervals,incident_any_iadl,full,score_categorical,core,PASS_STRICT_COMPLETE_ITEM_COUNTS,58627,16681,20,20,4107.0,PASS,,,,,loss_1,risk_ratio,1.447107849426155,0.0323423084340043,1.3582229871697415,1.5418095170326267,3.0745403850008544e-30,14720.0,1376.0,13344.0,1526.0,155.0,1371.0,,,,,,,,,,,,,,,,,,,,,,,,,
hrs,all_primary_wave_intervals,incident_any_iadl,full,score_categorical,core,PASS_STRICT_COMPLETE_ITEM_COUNTS,58627,16681,20,20,4107.0,PASS,,,,,loss_2plus,risk_ratio,2.0872023970722138,0.0806998653479181,1.7818564560857468,2.444873621253336,7.649515858317981e-20,14720.0,1376.0,13344.0,1526.0,155.0,1371.0,,,,,,,,,,,,,,,,,,,,,,,,,
hrs,all_primary_wave_intervals,incident_any_iadl,full,mutually_adjusted_components,core,PASS_STRICT_COMPLETE_ITEM_COUNTS,58627,16681,21,21,4107.0,PASS,,,,,alcohol_loss,risk_ratio,1.499262849730281,0.0496922170776719,1.3601277076426646,1.6526309110172956,3.650169056223458e-16,,,,,,,4137.0,423.0,3714.0,8023.0,950.0,7073.0,5685.0,323.0,5362.0,,,,,,,,,,,,,,,,
hrs,all_primary_wave_intervals,incident_any_iadl,full,mutually_adjusted_components,core,PASS_STRICT_COMPLETE_ITEM_COUNTS,58627,16681,21,21,4107.0,PASS,,,,,activity_loss,risk_ratio,1.5033592646692902,0.0351382045849989,1.403308269222842,1.6105435478682355,3.987390715778914e-31,,,,,,,4137.0,423.0,3714.0,8023.0,950.0,7073.0,5685.0,323.0,5362.0,,,,,,,,,,,,,,,,
hrs,all_primary_wave_intervals,incident_any_iadl,full,mutually_adjusted_components,core,PASS_STRICT_COMPLETE_ITEM_COUNTS,58627,16681,21,21,4107.0,PASS,,,,,work_loss,risk_ratio,1.2497214802082652,0.0577035557389,1.116081421493772,1.3993636557479896,0.0001119086551426,,,,,,,4137.0,423.0,3714.0,8023.0,950.0,7073.0,5685.0,323.0,5362.0,,,,,,,,,,,,,,,,
hrs,all_primary_wave_intervals,iadl_count_increase,basic,any_withdrawal,core,PASS_STRICT_COMPLETE_ITEM_COUNTS,65474,18199,15,15,5514.0,PASS,19226.0,2207.0,17019.0,,any_withdrawal,risk_ratio,1.6529801468491074,0.0266581576999148,1.5688310366698457,1.74164285510136,2.789121785693368e-79,,,,,,,,,,,,,,,,,,,,,,,,,,,,,,,
hrs,all_primary_wave_intervals,iadl_count_increase,basic,score_categorical,core,PASS_STRICT_COMPLETE_ITEM_COUNTS,65474,18199,16,16,5514.0,PASS,,,,,loss_1,risk_ratio,1.5949615489701758,0.0274328614189499,1.511469276212128,1.68306586361357,6.0504323905792534e-65,17330.0,1980.0,15350.0,1896.0,227.0,1669.0,,,,,,,,,,,,,,,,,,,,,,,,,
hrs,all_primary_wave_intervals,iadl_count_increase,basic,score_categorical,core,PASS_STRICT_COMPLETE_ITEM_COUNTS,65474,18199,16,16,5514.0,PASS,,,,,loss_2plus,risk_ratio,2.6392232486557905,0.067407815335453,2.312589192840968,3.011991657579378,5.387277655429238e-47,17330.0,1980.0,15350.0,1896.0,227.0,1669.0,,,,,,,,,,,,,,,,,,,,,,,,,
hrs,all_primary_wave_intervals,iadl_count_increase,basic,mutually_adjusted_components,core,PASS_STRICT_COMPLETE_ITEM_COUNTS,65474,18199,17,17,5514.0,PASS,,,,,alcohol_loss,risk_ratio,1.6483771956998696,0.0412371686201825,1.520391581159475,1.7871365594061146,8.283747375377653e-34,,,,,,,5030.0,620.0,4410.0,9932.0,1416.0,8516.0,6254.0,408.0,5846.0,,,,,,,,,,,,,,,,
hrs,all_primary_wave_intervals,iadl_count_increase,basic,mutually_adjusted_components,core,PASS_STRICT_COMPLETE_ITEM_COUNTS,65474,18199,17,17,5514.0,PASS,,,,,activity_loss,risk_ratio,1.6712781040445586,0.0296529571569488,1.5769142599439374,1.771288758057193,3.3246538031315215e-67,,,,,,,5030.0,620.0,4410.0,9932.0,1416.0,8516.0,6254.0,408.0,5846.0,,,,,,,,,,,,,,,,
hrs,all_primary_wave_intervals,iadl_count_increase,basic,mutually_adjusted_components,core,PASS_STRICT_COMPLETE_ITEM_COUNTS,65474,18199,17,17,5514.0,PASS,,,,,work_loss,risk_ratio,1.3596423181206048,0.0506725827194057,1.2310964888709102,1.5016103529950156,1.337074685858116e-09,,,,,,,5030.0,620.0,4410.0,9932.0,1416.0,8516.0,6254.0,408.0,5846.0,,,,,,,,,,,,,,,,
hrs,all_primary_wave_intervals,iadl_count_increase,full,any_withdrawal,core,PASS_STRICT_COMPLETE_ITEM_COUNTS,65020,18078,20,20,5467.0,PASS,19084.0,2188.0,16896.0,,any_withdrawal,risk_ratio,1.463915341671819,0.0269145147610912,1.3886931257074402,1.5432121668279937,1.6156151287288543e-45,,,,,,,,,,,,,,,,,,,,,,,,,,,,,,,
hrs,all_primary_wave_intervals,iadl_count_increase,full,score_categorical,core,PASS_STRICT_COMPLETE_ITEM_COUNTS,65020,18078,21,21,5467.0,PASS,,,,,loss_1,risk_ratio,1.426854809922276,0.0276164144985648,1.3516761441078895,1.506214826290394,6.488392087381741e-38,17208.0,1964.0,15244.0,1876.0,224.0,1652.0,,,,,,,,,,,,,,,,,,,,,,,,,
hrs,all_primary_wave_intervals,iadl_count_increase,full,score_categorical,core,PASS_STRICT_COMPLETE_ITEM_COUNTS,65020,18078,21,21,5467.0,PASS,,,,,loss_2plus,risk_ratio,2.0533777091198635,0.0681500322790189,1.7966332402875425,2.346811759775485,4.6956275017856696e-26,17208.0,1964.0,15244.0,1876.0,224.0,1652.0,,,,,,,,,,,,,,,,,,,,,,,,,
hrs,all_primary_wave_intervals,iadl_count_increase,full,mutually_adjusted_components,core,PASS_STRICT_COMPLETE_ITEM_COUNTS,65020,18078,22,22,5467.0,PASS,,,,,alcohol_loss,risk_ratio,1.4497375838318307,0.04133863113424,1.3369091366548722,1.5720881878579946,2.6131025563268263e-19,,,,,,,4987.0,615.0,4372.0,9861.0,1401.0,8460.0,6206.0,406.0,5800.0,,,,,,,,,,,,,,,,
hrs,all_primary_wave_intervals,iadl_count_increase,full,mutually_adjusted_components,core,PASS_STRICT_COMPLETE_ITEM_COUNTS,65020,18078,22,22,5467.0,PASS,,,,,activity_loss,risk_ratio,1.4771115801586756,0.0296535209464172,1.3937092425108997,1.5655048798471292,1.5953401469175452e-39,,,,,,,4987.0,615.0,4372.0,9861.0,1401.0,8460.0,6206.0,406.0,5800.0,,,,,,,,,,,,,,,,
hrs,all_primary_wave_intervals,iadl_count_increase,full,mutually_adjusted_components,core,PASS_STRICT_COMPLETE_ITEM_COUNTS,65020,18078,22,22,5467.0,PASS,,,,,work_loss,risk_ratio,1.255235980561718,0.0508263002210872,1.1362187567561388,1.386720081434904,7.728934507039244e-06,,,,,,,4987.0,615.0,4372.0,9861.0,1401.0,8460.0,6206.0,406.0,5800.0,,,,,,,,,,,,,,,,
hrs,all_primary_wave_intervals,word_recall_change,basic,any_withdrawal,core,PASS_BASELINE_ADJUSTED_CHANGE_CANDIDATE,45466,15168,12,12,,PASS,13379.0,,,,any_withdrawal,mean_difference,-0.3841391166897614,0.0295358443389047,-0.4420283078469958,-0.3262499255325269,1.133138715028527e-38,,,,,,,,,,,,,,,,-0.1188526402298977,0.0091383900482417,-0.1367635556011309,-0.1009417248586646,,,,,,,,,,,,
hrs,all_primary_wave_intervals,word_recall_change,basic,score_categorical,core,PASS_BASELINE_ADJUSTED_CHANGE_CANDIDATE,45466,15168,13,13,,PASS,,,,,loss_1,mean_difference,-0.3626746287566265,0.0303543869540924,-0.4221681339594401,-0.3031811235538129,6.64955923189438e-33,12043.0,,,1336.0,,,,,,,,,,,,-0.1122115278016203,0.0093916471281093,-0.1306188179282237,-0.0938042376750171,,,,,,,,,,,,
hrs,all_primary_wave_intervals,word_recall_change,basic,score_categorical,core,PASS_BASELINE_ADJUSTED_CHANGE_CANDIDATE,45466,15168,13,13,,PASS,,,,,loss_2plus,mean_difference,-0.593932030689026,0.0807120851233752,-0.7521248106479727,-0.4357392507300793,1.8577863628846547e-13,12043.0,,,1336.0,,,,,,,,,,,,-0.1837625664701719,0.0249723186173741,-0.2327074115706844,-0.1348177213696594,,,,,,,,,,,,
hrs,all_primary_wave_intervals,word_recall_change,basic,mutually_adjusted_components,core,PASS_BASELINE_ADJUSTED_CHANGE_CANDIDATE,45466,15168,14,14,,PASS,,,,,alcohol_loss,mean_difference,-0.4137720732535865,0.0501334018111144,-0.5120317352258461,-0.315512411281327,1.53923585953877e-16,,,,,,,3604.0,,,7016.0,,,4156.0,,,-0.1280210767999045,0.015511274197492,-0.1584226155813144,-0.0976195380184945,,,,,,,,,,,,
hrs,all_primary_wave_intervals,word_recall_change,basic,mutually_adjusted_components,core,PASS_BASELINE_ADJUSTED_CHANGE_CANDIDATE,45466,15168,14,14,,PASS,,,,,activity_loss,mean_difference,-0.2991498858821707,0.0370133288199769,-0.3716946773172639,-0.2266050944470774,6.359796431511697e-16,,,,,,,3604.0,,,7016.0,,,4156.0,,,-0.0925569727653727,0.0114519236985293,-0.1150023307681911,-0.0701116147625544,,,,,,,,,,,,
hrs,all_primary_wave_intervals,word_recall_change,basic,mutually_adjusted_components,core,PASS_BASELINE_ADJUSTED_CHANGE_CANDIDATE,45466,15168,14,14,,PASS,,,,,work_loss,mean_difference,-0.3291118027720113,0.0469386562874219,-0.4211098785780628,-0.2371137269659598,2.357257146553284e-12,,,,,,,3604.0,,,7016.0,,,4156.0,,,-0.1018271896581301,0.0145228199530362,-0.1302913937200409,-0.0733629855962194,,,,,,,,,,,,
hrs,all_primary_wave_intervals,word_recall_change,full,any_withdrawal,core,PASS_BASELINE_ADJUSTED_CHANGE_CANDIDATE,45113,15060,17,17,,PASS,13269.0,,,,any_withdrawal,mean_difference,-0.2182016116200842,0.0294618223390643,-0.275945722323568,-0.1604575009166003,1.2992114622931666e-13,,,,,,,,,,,,,,,,-0.0675470547909808,0.0091202778613929,-0.085422470928309,-0.0496716386536525,,,,,,,,,,,,
hrs,all_primary_wave_intervals,word_recall_change,full,score_categorical,core,PASS_BASELINE_ADJUSTED_CHANGE_CANDIDATE,45113,15060,18,18,,PASS,,,,,loss_1,mean_difference,-0.2113852912420411,0.0301969791184802,-0.2705702827561706,-0.1522002997279117,2.5557333004127546e-12,11945.0,,,1324.0,,,,,,,,,,,,-0.0654369770393544,0.0093478548938927,-0.0837584359640907,-0.0471155181146181,,,,,,,,,,,,
hrs,all_primary_wave_intervals,word_recall_change,full,score_categorical,core,PASS_BASELINE_ADJUSTED_CHANGE_CANDIDATE,45113,15060,18,18,,PASS,,,,,loss_2plus,mean_difference,-0.2882583654639306,0.0801990844740806,-0.4454456826262141,-0.1310710483016471,0.0003252836379864,11945.0,,,1324.0,,,,,,,,,,,,-0.0892340045583719,0.0248266358480855,-0.1378933166779106,-0.0405746924388332,,,,,,,,,,,,
hrs,all_primary_wave_intervals,word_recall_change,full,mutually_adjusted_components,core,PASS_BASELINE_ADJUSTED_CHANGE_CANDIDATE,45113,15060,19,19,,PASS,,,,,alcohol_loss,mean_difference,-0.2251435345070123,0.0499482689416214,-0.3230403427227108,-0.1272467262913137,6.558533692045691e-06,,,,,,,3572.0,,,6962.0,,,4120.0,,,-0.0696960143798518,0.0154621152147521,-0.1000012033255749,-0.0393908254341288,,,,,,,,,,,,
hrs,all_primary_wave_intervals,word_recall_change,full,mutually_adjusted_components,core,PASS_BASELINE_ADJUSTED_CHANGE_CANDIDATE,45113,15060,19,19,,PASS,,,,,activity_loss,mean_difference,-0.159097383490947,0.0365580834351728,-0.2307499103676961,-0.087444856614198,1.3495843832584804e-05,,,,,,,3572.0,,,6962.0,,,4120.0,,,-0.0492505971884193,0.0113170147851537,-0.0714315385798279,-0.0270696557970107,,,,,,,,,,,,
hrs,all_primary_wave_intervals,word_recall_change,full,mutually_adjusted_components,core,PASS_BASELINE_ADJUSTED_CHANGE_CANDIDATE,45113,15060,19,19,,PASS,,,,,work_loss,mean_difference,-0.1958764937233548,0.0464937655222954,-0.2870025996527039,-0.1047503877940057,2.52042847058522e-05,,,,,,,3572.0,,,6962.0,,,4120.0,,,-0.0606360336001241,0.0143927302088012,-0.0888452664485762,-0.032426800751672,,,,,,,,,,,,
klosa,comparable_22_30_months,incident_diabetes,basic,any_withdrawal,core,PASS_BASELINE_FREE_RISK_SET,13243,4606,11,11,384.0,PASS,3934.0,137.0,3797.0,,any_withdrawal,risk_ratio,1.3592955195314054,0.1053994777636133,1.1055991274139445,1.6712063745382884,0.0035865075082978,,,,,,,,,,,,,,,,,,,,,,,,,,,,,,,
klosa,comparable_22_30_months,incident_diabetes,basic,score_categorical,core,PASS_BASELINE_FREE_RISK_SET,13243,4606,12,12,384.0,NOT_EVALUABLE_LOSS_2PLUS_EVENTS,,,,,,,,,,,,3653.0,126.0,3527.0,281.0,11.0,270.0,,,,,,,,,,,,,,,,,,,,,,,,,
klosa,comparable_22_30_months,incident_diabetes,basic,mutually_adjusted_components,core,PASS_BASELINE_FREE_RISK_SET,13243,4606,13,13,384.0,PASS,,,,,alcohol_loss,risk_ratio,1.4413031082305772,0.2037559336908602,0.9667584083209876,2.148783638099365,0.0728057307668526,,,,,,,623.0,26.0,597.0,2162.0,75.0,2087.0,1442.0,48.0,1394.0,,,,,,,,,,,,,,,,
klosa,comparable_22_30_months,incident_diabetes,basic,mutually_adjusted_components,core,PASS_BASELINE_FREE_RISK_SET,13243,4606,13,13,384.0,PASS,,,,,activity_loss,risk_ratio,1.3582249022037298,0.1289102986048708,1.0549771265925565,1.7486396988764317,0.0175428033708314,,,,,,,623.0,26.0,597.0,2162.0,75.0,2087.0,1442.0,48.0,1394.0,,,,,,,,,,,,,,,,
klosa,comparable_22_30_months,incident_diabetes,basic,mutually_adjusted_components,core,PASS_BASELINE_FREE_RISK_SET,13243,4606,13,13,384.0,PASS,,,,,work_loss,risk_ratio,1.210827667633731,0.1528643290038265,0.897354372570999,1.6338067607636717,0.2107653736755623,,,,,,,623.0,26.0,597.0,2162.0,75.0,2087.0,1442.0,48.0,1394.0,,,,,,,,,,,,,,,,
klosa,comparable_22_30_months,incident_diabetes,full,any_withdrawal,core,PASS_BASELINE_FREE_RISK_SET,13119,4585,16,16,378.0,PASS,3897.0,135.0,3762.0,,any_withdrawal,risk_ratio,1.2674783811757544,0.1068572087835493,1.0279773352440036,1.56277905326248,0.0265420026770317,,,,,,,,,,,,,,,,,,,,,,,,,,,,,,,
klosa,comparable_22_30_months,incident_diabetes,full,score_categorical,core,PASS_BASELINE_FREE_RISK_SET,13119,4585,17,17,378.0,NOT_EVALUABLE_LOSS_2PLUS_EVENTS,,,,,,,,,,,,3617.0,124.0,3493.0,280.0,11.0,269.0,,,,,,,,,,,,,,,,,,,,,,,,,
klosa,comparable_22_30_months,incident_diabetes,full,mutually_adjusted_components,core,PASS_BASELINE_FREE_RISK_SET,13119,4585,18,18,378.0,PASS,,,,,alcohol_loss,risk_ratio,1.3438998946815266,0.204153131974786,0.900723427866464,2.0051292894679493,0.1476690850888544,,,,,,,616.0,26.0,590.0,2144.0,73.0,2071.0,1429.0,48.0,1381.0,,,,,,,,,,,,,,,,
klosa,comparable_22_30_months,incident_diabetes,full,mutually_adjusted_components,core,PASS_BASELINE_FREE_RISK_SET,13119,4585,18,18,378.0,PASS,,,,,activity_loss,risk_ratio,1.2490901691592855,0.1315806042518517,0.9651441372432258,1.6165733080521008,0.0909637069992548,,,,,,,616.0,26.0,590.0,2144.0,73.0,2071.0,1429.0,48.0,1381.0,,,,,,,,,,,,,,,,
klosa,comparable_22_30_months,incident_diabetes,full,mutually_adjusted_components,core,PASS_BASELINE_FREE_RISK_SET,13119,4585,18,18,378.0,PASS,,,,,work_loss,risk_ratio,1.1686927627065349,0.1535529645198068,0.8649596220576246,1.5790826979338912,0.3100140458326108,,,,,,,616.0,26.0,590.0,2144.0,73.0,2071.0,1429.0,48.0,1381.0,,,,,,,,,,,,,,,,
klosa,comparable_22_30_months,incident_diabetes,full,extended_score_categorical,enrichment,PASS_BASELINE_FREE_RISK_SET,18786,5539,17,17,549.0,PASS,,,,,extended_loss_1,risk_ratio,1.3884586844667393,0.0976823589774677,1.1465304319189218,1.68143597832337,0.0007799578822824,,,,,,,,,,,,,,,,,,,,4943.0,178.0,4765.0,837.0,22.0,815.0,,,,,,
klosa,comparable_22_30_months,incident_diabetes,full,extended_score_categorical,enrichment,PASS_BASELINE_FREE_RISK_SET,18786,5539,17,17,549.0,PASS,,,,,extended_loss_2plus,risk_ratio,1.0329247686135907,0.2252477238146093,0.6642590521225414,1.6062010358853398,0.8856453025588474,,,,,,,,,,,,,,,,,,,,4943.0,178.0,4765.0,837.0,22.0,815.0,,,,,,
klosa,comparable_22_30_months,incident_stroke,basic,any_withdrawal,core,PASS_BASELINE_FREE_RISK_SET,15611,5310,11,11,191.0,PASS,4694.0,62.0,4632.0,,any_withdrawal,risk_ratio,1.1087882481386162,0.1567403084596845,0.8155132504259703,1.507530844616121,0.5099945608163055,,,,,,,,,,,,,,,,,,,,,,,,,,,,,,,
klosa,comparable_22_30_months,incident_stroke,basic,score_categorical,core,PASS_BASELINE_FREE_RISK_SET,15611,5310,12,12,191.0,NOT_EVALUABLE_LOSS_2PLUS_EVENTS,,,,,,,,,,,,4378.0,58.0,4320.0,316.0,4.0,312.0,,,,,,,,,,,,,,,,,,,,,,,,,
klosa,comparable_22_30_months,incident_stroke,basic,mutually_adjusted_components,core,PASS_BASELINE_FREE_RISK_SET,15611,5310,13,13,191.0,NOT_EVALUABLE_ALCOHOL_LOSS_EVENTS,,,,,,,,,,,,,,,,,,723.0,14.0,709.0,,,,,,,,,,,,,,,,,,,,,,
klosa,comparable_22_30_months,incident_stroke,full,any_withdrawal,core,PASS_BASELINE_FREE_RISK_SET,15472,5292,16,16,190.0,PASS,4653.0,61.0,4592.0,,any_withdrawal,risk_ratio,1.051103138829231,0.161501093670771,0.7659057902898394,1.442498310449603,0.7576211875747221,,,,,,,,,,,,,,,,,,,,,,,,,,,,,,,
klosa,comparable_22_30_months,incident_stroke,full,score_categorical,core,PASS_BASELINE_FREE_RISK_SET,15472,5292,17,17,190.0,NOT_EVALUABLE_LOSS_2PLUS_EVENTS,,,,,,,,,,,,4338.0,57.0,4281.0,315.0,4.0,311.0,,,,,,,,,,,,,,,,,,,,,,,,,
klosa,comparable_22_30_months,incident_stroke,full,mutually_adjusted_components,core,PASS_BASELINE_FREE_RISK_SET,15472,5292,18,18,190.0,NOT_EVALUABLE_ALCOHOL_LOSS_EVENTS,,,,,,,,,,,,,,,,,,717.0,14.0,703.0,,,,,,,,,,,,,,,,,,,,,,
klosa,comparable_22_30_months,incident_stroke,full,extended_score_categorical,enrichment,PASS_BASELINE_FREE_RISK_SET,22356,6389,17,17,281.0,NOT_EVALUABLE_EXTENDED_LOSS_2PLUS_EVENTS,,,,,,,,,,,,,,,,,,,,,,,,,,,,,,,5907.0,81.0,5826.0,991.0,10.0,981.0,,,,,,
klosa,comparable_22_30_months,incident_any_adl,basic,any_withdrawal,core,PASS_STRICT_COMPLETE_ITEM_COUNTS,16279,5520,11,11,352.0,PASS,4896.0,152.0,4744.0,,any_withdrawal,risk_ratio,1.7214396883977117,0.1076884457849067,1.393885949290707,2.1259663333996177,4.563323173769474e-07,,,,,,,,,,,,,,,,,,,,,,,,,,,,,,,
klosa,comparable_22_30_months,incident_any_adl,basic,score_categorical,core,PASS_STRICT_COMPLETE_ITEM_COUNTS,16279,5520,12,12,352.0,NOT_EVALUABLE_LOSS_2PLUS_EVENTS,,,,,,,,,,,,4561.0,139.0,4422.0,335.0,13.0,322.0,,,,,,,,,,,,,,,,,,,,,,,,,
klosa,comparable_22_30_months,incident_any_adl,basic,mutually_adjusted_components,core,PASS_STRICT_COMPLETE_ITEM_COUNTS,16279,5520,13,13,352.0,PASS,,,,,alcohol_loss,risk_ratio,1.904843529748842,0.1848075785221274,1.326022248946248,2.7363257861694525,0.0004887101633952,,,,,,,768.0,33.0,735.0,2730.0,81.0,2649.0,1746.0,51.0,1695.0,,,,,,,,,,,,,,,,
klosa,comparable_22_30_months,incident_any_adl,basic,mutually_adjusted_components,core,PASS_STRICT_COMPLETE_ITEM_COUNTS,16279,5520,13,13,352.0,PASS,,,,,activity_loss,risk_ratio,1.5169616584802503,0.1294631656760942,1.1769970047166556,1.9551219451515296,0.0012875116505066,,,,,,,768.0,33.0,735.0,2730.0,81.0,2649.0,1746.0,51.0,1695.0,,,,,,,,,,,,,,,,
klosa,comparable_22_30_months,incident_any_adl,basic,mutually_adjusted_components,core,PASS_STRICT_COMPLETE_ITEM_COUNTS,16279,5520,13,13,352.0,PASS,,,,,work_loss,risk_ratio,1.9163351453409163,0.1535286486196599,1.4183638112123018,2.589138527251321,2.2709370436034856e-05,,,,,,,768.0,33.0,735.0,2730.0,81.0,2649.0,1746.0,51.0,1695.0,,,,,,,,,,,,,,,,
klosa,comparable_22_30_months,incident_any_adl,full,any_withdrawal,core,PASS_STRICT_COMPLETE_ITEM_COUNTS,16129,5498,16,16,348.0,PASS,4851.0,151.0,4700.0,,any_withdrawal,risk_ratio,1.607421253134359,0.1088739256068521,1.298542154669416,1.9897722039573056,1.3038561562370731e-05,,,,,,,,,,,,,,,,,,,,,,,,,,,,,,,
klosa,comparable_22_30_months,incident_any_adl,full,score_categorical,core,PASS_STRICT_COMPLETE_ITEM_COUNTS,16129,5498,17,17,348.0,NOT_EVALUABLE_LOSS_2PLUS_EVENTS,,,,,,,,,,,,4517.0,138.0,4379.0,334.0,13.0,321.0,,,,,,,,,,,,,,,,,,,,,,,,,
klosa,comparable_22_30_months,incident_any_adl,full,mutually_adjusted_components,core,PASS_STRICT_COMPLETE_ITEM_COUNTS,16129,5498,18,18,348.0,PASS,,,,,alcohol_loss,risk_ratio,1.8110262418942649,0.1855256272466818,1.2589400307256724,2.6052202398704623,0.0013688458930749,,,,,,,761.0,33.0,728.0,2709.0,80.0,2629.0,1728.0,51.0,1677.0,,,,,,,,,,,,,,,,
klosa,comparable_22_30_months,incident_any_adl,full,mutually_adjusted_components,core,PASS_STRICT_COMPLETE_ITEM_COUNTS,16129,5498,18,18,348.0,PASS,,,,,activity_loss,risk_ratio,1.395040429065924,0.1317936915595701,1.0774665596820507,1.8062164261531444,0.0115338260306127,,,,,,,761.0,33.0,728.0,2709.0,80.0,2629.0,1728.0,51.0,1677.0,,,,,,,,,,,,,,,,
klosa,comparable_22_30_months,incident_any_adl,full,mutually_adjusted_components,core,PASS_STRICT_COMPLETE_ITEM_COUNTS,16129,5498,18,18,348.0,PASS,,,,,work_loss,risk_ratio,1.8601202598003364,0.1546693178177799,1.3736821690177166,2.5188121815644284,6.002888962095277e-05,,,,,,,761.0,33.0,728.0,2709.0,80.0,2629.0,1728.0,51.0,1677.0,,,,,,,,,,,,,,,,
klosa,comparable_22_30_months,incident_any_adl,full,extended_score_categorical,enrichment,PASS_STRICT_COMPLETE_ITEM_COUNTS,23058,6614,17,17,849.0,PASS,,,,,extended_loss_1,risk_ratio,1.30770087765502,0.0904156311579467,1.0953338025940629,1.5612424097291149,0.0030064132505632,,,,,,,,,,,,,,,,,,,,6125.0,193.0,5932.0,1023.0,35.0,988.0,,,,,,
klosa,comparable_22_30_months,incident_any_adl,full,extended_score_categorical,enrichment,PASS_STRICT_COMPLETE_ITEM_COUNTS,23058,6614,17,17,849.0,PASS,,,,,extended_loss_2plus,risk_ratio,2.014063506714532,0.1876731726885879,1.3942012450545216,2.90951670246185,0.0001909403280205,,,,,,,,,,,,,,,,,,,,6125.0,193.0,5932.0,1023.0,35.0,988.0,,,,,,
klosa,comparable_22_30_months,multimorbidity_progression,basic,any_withdrawal,core,PASS_STRICT_COMMON_SIX,16556,5596,12,12,1646.0,PASS,5087.0,489.0,4598.0,,any_withdrawal,risk_ratio,1.0079006649158924,0.0523736997760408,0.909572156961048,1.1168588908129935,0.8805603041228354,,,,,,,,,,,,,,,,,,,,,,,,,,,,,,,
klosa,comparable_22_30_months,multimorbidity_progression,basic,score_categorical,core,PASS_STRICT_COMMON_SIX,16556,5596,13,13,1646.0,PASS,,,,,loss_1,risk_ratio,1.010442529255967,0.0533914734311025,0.9100488657069934,1.121911298835597,0.845729536630544,4724.0,456.0,4268.0,363.0,33.0,330.0,,,,,,,,,,,,,,,,,,,,,,,,,
klosa,comparable_22_30_months,multimorbidity_progression,basic,score_categorical,core,PASS_STRICT_COMMON_SIX,16556,5596,13,13,1646.0,PASS,,,,,loss_2plus,risk_ratio,0.9685299134593146,0.1732592910405777,0.6896590867519639,1.3601650602232658,0.8535778951840736,4724.0,456.0,4268.0,363.0,33.0,330.0,,,,,,,,,,,,,,,,,,,,,,,,,
klosa,comparable_22_30_months,multimorbidity_progression,basic,mutually_adjusted_components,core,PASS_STRICT_COMMON_SIX,16556,5596,14,14,1646.0,PASS,,,,,alcohol_loss,risk_ratio,1.0586340305181936,0.1067906231266293,0.8587079968822219,1.3051072246214437,0.5936445518140692,,,,,,,831.0,85.0,746.0,2836.0,253.0,2583.0,1797.0,185.0,1612.0,,,,,,,,,,,,,,,,
klosa,comparable_22_30_months,multimorbidity_progression,basic,mutually_adjusted_components,core,PASS_STRICT_COMMON_SIX,16556,5596,14,14,1646.0,PASS,,,,,activity_loss,risk_ratio,0.9518978295678334,0.0663074012908091,0.835890470799241,1.0840050336613731,0.4571971030845864,,,,,,,831.0,85.0,746.0,2836.0,253.0,2583.0,1797.0,185.0,1612.0,,,,,,,,,,,,,,,,
klosa,comparable_22_30_months,multimorbidity_progression,basic,mutually_adjusted_components,core,PASS_STRICT_COMMON_SIX,16556,5596,14,14,1646.0,PASS,,,,,work_loss,risk_ratio,1.0435743353128233,0.0755911115196203,0.8998707162315766,1.2102265066300268,0.5725894336870725,,,,,,,831.0,85.0,746.0,2836.0,253.0,2583.0,1797.0,185.0,1612.0,,,,,,,,,,,,,,,,
klosa,comparable_22_30_months,multimorbidity_progression,full,any_withdrawal,core,PASS_STRICT_COMMON_SIX,16408,5574,16,16,1629.0,PASS,5040.0,481.0,4559.0,,any_withdrawal,risk_ratio,0.9949432982557584,0.0531510446594282,0.8965119437356067,1.1041817944100756,0.924013248120849,,,,,,,,,,,,,,,,,,,,,,,,,,,,,,,
klosa,comparable_22_30_months,multimorbidity_progression,full,score_categorical,core,PASS_STRICT_COMMON_SIX,16408,5574,17,17,1629.0,PASS,,,,,loss_1,risk_ratio,0.9973755305123528,0.054149388835203,0.8969467606619224,1.1090490455985291,0.9612931259956792,4678.0,448.0,4230.0,362.0,33.0,329.0,,,,,,,,,,,,,,,,,,,,,,,,,
klosa,comparable_22_30_months,multimorbidity_progression,full,score_categorical,core,PASS_STRICT_COMMON_SIX,16408,5574,17,17,1629.0,PASS,,,,,loss_2plus,risk_ratio,0.9571327290089748,0.1735356803584342,0.6811744161831162,1.3448876516435355,0.80067489986409,4678.0,448.0,4230.0,362.0,33.0,329.0,,,,,,,,,,,,,,,,,,,,,,,,,
klosa,comparable_22_30_months,multimorbidity_progression,full,mutually_adjusted_components,core,PASS_STRICT_COMMON_SIX,16408,5574,18,18,1629.0,PASS,,,,,alcohol_loss,risk_ratio,1.057289411962036,0.1073244097721313,0.8567205410679715,1.3048139353044153,0.6037145715803871,,,,,,,824.0,85.0,739.0,2814.0,247.0,2567.0,1778.0,183.0,1595.0,,,,,,,,,,,,,,,,
klosa,comparable_22_30_months,multimorbidity_progression,full,mutually_adjusted_components,core,PASS_STRICT_COMMON_SIX,16408,5574,18,18,1629.0,PASS,,,,,activity_loss,risk_ratio,0.9348765014672686,0.0674159161308549,0.8191618381997582,1.066936998574573,0.3178497205095562,,,,,,,824.0,85.0,739.0,2814.0,247.0,2567.0,1778.0,183.0,1595.0,,,,,,,,,,,,,,,,
klosa,comparable_22_30_months,multimorbidity_progression,full,mutually_adjusted_components,core,PASS_STRICT_COMMON_SIX,16408,5574,18,18,1629.0,PASS,,,,,work_loss,risk_ratio,1.035298786171198,0.0762371677275669,0.8916050302329791,1.2021506612266193,0.6490888932254215,,,,,,,824.0,85.0,739.0,2814.0,247.0,2567.0,1778.0,183.0,1595.0,,,,,,,,,,,,,,,,
klosa,comparable_22_30_months,multimorbidity_progression,full,extended_score_categorical,enrichment,PASS_STRICT_COMMON_SIX,24040,6767,17,17,2352.0,PASS,,,,,extended_loss_1,risk_ratio,1.0930080627619307,0.0469746667599803,0.996869840055936,1.1984178648594224,0.0583280321755322,,,,,,,,,,,,,,,,,,,,6359.0,653.0,5706.0,1088.0,87.0,1001.0,,,,,,
klosa,comparable_22_30_months,multimorbidity_progression,full,extended_score_categorical,enrichment,PASS_STRICT_COMMON_SIX,24040,6767,17,17,2352.0,PASS,,,,,extended_loss_2plus,risk_ratio,0.871668985055108,0.1110062564415492,0.7012338896854204,1.0835283785954184,0.2159841182306329,,,,,,,,,,,,,,,,,,,,6359.0,653.0,5706.0,1088.0,87.0,1001.0,,,,,,
klosa,comparable_22_30_months,mortality,basic,any_withdrawal,core,PASS_SOURCE_STATUS,17348,5847,11,11,614.0,PASS,5466.0,310.0,5156.0,,any_withdrawal,risk_ratio,2.0061664432672424,0.080331300426271,1.7139132446076657,2.3482540967310386,4.439324933786284e-18,,,,,,,,,,,,,,,,,,,,,,,,,,,,,,,
klosa,comparable_22_30_months,mortality,basic,score_categorical,core,PASS_SOURCE_STATUS,17348,5847,12,12,614.0,PASS,,,,,loss_1,risk_ratio,1.9158485883062275,0.0816813005808239,1.632427619846408,2.2484769117422263,1.7242272250956176e-15,5065.0,278.0,4787.0,401.0,32.0,369.0,,,,,,,,,,,,,,,,,,,,,,,,,
klosa,comparable_22_30_months,mortality,basic,score_categorical,core,PASS_SOURCE_STATUS,17348,5847,12,12,614.0,PASS,,,,,loss_2plus,risk_ratio,4.022390083410571,0.1977312986112969,2.73007764497398,5.926432903073679,1.9330376552367927e-12,5065.0,278.0,4787.0,401.0,32.0,369.0,,,,,,,,,,,,,,,,,,,,,,,,,
klosa,comparable_22_30_months,mortality,basic,mutually_adjusted_components,core,PASS_SOURCE_STATUS,17348,5847,13,13,614.0,PASS,,,,,alcohol_loss,risk_ratio,2.112933870389761,0.1137981218846583,1.6905217704432969,2.640894437857228,4.9072166978192645e-11,,,,,,,923.0,84.0,839.0,3063.0,180.0,2883.0,1898.0,81.0,1817.0,,,,,,,,,,,,,,,,
klosa,comparable_22_30_months,mortality,basic,mutually_adjusted_components,core,PASS_SOURCE_STATUS,17348,5847,13,13,614.0,PASS,,,,,activity_loss,risk_ratio,2.0018302344341423,0.0903144119025924,1.677071109422542,2.3894778611232983,1.5305491106545685e-14,,,,,,,923.0,84.0,839.0,3063.0,180.0,2883.0,1898.0,81.0,1817.0,,,,,,,,,,,,,,,,
klosa,comparable_22_30_months,mortality,basic,mutually_adjusted_components,core,PASS_SOURCE_STATUS,17348,5847,13,13,614.0,PASS,,,,,work_loss,risk_ratio,1.727014236810699,0.1200208741313842,1.3650041270411948,2.1850323490317405,5.3014233181460165e-06,,,,,,,923.0,84.0,839.0,3063.0,180.0,2883.0,1898.0,81.0,1817.0,,,,,,,,,,,,,,,,
klosa,comparable_22_30_months,mortality,full,any_withdrawal,core,PASS_SOURCE_STATUS,17193,5827,16,16,611.0,PASS,5418.0,309.0,5109.0,,any_withdrawal,risk_ratio,1.9010819700641048,0.0804463047767855,1.6237711624176303,2.2257524585679733,1.3968310976969076e-15,,,,,,,,,,,,,,,,,,,,,,,,,,,,,,,
klosa,comparable_22_30_months,mortality,full,score_categorical,core,PASS_SOURCE_STATUS,17193,5827,17,17,611.0,PASS,,,,,loss_1,risk_ratio,1.824664935669834,0.0820194230295934,1.5537032239287687,2.14288164958821,2.261256690012341e-13,5018.0,277.0,4741.0,400.0,32.0,368.0,,,,,,,,,,,,,,,,,,,,,,,,,
klosa,comparable_22_30_months,mortality,full,score_categorical,core,PASS_SOURCE_STATUS,17193,5827,17,17,611.0,PASS,,,,,loss_2plus,risk_ratio,3.62511696779722,0.1951491228529023,2.472924114238872,5.31414326648517,4.125479144679161e-11,5018.0,277.0,4741.0,400.0,32.0,368.0,,,,,,,,,,,,,,,,,,,,,,,,,
klosa,comparable_22_30_months,mortality,full,mutually_adjusted_components,core,PASS_SOURCE_STATUS,17193,5827,18,18,611.0,PASS,,,,,alcohol_loss,risk_ratio,1.9780302946236608,0.1118054165341988,1.5887808469350797,2.4626454013445453,1.055444272963304e-09,,,,,,,916.0,84.0,832.0,3040.0,179.0,2861.0,1879.0,81.0,1798.0,,,,,,,,,,,,,,,,
klosa,comparable_22_30_months,mortality,full,mutually_adjusted_components,core,PASS_SOURCE_STATUS,17193,5827,18,18,611.0,PASS,,,,,activity_loss,risk_ratio,1.9175912042745744,0.0908559155527662,1.604794153396239,2.29135681914669,7.724357083160824e-13,,,,,,,916.0,84.0,832.0,3040.0,179.0,2861.0,1879.0,81.0,1798.0,,,,,,,,,,,,,,,,
klosa,comparable_22_30_months,mortality,full,mutually_adjusted_components,core,PASS_SOURCE_STATUS,17193,5827,18,18,611.0,PASS,,,,,work_loss,risk_ratio,1.6661210811787166,0.1208065404994719,1.3148488951634107,2.111238384394837,2.381464398327639e-05,,,,,,,916.0,84.0,832.0,3040.0,179.0,2861.0,1879.0,81.0,1798.0,,,,,,,,,,,,,,,,
klosa,comparable_22_30_months,mortality,full,extended_score_categorical,enrichment,PASS_SOURCE_STATUS,25717,7119,17,17,1390.0,PASS,,,,,extended_loss_1,risk_ratio,1.5097457366525264,0.0676977336317522,1.3221459425017603,1.723964137444263,1.164854983548603e-09,,,,,,,,,,,,,,,,,,,,6802.0,368.0,6434.0,1188.0,74.0,1114.0,,,,,,
klosa,comparable_22_30_months,mortality,full,extended_score_categorical,enrichment,PASS_SOURCE_STATUS,25717,7119,17,17,1390.0,PASS,,,,,extended_loss_2plus,risk_ratio,2.2293346573237054,0.1326308997153687,1.7190149002351098,2.8911517949407326,1.497640104862295e-09,,,,,,,,,,,,,,,,,,,,6802.0,368.0,6434.0,1188.0,74.0,1114.0,,,,,,
klosa,comparable_22_30_months,incident_heart_disease,basic,any_withdrawal,core,PASS_BASELINE_FREE_RISK_SET,15004,5121,11,11,200.0,PASS,4525.0,67.0,4458.0,,any_withdrawal,risk_ratio,1.2125125935803749,0.1524691913982873,0.899299282721019,1.6348137019999032,0.2062920114224943,,,,,,,,,,,,,,,,,,,,,,,,,,,,,,,
klosa,comparable_22_30_months,incident_heart_disease,basic,score_categorical,core,PASS_BASELINE_FREE_RISK_SET,15004,5121,12,12,200.0,NOT_EVALUABLE_LOSS_2PLUS_EVENTS,,,,,,,,,,,,4200.0,63.0,4137.0,325.0,4.0,321.0,,,,,,,,,,,,,,,,,,,,,,,,,
klosa,comparable_22_30_months,incident_heart_disease,basic,mutually_adjusted_components,core,PASS_BASELINE_FREE_RISK_SET,15004,5121,13,13,200.0,NOT_EVALUABLE_ALCOHOL_LOSS_EVENTS,,,,,,,,,,,,,,,,,,733.0,9.0,724.0,,,,,,,,,,,,,,,,,,,,,,
klosa,comparable_22_30_months,incident_heart_disease,full,any_withdrawal,core,PASS_BASELINE_FREE_RISK_SET,14866,5099,16,16,198.0,PASS,4482.0,66.0,4416.0,,any_withdrawal,risk_ratio,1.1347607764446537,0.1532634977964433,0.8403228827631503,1.532365768171296,0.4094476315227076,,,,,,,,,,,,,,,,,,,,,,,,,,,,,,,
klosa,comparable_22_30_months,incident_heart_disease,full,score_categorical,core,PASS_BASELINE_FREE_RISK_SET,14866,5099,17,17,198.0,NOT_EVALUABLE_LOSS_2PLUS_EVENTS,,,,,,,,,,,,4157.0,62.0,4095.0,325.0,4.0,321.0,,,,,,,,,,,,,,,,,,,,,,,,,
klosa,comparable_22_30_months,incident_heart_disease,full,mutually_adjusted_components,core,PASS_BASELINE_FREE_RISK_SET,14866,5099,18,18,198.0,NOT_EVALUABLE_ALCOHOL_LOSS_EVENTS,,,,,,,,,,,,,,,,,,727.0,9.0,718.0,,,,,,,,,,,,,,,,,,,,,,
klosa,comparable_22_30_months,incident_hypertension,basic,any_withdrawal,core,PASS_BASELINE_FREE_RISK_SET,8949,3266,11,11,597.0,PASS,2544.0,157.0,2387.0,,any_withdrawal,risk_ratio,0.8939046204800065,0.0919406101931025,0.7465023733560137,1.0704124983865566,0.2225116616393233,,,,,,,,,,,,,,,,,,,,,,,,,,,,,,,
klosa,comparable_22_30_months,incident_hypertension,basic,score_categorical,core,PASS_BASELINE_FREE_RISK_SET,8949,3266,12,12,597.0,NOT_EVALUABLE_LOSS_2PLUS_EVENTS,,,,,,,,,,,,2361.0,148.0,2213.0,183.0,9.0,174.0,,,,,,,,,,,,,,,,,,,,,,,,,
klosa,comparable_22_30_months,incident_hypertension,basic,mutually_adjusted_components,core,PASS_BASELINE_FREE_RISK_SET,8949,3266,13,13,597.0,PASS,,,,,alcohol_loss,risk_ratio,1.099353339037458,0.1795232677749039,0.7732622650236284,1.562959708134572,0.5977551165896948,,,,,,,397.0,31.0,366.0,1348.0,74.0,1274.0,986.0,61.0,925.0,,,,,,,,,,,,,,,,
klosa,comparable_22_30_months,incident_hypertension,basic,mutually_adjusted_components,core,PASS_BASELINE_FREE_RISK_SET,8949,3266,13,13,597.0,PASS,,,,,activity_loss,risk_ratio,0.8109147194281314,0.12301712593793,0.6371809985935243,1.032018662886549,0.0884248295464355,,,,,,,397.0,31.0,366.0,1348.0,74.0,1274.0,986.0,61.0,925.0,,,,,,,,,,,,,,,,
klosa,comparable_22_30_months,incident_hypertension,basic,mutually_adjusted_components,core,PASS_BASELINE_FREE_RISK_SET,8949,3266,13,13,597.0,PASS,,,,,work_loss,risk_ratio,0.8735972271051736,0.1308966055367053,0.6759146416582097,1.1290954037237175,0.3018912379680292,,,,,,,397.0,31.0,366.0,1348.0,74.0,1274.0,986.0,61.0,925.0,,,,,,,,,,,,,,,,
klosa,comparable_22_30_months,incident_hypertension,full,any_withdrawal,core,PASS_BASELINE_FREE_RISK_SET,8857,3246,16,16,589.0,PASS,2517.0,153.0,2364.0,,any_withdrawal,risk_ratio,0.8536260887413221,0.0933543061444808,0.7108931838757695,1.0250168603489462,0.0900216504861151,,,,,,,,,,,,,,,,,,,,,,,,,,,,,,,
klosa,comparable_22_30_months,incident_hypertension,full,score_categorical,core,PASS_BASELINE_FREE_RISK_SET,8857,3246,17,17,589.0,NOT_EVALUABLE_LOSS_2PLUS_EVENTS,,,,,,,,,,,,2334.0,144.0,2190.0,183.0,9.0,174.0,,,,,,,,,,,,,,,,,,,,,,,,,
klosa,comparable_22_30_months,incident_hypertension,full,mutually_adjusted_components,core,PASS_BASELINE_FREE_RISK_SET,8857,3246,18,18,589.0,PASS,,,,,alcohol_loss,risk_ratio,1.0409467764762028,0.1805950212207715,0.7306439018035334,1.483034606573045,0.8241476453721217,,,,,,,394.0,31.0,363.0,1336.0,72.0,1264.0,974.0,59.0,915.0,,,,,,,,,,,,,,,,
klosa,comparable_22_30_months,incident_hypertension,full,mutually_adjusted_components,core,PASS_BASELINE_FREE_RISK_SET,8857,3246,18,18,589.0,PASS,,,,,activity_loss,risk_ratio,0.7792451304176984,0.1243262767764231,0.6107273627346516,0.994261941303458,0.0448295674236968,,,,,,,394.0,31.0,363.0,1336.0,72.0,1264.0,974.0,59.0,915.0,,,,,,,,,,,,,,,,
klosa,comparable_22_30_months,incident_hypertension,full,mutually_adjusted_components,core,PASS_BASELINE_FREE_RISK_SET,8857,3246,18,18,589.0,PASS,,,,,work_loss,risk_ratio,0.8389195959148937,0.1332958856630339,0.6460389095380903,1.0893865338748818,0.1876130844717646,,,,,,,394.0,31.0,363.0,1336.0,72.0,1264.0,974.0,59.0,915.0,,,,,,,,,,,,,,,,
klosa,comparable_22_30_months,incident_any_iadl,basic,any_withdrawal,core,PASS_STRICT_COMPLETE_ITEM_COUNTS,15323,5356,11,11,863.0,PASS,4538.0,316.0,4222.0,,any_withdrawal,risk_ratio,1.3777694964564962,0.0684095757389381,1.2048867510252357,1.5754582609118832,2.806195932354032e-06,,,,,,,,,,,,,,,,,,,,,,,,,,,,,,,
klosa,comparable_22_30_months,incident_any_iadl,basic,score_categorical,core,PASS_STRICT_COMPLETE_ITEM_COUNTS,15323,5356,12,12,863.0,NOT_EVALUABLE_LOSS_2PLUS_EVENTS,,,,,,,,,,,,4236.0,298.0,3938.0,302.0,18.0,284.0,,,,,,,,,,,,,,,,,,,,,,,,,
klosa,comparable_22_30_months,incident_any_iadl,basic,mutually_adjusted_components,core,PASS_STRICT_COMPLETE_ITEM_COUNTS,15323,5356,13,13,863.0,PASS,,,,,alcohol_loss,risk_ratio,1.440000867930708,0.1229743399342292,1.1315840203121863,1.8324777147958644,0.003024845808619,,,,,,,690.0,66.0,624.0,2526.0,172.0,2354.0,1635.0,96.0,1539.0,,,,,,,,,,,,,,,,
klosa,comparable_22_30_months,incident_any_iadl,basic,mutually_adjusted_components,core,PASS_STRICT_COMPLETE_ITEM_COUNTS,15323,5356,13,13,863.0,PASS,,,,,activity_loss,risk_ratio,1.3123270208127544,0.0828656486206849,1.115595369721102,1.5437516650735372,0.0010379560623839,,,,,,,690.0,66.0,624.0,2526.0,172.0,2354.0,1635.0,96.0,1539.0,,,,,,,,,,,,,,,,
klosa,comparable_22_30_months,incident_any_iadl,basic,mutually_adjusted_components,core,PASS_STRICT_COMPLETE_ITEM_COUNTS,15323,5356,13,13,863.0,PASS,,,,,work_loss,risk_ratio,1.2656300955071174,0.1036709660854426,1.032908632584555,1.5507853145202843,0.0230692345365493,,,,,,,690.0,66.0,624.0,2526.0,172.0,2354.0,1635.0,96.0,1539.0,,,,,,,,,,,,,,,,
klosa,comparable_22_30_months,incident_any_iadl,full,any_withdrawal,core,PASS_STRICT_COMPLETE_ITEM_COUNTS,15177,5334,16,16,857.0,PASS,4495.0,315.0,4180.0,,any_withdrawal,risk_ratio,1.3318047955939287,0.069026088060675,1.1632832149713874,1.5247396255181187,3.308640245192254e-05,,,,,,,,,,,,,,,,,,,,,,,,,,,,,,,
klosa,comparable_22_30_months,incident_any_iadl,full,score_categorical,core,PASS_STRICT_COMPLETE_ITEM_COUNTS,15177,5334,17,17,857.0,NOT_EVALUABLE_LOSS_2PLUS_EVENTS,,,,,,,,,,,,4194.0,297.0,3897.0,301.0,18.0,283.0,,,,,,,,,,,,,,,,,,,,,,,,,
klosa,comparable_22_30_months,incident_any_iadl,full,mutually_adjusted_components,core,PASS_STRICT_COMPLETE_ITEM_COUNTS,15177,5334,18,18,857.0,PASS,,,,,alcohol_loss,risk_ratio,1.386324214285212,0.1234441273629562,1.088401112989566,1.7657964551639842,0.0081405680284548,,,,,,,683.0,65.0,618.0,2507.0,172.0,2335.0,1617.0,96.0,1521.0,,,,,,,,,,,,,,,,
klosa,comparable_22_30_months,incident_any_iadl,full,mutually_adjusted_components,core,PASS_STRICT_COMPLETE_ITEM_COUNTS,15177,5334,18,18,857.0,PASS,,,,,activity_loss,risk_ratio,1.270947420269174,0.0833485772238383,1.0793968501414135,1.4964906974457488,0.0040195262940318,,,,,,,683.0,65.0,618.0,2507.0,172.0,2335.0,1617.0,96.0,1521.0,,,,,,,,,,,,,,,,
klosa,comparable_22_30_months,incident_any_iadl,full,mutually_adjusted_components,core,PASS_STRICT_COMPLETE_ITEM_COUNTS,15177,5334,18,18,857.0,PASS,,,,,work_loss,risk_ratio,1.2379409883021335,0.1038190359599353,1.0100177801165766,1.5172979334498262,0.0397847739986478,,,,,,,683.0,65.0,618.0,2507.0,172.0,2335.0,1617.0,96.0,1521.0,,,,,,,,,,,,,,,,
klosa,comparable_22_30_months,iadl_count_increase,basic,any_withdrawal,core,PASS_STRICT_COMPLETE_ITEM_COUNTS,16561,5596,12,12,998.0,PASS,5087.0,379.0,4708.0,,any_withdrawal,risk_ratio,1.3310928398947557,0.0652302976476558,1.171343352704332,1.5126291913711154,1.1626845592958832e-05,,,,,,,,,,,,,,,,,,,,,,,,,,,,,,,
klosa,comparable_22_30_months,iadl_count_increase,basic,score_categorical,core,PASS_STRICT_COMPLETE_ITEM_COUNTS,16561,5596,13,13,998.0,PASS,,,,,loss_1,risk_ratio,1.3248308318217386,0.0658294114996194,1.164464705920231,1.507282036133875,1.9291696008992972e-05,4724.0,356.0,4368.0,363.0,23.0,340.0,,,,,,,,,,,,,,,,,,,,,,,,,
klosa,comparable_22_30_months,iadl_count_increase,basic,score_categorical,core,PASS_STRICT_COMPLETE_ITEM_COUNTS,16561,5596,13,13,998.0,PASS,,,,,loss_2plus,risk_ratio,1.4667080610546857,0.2136398476497843,0.9649240052774553,2.2294320843891,0.0729997012587239,4724.0,356.0,4368.0,363.0,23.0,340.0,,,,,,,,,,,,,,,,,,,,,,,,,
klosa,comparable_22_30_months,iadl_count_increase,basic,mutually_adjusted_components,core,PASS_STRICT_COMPLETE_ITEM_COUNTS,16561,5596,14,14,998.0,PASS,,,,,alcohol_loss,risk_ratio,1.37143249656899,0.1128098770108236,1.0993867402274544,1.7107965957969664,0.0051119230233413,,,,,,,831.0,81.0,750.0,2836.0,211.0,2625.0,1797.0,110.0,1687.0,,,,,,,,,,,,,,,,
klosa,comparable_22_30_months,iadl_count_increase,basic,mutually_adjusted_components,core,PASS_STRICT_COMPLETE_ITEM_COUNTS,16561,5596,14,14,998.0,PASS,,,,,activity_loss,risk_ratio,1.2870555074088932,0.0781028620714513,1.1043735600532232,1.499956119079608,0.0012332086897775,,,,,,,831.0,81.0,750.0,2836.0,211.0,2625.0,1797.0,110.0,1687.0,,,,,,,,,,,,,,,,
klosa,comparable_22_30_months,iadl_count_increase,basic,mutually_adjusted_components,core,PASS_STRICT_COMPLETE_ITEM_COUNTS,16561,5596,14,14,998.0,PASS,,,,,work_loss,risk_ratio,1.2324628781883047,0.0974096065413998,1.0182598966727554,1.4917259837842354,0.0318946964476897,,,,,,,831.0,81.0,750.0,2836.0,211.0,2625.0,1797.0,110.0,1687.0,,,,,,,,,,,,,,,,
klosa,comparable_22_30_months,iadl_count_increase,full,any_withdrawal,core,PASS_STRICT_COMPLETE_ITEM_COUNTS,16409,5574,17,17,990.0,PASS,5040.0,378.0,4662.0,,any_withdrawal,risk_ratio,1.299649047424415,0.0656915827557252,1.142639718499484,1.478232919024819,6.613757245367396e-05,,,,,,,,,,,,,,,,,,,,,,,,,,,,,,,
klosa,comparable_22_30_months,iadl_count_increase,full,score_categorical,core,PASS_STRICT_COMPLETE_ITEM_COUNTS,16409,5574,18,18,990.0,PASS,,,,,loss_1,risk_ratio,1.2951518148862355,0.0662124637604213,1.137523891973016,1.4746224105180386,9.382457538610386e-05,4678.0,355.0,4323.0,362.0,23.0,339.0,,,,,,,,,,,,,,,,,,,,,,,,,
klosa,comparable_22_30_months,iadl_count_increase,full,score_categorical,core,PASS_STRICT_COMPLETE_ITEM_COUNTS,16409,5574,18,18,990.0,PASS,,,,,loss_2plus,risk_ratio,1.397083573214677,0.2148337371461156,0.916970950896762,2.1285761655126176,0.1195912445806366,4678.0,355.0,4323.0,362.0,23.0,339.0,,,,,,,,,,,,,,,,,,,,,,,,,
klosa,comparable_22_30_months,iadl_count_increase,full,mutually_adjusted_components,core,PASS_STRICT_COMPLETE_ITEM_COUNTS,16409,5574,19,19,990.0,PASS,,,,,alcohol_loss,risk_ratio,1.3233714465290696,0.1130276936997021,1.060406576812127,1.6515476457656146,0.0131793947840351,,,,,,,824.0,80.0,744.0,2814.0,211.0,2603.0,1778.0,110.0,1668.0,,,,,,,,,,,,,,,,
klosa,comparable_22_30_months,iadl_count_increase,full,mutually_adjusted_components,core,PASS_STRICT_COMPLETE_ITEM_COUNTS,16409,5574,19,19,990.0,PASS,,,,,activity_loss,risk_ratio,1.2633861623883391,0.0787610132776371,1.0826663025707732,1.4742719816108774,0.0029933773428129,,,,,,,824.0,80.0,744.0,2814.0,211.0,2603.0,1778.0,110.0,1668.0,,,,,,,,,,,,,,,,
klosa,comparable_22_30_months,iadl_count_increase,full,mutually_adjusted_components,core,PASS_STRICT_COMPLETE_ITEM_COUNTS,16409,5574,19,19,990.0,PASS,,,,,work_loss,risk_ratio,1.2091078732002996,0.0973126883513148,0.9991537866306232,1.4631800115225069,0.0510255914224522,,,,,,,824.0,80.0,744.0,2814.0,211.0,2603.0,1778.0,110.0,1668.0,,,,,,,,,,,,,,,,
klosa,comparable_22_30_months,word_recall_change,basic,any_withdrawal,core,PASS_BASELINE_ADJUSTED_CHANGE_CANDIDATE,9062,4238,10,10,,PASS,2695.0,,,,any_withdrawal,mean_difference,-0.0632770350006237,0.0319296000756394,-0.1258579011896445,-0.000696168811603,0.0475052990732016,,,,,,,,,,,,,,,,-0.0429237666241872,0.0216593382107247,-0.0853752894461801,-0.0004722438021944,,,,,,,,,,,,
klosa,comparable_22_30_months,word_recall_change,basic,score_categorical,core,PASS_BASELINE_ADJUSTED_CHANGE_CANDIDATE,9062,4238,11,11,,PASS,,,,,loss_1,mean_difference,-0.0514532908002146,0.0325331737718257,-0.1152171396957761,0.0123105580953467,0.1137491774083574,2518.0,,,177.0,,,,,,,,,,,,-0.0349031689985645,0.0220687704237755,-0.0781571642122474,0.0083508262151182,,,,,,,,,,,,
klosa,comparable_22_30_months,word_recall_change,basic,score_categorical,core,PASS_BASELINE_ADJUSTED_CHANGE_CANDIDATE,9062,4238,11,11,,PASS,,,,,loss_2plus,mean_difference,-0.2621965019966546,0.1009792727801719,-0.4601122398308374,-0.0642807641624718,0.0094168534965895,2518.0,,,177.0,,,,,,,,,,,,-0.1778601266837441,0.0684989544572295,-0.3121156103985634,-0.0436046429689248,,,,,,,,,,,,
klosa,comparable_22_30_months,word_recall_change,basic,mutually_adjusted_components,core,PASS_BASELINE_ADJUSTED_CHANGE_CANDIDATE,9062,4238,12,12,,PASS,,,,,alcohol_loss,mean_difference,-0.2479650239961017,0.0708798687555691,-0.3868870139859431,-0.1090430340062602,0.0004680860342381,,,,,,,415.0,,,1497.0,,,965.0,,,-0.1682062508280412,0.0480811236618005,-0.262443521541387,-0.0739689801146955,,,,,,,,,,,,
klosa,comparable_22_30_months,word_recall_change,basic,mutually_adjusted_components,core,PASS_BASELINE_ADJUSTED_CHANGE_CANDIDATE,9062,4238,12,12,,PASS,,,,,activity_loss,mean_difference,0.0128872766710325,0.0386822058083326,-0.0629284535558654,0.0887030068979306,0.7390152082825932,,,,,,,415.0,,,1497.0,,,965.0,,,0.0087420413463317,0.0262399458920488,-0.0426873075583637,0.0601713902510273,,,,,,,,,,,,
klosa,comparable_22_30_months,word_recall_change,basic,mutually_adjusted_components,core,PASS_BASELINE_ADJUSTED_CHANGE_CANDIDATE,9062,4238,12,12,,PASS,,,,,work_loss,mean_difference,-0.0976696847289126,0.0453092602858664,-0.1864742030553619,-0.0088651664024633,0.0311131131341078,,,,,,,415.0,,,1497.0,,,965.0,,,-0.0662539063899006,0.0307353862962434,-0.1264941565814637,-0.0060136561983375,,,,,,,,,,,,
klosa,comparable_22_30_months,word_recall_change,full,any_withdrawal,core,PASS_BASELINE_ADJUSTED_CHANGE_CANDIDATE,8994,4224,15,15,,PASS,2669.0,,,,any_withdrawal,mean_difference,-0.046303079280063,0.0320922322708985,-0.1092026987145181,0.0165965401543921,0.149073249482643,,,,,,,,,,,,,,,,-0.0314280753983597,0.0217825058547617,-0.0741210023667257,0.0112648515700062,,,,,,,,,,,,
klosa,comparable_22_30_months,word_recall_change,full,score_categorical,core,PASS_BASELINE_ADJUSTED_CHANGE_CANDIDATE,8994,4224,16,16,,PASS,,,,,loss_1,mean_difference,-0.0360520800967987,0.032676529579731,-0.1000969012128294,0.0279927410192318,0.2698960429157861,2493.0,,,176.0,,,,,,,,,,,,-0.0244702406225876,0.0221790958907284,-0.0679404697780758,0.0189999885329004,,,,,,,,,,,,
klosa,comparable_22_30_months,word_recall_change,full,score_categorical,core,PASS_BASELINE_ADJUSTED_CHANGE_CANDIDATE,8994,4224,16,16,,PASS,,,,,loss_2plus,mean_difference,-0.2217197917299708,0.1010299248071769,-0.4197348057128274,-0.0237047777471142,0.0281926455552854,2493.0,,,176.0,,,,,,,,,,,,-0.1504916398680744,0.0685737567284802,-0.2848937333405069,-0.016089546395642,,,,,,,,,,,,
klosa,comparable_22_30_months,word_recall_change,full,mutually_adjusted_components,core,PASS_BASELINE_ADJUSTED_CHANGE_CANDIDATE,8994,4224,17,17,,PASS,,,,,alcohol_loss,mean_difference,-0.2191833991025299,0.0712675162638192,-0.3588651642472381,-0.0795016339578217,0.002101484172328,,,,,,,413.0,,,1483.0,,,954.0,,,-0.1487700710226655,0.0483726117013894,-0.2435786477955296,-0.0539614942498014,,,,,,,,,,,,
klosa,comparable_22_30_months,word_recall_change,full,mutually_adjusted_components,core,PASS_BASELINE_ADJUSTED_CHANGE_CANDIDATE,8994,4224,17,17,,PASS,,,,,activity_loss,mean_difference,0.0214048625128432,0.0387941529721694,-0.0546302801233463,0.0974400051490329,0.5811163167075697,,,,,,,413.0,,,1483.0,,,954.0,,,0.0145284858675655,0.02633141431589,-0.0370801378535813,0.0661371095887124,,,,,,,,,,,,
klosa,comparable_22_30_months,word_recall_change,full,mutually_adjusted_components,core,PASS_BASELINE_ADJUSTED_CHANGE_CANDIDATE,8994,4224,17,17,,PASS,,,,,work_loss,mean_difference,-0.0767436875816758,0.0455737269208275,-0.1660665509877612,0.0125791758244096,0.0921921373583381,,,,,,,413.0,,,1483.0,,,954.0,,,-0.0520895464657267,0.0309330296844585,-0.1127171705799738,0.0085380776485203,,,,,,,,,,,,
klosa,all_primary_wave_intervals,incident_diabetes,basic,any_withdrawal,core,PASS_BASELINE_FREE_RISK_SET,13243,4606,11,11,384.0,PASS,3934.0,137.0,3797.0,,any_withdrawal,risk_ratio,1.3592955195314054,0.1053994777636133,1.1055991274139445,1.6712063745382884,0.0035865075082978,,,,,,,,,,,,,,,,,,,,,,,,,,,,,,,
klosa,all_primary_wave_intervals,incident_diabetes,basic,score_categorical,core,PASS_BASELINE_FREE_RISK_SET,13243,4606,12,12,384.0,NOT_EVALUABLE_LOSS_2PLUS_EVENTS,,,,,,,,,,,,3653.0,126.0,3527.0,281.0,11.0,270.0,,,,,,,,,,,,,,,,,,,,,,,,,
klosa,all_primary_wave_intervals,incident_diabetes,basic,mutually_adjusted_components,core,PASS_BASELINE_FREE_RISK_SET,13243,4606,13,13,384.0,PASS,,,,,alcohol_loss,risk_ratio,1.4413031082305772,0.2037559336908602,0.9667584083209876,2.148783638099365,0.0728057307668526,,,,,,,623.0,26.0,597.0,2162.0,75.0,2087.0,1442.0,48.0,1394.0,,,,,,,,,,,,,,,,
klosa,all_primary_wave_intervals,incident_diabetes,basic,mutually_adjusted_components,core,PASS_BASELINE_FREE_RISK_SET,13243,4606,13,13,384.0,PASS,,,,,activity_loss,risk_ratio,1.3582249022037298,0.1289102986048708,1.0549771265925565,1.7486396988764317,0.0175428033708314,,,,,,,623.0,26.0,597.0,2162.0,75.0,2087.0,1442.0,48.0,1394.0,,,,,,,,,,,,,,,,
klosa,all_primary_wave_intervals,incident_diabetes,basic,mutually_adjusted_components,core,PASS_BASELINE_FREE_RISK_SET,13243,4606,13,13,384.0,PASS,,,,,work_loss,risk_ratio,1.210827667633731,0.1528643290038265,0.897354372570999,1.6338067607636717,0.2107653736755623,,,,,,,623.0,26.0,597.0,2162.0,75.0,2087.0,1442.0,48.0,1394.0,,,,,,,,,,,,,,,,
klosa,all_primary_wave_intervals,incident_diabetes,full,any_withdrawal,core,PASS_BASELINE_FREE_RISK_SET,13119,4585,16,16,378.0,PASS,3897.0,135.0,3762.0,,any_withdrawal,risk_ratio,1.2674783811757544,0.1068572087835493,1.0279773352440036,1.56277905326248,0.0265420026770317,,,,,,,,,,,,,,,,,,,,,,,,,,,,,,,
klosa,all_primary_wave_intervals,incident_diabetes,full,score_categorical,core,PASS_BASELINE_FREE_RISK_SET,13119,4585,17,17,378.0,NOT_EVALUABLE_LOSS_2PLUS_EVENTS,,,,,,,,,,,,3617.0,124.0,3493.0,280.0,11.0,269.0,,,,,,,,,,,,,,,,,,,,,,,,,
klosa,all_primary_wave_intervals,incident_diabetes,full,mutually_adjusted_components,core,PASS_BASELINE_FREE_RISK_SET,13119,4585,18,18,378.0,PASS,,,,,alcohol_loss,risk_ratio,1.3438998946815266,0.204153131974786,0.900723427866464,2.0051292894679493,0.1476690850888544,,,,,,,616.0,26.0,590.0,2144.0,73.0,2071.0,1429.0,48.0,1381.0,,,,,,,,,,,,,,,,
klosa,all_primary_wave_intervals,incident_diabetes,full,mutually_adjusted_components,core,PASS_BASELINE_FREE_RISK_SET,13119,4585,18,18,378.0,PASS,,,,,activity_loss,risk_ratio,1.2490901691592855,0.1315806042518517,0.9651441372432258,1.6165733080521008,0.0909637069992548,,,,,,,616.0,26.0,590.0,2144.0,73.0,2071.0,1429.0,48.0,1381.0,,,,,,,,,,,,,,,,
klosa,all_primary_wave_intervals,incident_diabetes,full,mutually_adjusted_components,core,PASS_BASELINE_FREE_RISK_SET,13119,4585,18,18,378.0,PASS,,,,,work_loss,risk_ratio,1.1686927627065349,0.1535529645198068,0.8649596220576246,1.5790826979338912,0.3100140458326108,,,,,,,616.0,26.0,590.0,2144.0,73.0,2071.0,1429.0,48.0,1381.0,,,,,,,,,,,,,,,,
klosa,all_primary_wave_intervals,incident_diabetes,full,extended_score_categorical,enrichment,PASS_BASELINE_FREE_RISK_SET,18786,5539,17,17,549.0,PASS,,,,,extended_loss_1,risk_ratio,1.3884586844667393,0.0976823589774677,1.1465304319189218,1.68143597832337,0.0007799578822824,,,,,,,,,,,,,,,,,,,,4943.0,178.0,4765.0,837.0,22.0,815.0,,,,,,
klosa,all_primary_wave_intervals,incident_diabetes,full,extended_score_categorical,enrichment,PASS_BASELINE_FREE_RISK_SET,18786,5539,17,17,549.0,PASS,,,,,extended_loss_2plus,risk_ratio,1.0329247686135907,0.2252477238146093,0.6642590521225414,1.6062010358853398,0.8856453025588474,,,,,,,,,,,,,,,,,,,,4943.0,178.0,4765.0,837.0,22.0,815.0,,,,,,
klosa,all_primary_wave_intervals,incident_stroke,basic,any_withdrawal,core,PASS_BASELINE_FREE_RISK_SET,15611,5310,11,11,191.0,PASS,4694.0,62.0,4632.0,,any_withdrawal,risk_ratio,1.1087882481386162,0.1567403084596845,0.8155132504259703,1.507530844616121,0.5099945608163055,,,,,,,,,,,,,,,,,,,,,,,,,,,,,,,
klosa,all_primary_wave_intervals,incident_stroke,basic,score_categorical,core,PASS_BASELINE_FREE_RISK_SET,15611,5310,12,12,191.0,NOT_EVALUABLE_LOSS_2PLUS_EVENTS,,,,,,,,,,,,4378.0,58.0,4320.0,316.0,4.0,312.0,,,,,,,,,,,,,,,,,,,,,,,,,
klosa,all_primary_wave_intervals,incident_stroke,basic,mutually_adjusted_components,core,PASS_BASELINE_FREE_RISK_SET,15611,5310,13,13,191.0,NOT_EVALUABLE_ALCOHOL_LOSS_EVENTS,,,,,,,,,,,,,,,,,,723.0,14.0,709.0,,,,,,,,,,,,,,,,,,,,,,
klosa,all_primary_wave_intervals,incident_stroke,full,any_withdrawal,core,PASS_BASELINE_FREE_RISK_SET,15472,5292,16,16,190.0,PASS,4653.0,61.0,4592.0,,any_withdrawal,risk_ratio,1.051103138829231,0.161501093670771,0.7659057902898394,1.442498310449603,0.7576211875747221,,,,,,,,,,,,,,,,,,,,,,,,,,,,,,,
klosa,all_primary_wave_intervals,incident_stroke,full,score_categorical,core,PASS_BASELINE_FREE_RISK_SET,15472,5292,17,17,190.0,NOT_EVALUABLE_LOSS_2PLUS_EVENTS,,,,,,,,,,,,4338.0,57.0,4281.0,315.0,4.0,311.0,,,,,,,,,,,,,,,,,,,,,,,,,
klosa,all_primary_wave_intervals,incident_stroke,full,mutually_adjusted_components,core,PASS_BASELINE_FREE_RISK_SET,15472,5292,18,18,190.0,NOT_EVALUABLE_ALCOHOL_LOSS_EVENTS,,,,,,,,,,,,,,,,,,717.0,14.0,703.0,,,,,,,,,,,,,,,,,,,,,,
klosa,all_primary_wave_intervals,incident_stroke,full,extended_score_categorical,enrichment,PASS_BASELINE_FREE_RISK_SET,22356,6389,17,17,281.0,NOT_EVALUABLE_EXTENDED_LOSS_2PLUS_EVENTS,,,,,,,,,,,,,,,,,,,,,,,,,,,,,,,5907.0,81.0,5826.0,991.0,10.0,981.0,,,,,,
klosa,all_primary_wave_intervals,incident_any_adl,basic,any_withdrawal,core,PASS_STRICT_COMPLETE_ITEM_COUNTS,16279,5520,11,11,352.0,PASS,4896.0,152.0,4744.0,,any_withdrawal,risk_ratio,1.7214396883977117,0.1076884457849067,1.393885949290707,2.1259663333996177,4.563323173769474e-07,,,,,,,,,,,,,,,,,,,,,,,,,,,,,,,
klosa,all_primary_wave_intervals,incident_any_adl,basic,score_categorical,core,PASS_STRICT_COMPLETE_ITEM_COUNTS,16279,5520,12,12,352.0,NOT_EVALUABLE_LOSS_2PLUS_EVENTS,,,,,,,,,,,,4561.0,139.0,4422.0,335.0,13.0,322.0,,,,,,,,,,,,,,,,,,,,,,,,,
klosa,all_primary_wave_intervals,incident_any_adl,basic,mutually_adjusted_components,core,PASS_STRICT_COMPLETE_ITEM_COUNTS,16279,5520,13,13,352.0,PASS,,,,,alcohol_loss,risk_ratio,1.904843529748842,0.1848075785221274,1.326022248946248,2.7363257861694525,0.0004887101633952,,,,,,,768.0,33.0,735.0,2730.0,81.0,2649.0,1746.0,51.0,1695.0,,,,,,,,,,,,,,,,
klosa,all_primary_wave_intervals,incident_any_adl,basic,mutually_adjusted_components,core,PASS_STRICT_COMPLETE_ITEM_COUNTS,16279,5520,13,13,352.0,PASS,,,,,activity_loss,risk_ratio,1.5169616584802503,0.1294631656760942,1.1769970047166556,1.9551219451515296,0.0012875116505066,,,,,,,768.0,33.0,735.0,2730.0,81.0,2649.0,1746.0,51.0,1695.0,,,,,,,,,,,,,,,,
klosa,all_primary_wave_intervals,incident_any_adl,basic,mutually_adjusted_components,core,PASS_STRICT_COMPLETE_ITEM_COUNTS,16279,5520,13,13,352.0,PASS,,,,,work_loss,risk_ratio,1.9163351453409163,0.1535286486196599,1.4183638112123018,2.589138527251321,2.2709370436034856e-05,,,,,,,768.0,33.0,735.0,2730.0,81.0,2649.0,1746.0,51.0,1695.0,,,,,,,,,,,,,,,,
klosa,all_primary_wave_intervals,incident_any_adl,full,any_withdrawal,core,PASS_STRICT_COMPLETE_ITEM_COUNTS,16129,5498,16,16,348.0,PASS,4851.0,151.0,4700.0,,any_withdrawal,risk_ratio,1.607421253134359,0.1088739256068521,1.298542154669416,1.9897722039573056,1.3038561562370731e-05,,,,,,,,,,,,,,,,,,,,,,,,,,,,,,,
klosa,all_primary_wave_intervals,incident_any_adl,full,score_categorical,core,PASS_STRICT_COMPLETE_ITEM_COUNTS,16129,5498,17,17,348.0,NOT_EVALUABLE_LOSS_2PLUS_EVENTS,,,,,,,,,,,,4517.0,138.0,4379.0,334.0,13.0,321.0,,,,,,,,,,,,,,,,,,,,,,,,,
klosa,all_primary_wave_intervals,incident_any_adl,full,mutually_adjusted_components,core,PASS_STRICT_COMPLETE_ITEM_COUNTS,16129,5498,18,18,348.0,PASS,,,,,alcohol_loss,risk_ratio,1.8110262418942649,0.1855256272466818,1.2589400307256724,2.6052202398704623,0.0013688458930749,,,,,,,761.0,33.0,728.0,2709.0,80.0,2629.0,1728.0,51.0,1677.0,,,,,,,,,,,,,,,,
klosa,all_primary_wave_intervals,incident_any_adl,full,mutually_adjusted_components,core,PASS_STRICT_COMPLETE_ITEM_COUNTS,16129,5498,18,18,348.0,PASS,,,,,activity_loss,risk_ratio,1.395040429065924,0.1317936915595701,1.0774665596820507,1.8062164261531444,0.0115338260306127,,,,,,,761.0,33.0,728.0,2709.0,80.0,2629.0,1728.0,51.0,1677.0,,,,,,,,,,,,,,,,
klosa,all_primary_wave_intervals,incident_any_adl,full,mutually_adjusted_components,core,PASS_STRICT_COMPLETE_ITEM_COUNTS,16129,5498,18,18,348.0,PASS,,,,,work_loss,risk_ratio,1.8601202598003364,0.1546693178177799,1.3736821690177166,2.5188121815644284,6.002888962095277e-05,,,,,,,761.0,33.0,728.0,2709.0,80.0,2629.0,1728.0,51.0,1677.0,,,,,,,,,,,,,,,,
klosa,all_primary_wave_intervals,incident_any_adl,full,extended_score_categorical,enrichment,PASS_STRICT_COMPLETE_ITEM_COUNTS,23058,6614,17,17,849.0,PASS,,,,,extended_loss_1,risk_ratio,1.30770087765502,0.0904156311579467,1.0953338025940629,1.5612424097291149,0.0030064132505632,,,,,,,,,,,,,,,,,,,,6125.0,193.0,5932.0,1023.0,35.0,988.0,,,,,,
klosa,all_primary_wave_intervals,incident_any_adl,full,extended_score_categorical,enrichment,PASS_STRICT_COMPLETE_ITEM_COUNTS,23058,6614,17,17,849.0,PASS,,,,,extended_loss_2plus,risk_ratio,2.014063506714532,0.1876731726885879,1.3942012450545216,2.90951670246185,0.0001909403280205,,,,,,,,,,,,,,,,,,,,6125.0,193.0,5932.0,1023.0,35.0,988.0,,,,,,
klosa,all_primary_wave_intervals,multimorbidity_progression,basic,any_withdrawal,core,PASS_STRICT_COMMON_SIX,16556,5596,12,12,1646.0,PASS,5087.0,489.0,4598.0,,any_withdrawal,risk_ratio,1.0079006649158924,0.0523736997760408,0.909572156961048,1.1168588908129935,0.8805603041228354,,,,,,,,,,,,,,,,,,,,,,,,,,,,,,,
klosa,all_primary_wave_intervals,multimorbidity_progression,basic,score_categorical,core,PASS_STRICT_COMMON_SIX,16556,5596,13,13,1646.0,PASS,,,,,loss_1,risk_ratio,1.010442529255967,0.0533914734311025,0.9100488657069934,1.121911298835597,0.845729536630544,4724.0,456.0,4268.0,363.0,33.0,330.0,,,,,,,,,,,,,,,,,,,,,,,,,
klosa,all_primary_wave_intervals,multimorbidity_progression,basic,score_categorical,core,PASS_STRICT_COMMON_SIX,16556,5596,13,13,1646.0,PASS,,,,,loss_2plus,risk_ratio,0.9685299134593146,0.1732592910405777,0.6896590867519639,1.3601650602232658,0.8535778951840736,4724.0,456.0,4268.0,363.0,33.0,330.0,,,,,,,,,,,,,,,,,,,,,,,,,
klosa,all_primary_wave_intervals,multimorbidity_progression,basic,mutually_adjusted_components,core,PASS_STRICT_COMMON_SIX,16556,5596,14,14,1646.0,PASS,,,,,alcohol_loss,risk_ratio,1.0586340305181936,0.1067906231266293,0.8587079968822219,1.3051072246214437,0.5936445518140692,,,,,,,831.0,85.0,746.0,2836.0,253.0,2583.0,1797.0,185.0,1612.0,,,,,,,,,,,,,,,,
klosa,all_primary_wave_intervals,multimorbidity_progression,basic,mutually_adjusted_components,core,PASS_STRICT_COMMON_SIX,16556,5596,14,14,1646.0,PASS,,,,,activity_loss,risk_ratio,0.9518978295678334,0.0663074012908091,0.835890470799241,1.0840050336613731,0.4571971030845864,,,,,,,831.0,85.0,746.0,2836.0,253.0,2583.0,1797.0,185.0,1612.0,,,,,,,,,,,,,,,,
klosa,all_primary_wave_intervals,multimorbidity_progression,basic,mutually_adjusted_components,core,PASS_STRICT_COMMON_SIX,16556,5596,14,14,1646.0,PASS,,,,,work_loss,risk_ratio,1.0435743353128233,0.0755911115196203,0.8998707162315766,1.2102265066300268,0.5725894336870725,,,,,,,831.0,85.0,746.0,2836.0,253.0,2583.0,1797.0,185.0,1612.0,,,,,,,,,,,,,,,,
klosa,all_primary_wave_intervals,multimorbidity_progression,full,any_withdrawal,core,PASS_STRICT_COMMON_SIX,16408,5574,16,16,1629.0,PASS,5040.0,481.0,4559.0,,any_withdrawal,risk_ratio,0.9949432982557584,0.0531510446594282,0.8965119437356067,1.1041817944100756,0.924013248120849,,,,,,,,,,,,,,,,,,,,,,,,,,,,,,,
klosa,all_primary_wave_intervals,multimorbidity_progression,full,score_categorical,core,PASS_STRICT_COMMON_SIX,16408,5574,17,17,1629.0,PASS,,,,,loss_1,risk_ratio,0.9973755305123528,0.054149388835203,0.8969467606619224,1.1090490455985291,0.9612931259956792,4678.0,448.0,4230.0,362.0,33.0,329.0,,,,,,,,,,,,,,,,,,,,,,,,,
klosa,all_primary_wave_intervals,multimorbidity_progression,full,score_categorical,core,PASS_STRICT_COMMON_SIX,16408,5574,17,17,1629.0,PASS,,,,,loss_2plus,risk_ratio,0.9571327290089748,0.1735356803584342,0.6811744161831162,1.3448876516435355,0.80067489986409,4678.0,448.0,4230.0,362.0,33.0,329.0,,,,,,,,,,,,,,,,,,,,,,,,,
klosa,all_primary_wave_intervals,multimorbidity_progression,full,mutually_adjusted_components,core,PASS_STRICT_COMMON_SIX,16408,5574,18,18,1629.0,PASS,,,,,alcohol_loss,risk_ratio,1.057289411962036,0.1073244097721313,0.8567205410679715,1.3048139353044153,0.6037145715803871,,,,,,,824.0,85.0,739.0,2814.0,247.0,2567.0,1778.0,183.0,1595.0,,,,,,,,,,,,,,,,
klosa,all_primary_wave_intervals,multimorbidity_progression,full,mutually_adjusted_components,core,PASS_STRICT_COMMON_SIX,16408,5574,18,18,1629.0,PASS,,,,,activity_loss,risk_ratio,0.9348765014672686,0.0674159161308549,0.8191618381997582,1.066936998574573,0.3178497205095562,,,,,,,824.0,85.0,739.0,2814.0,247.0,2567.0,1778.0,183.0,1595.0,,,,,,,,,,,,,,,,
klosa,all_primary_wave_intervals,multimorbidity_progression,full,mutually_adjusted_components,core,PASS_STRICT_COMMON_SIX,16408,5574,18,18,1629.0,PASS,,,,,work_loss,risk_ratio,1.035298786171198,0.0762371677275669,0.8916050302329791,1.2021506612266193,0.6490888932254215,,,,,,,824.0,85.0,739.0,2814.0,247.0,2567.0,1778.0,183.0,1595.0,,,,,,,,,,,,,,,,
klosa,all_primary_wave_intervals,multimorbidity_progression,full,extended_score_categorical,enrichment,PASS_STRICT_COMMON_SIX,24040,6767,17,17,2352.0,PASS,,,,,extended_loss_1,risk_ratio,1.0930080627619307,0.0469746667599803,0.996869840055936,1.1984178648594224,0.0583280321755322,,,,,,,,,,,,,,,,,,,,6359.0,653.0,5706.0,1088.0,87.0,1001.0,,,,,,
klosa,all_primary_wave_intervals,multimorbidity_progression,full,extended_score_categorical,enrichment,PASS_STRICT_COMMON_SIX,24040,6767,17,17,2352.0,PASS,,,,,extended_loss_2plus,risk_ratio,0.871668985055108,0.1110062564415492,0.7012338896854204,1.0835283785954184,0.2159841182306329,,,,,,,,,,,,,,,,,,,,6359.0,653.0,5706.0,1088.0,87.0,1001.0,,,,,,
klosa,all_primary_wave_intervals,mortality,basic,any_withdrawal,core,PASS_SOURCE_STATUS,17348,5847,11,11,614.0,PASS,5466.0,310.0,5156.0,,any_withdrawal,risk_ratio,2.0061664432672424,0.080331300426271,1.7139132446076657,2.3482540967310386,4.439324933786284e-18,,,,,,,,,,,,,,,,,,,,,,,,,,,,,,,
klosa,all_primary_wave_intervals,mortality,basic,score_categorical,core,PASS_SOURCE_STATUS,17348,5847,12,12,614.0,PASS,,,,,loss_1,risk_ratio,1.9158485883062275,0.0816813005808239,1.632427619846408,2.2484769117422263,1.7242272250956176e-15,5065.0,278.0,4787.0,401.0,32.0,369.0,,,,,,,,,,,,,,,,,,,,,,,,,
klosa,all_primary_wave_intervals,mortality,basic,score_categorical,core,PASS_SOURCE_STATUS,17348,5847,12,12,614.0,PASS,,,,,loss_2plus,risk_ratio,4.022390083410571,0.1977312986112969,2.73007764497398,5.926432903073679,1.9330376552367927e-12,5065.0,278.0,4787.0,401.0,32.0,369.0,,,,,,,,,,,,,,,,,,,,,,,,,
klosa,all_primary_wave_intervals,mortality,basic,mutually_adjusted_components,core,PASS_SOURCE_STATUS,17348,5847,13,13,614.0,PASS,,,,,alcohol_loss,risk_ratio,2.112933870389761,0.1137981218846583,1.6905217704432969,2.640894437857228,4.9072166978192645e-11,,,,,,,923.0,84.0,839.0,3063.0,180.0,2883.0,1898.0,81.0,1817.0,,,,,,,,,,,,,,,,
klosa,all_primary_wave_intervals,mortality,basic,mutually_adjusted_components,core,PASS_SOURCE_STATUS,17348,5847,13,13,614.0,PASS,,,,,activity_loss,risk_ratio,2.0018302344341423,0.0903144119025924,1.677071109422542,2.3894778611232983,1.5305491106545685e-14,,,,,,,923.0,84.0,839.0,3063.0,180.0,2883.0,1898.0,81.0,1817.0,,,,,,,,,,,,,,,,
klosa,all_primary_wave_intervals,mortality,basic,mutually_adjusted_components,core,PASS_SOURCE_STATUS,17348,5847,13,13,614.0,PASS,,,,,work_loss,risk_ratio,1.727014236810699,0.1200208741313842,1.3650041270411948,2.1850323490317405,5.3014233181460165e-06,,,,,,,923.0,84.0,839.0,3063.0,180.0,2883.0,1898.0,81.0,1817.0,,,,,,,,,,,,,,,,
klosa,all_primary_wave_intervals,mortality,full,any_withdrawal,core,PASS_SOURCE_STATUS,17193,5827,16,16,611.0,PASS,5418.0,309.0,5109.0,,any_withdrawal,risk_ratio,1.9010819700641048,0.0804463047767855,1.6237711624176303,2.2257524585679733,1.3968310976969076e-15,,,,,,,,,,,,,,,,,,,,,,,,,,,,,,,
klosa,all_primary_wave_intervals,mortality,full,score_categorical,core,PASS_SOURCE_STATUS,17193,5827,17,17,611.0,PASS,,,,,loss_1,risk_ratio,1.824664935669834,0.0820194230295934,1.5537032239287687,2.14288164958821,2.261256690012341e-13,5018.0,277.0,4741.0,400.0,32.0,368.0,,,,,,,,,,,,,,,,,,,,,,,,,
klosa,all_primary_wave_intervals,mortality,full,score_categorical,core,PASS_SOURCE_STATUS,17193,5827,17,17,611.0,PASS,,,,,loss_2plus,risk_ratio,3.62511696779722,0.1951491228529023,2.472924114238872,5.31414326648517,4.125479144679161e-11,5018.0,277.0,4741.0,400.0,32.0,368.0,,,,,,,,,,,,,,,,,,,,,,,,,
klosa,all_primary_wave_intervals,mortality,full,mutually_adjusted_components,core,PASS_SOURCE_STATUS,17193,5827,18,18,611.0,PASS,,,,,alcohol_loss,risk_ratio,1.9780302946236608,0.1118054165341988,1.5887808469350797,2.4626454013445453,1.055444272963304e-09,,,,,,,916.0,84.0,832.0,3040.0,179.0,2861.0,1879.0,81.0,1798.0,,,,,,,,,,,,,,,,
klosa,all_primary_wave_intervals,mortality,full,mutually_adjusted_components,core,PASS_SOURCE_STATUS,17193,5827,18,18,611.0,PASS,,,,,activity_loss,risk_ratio,1.9175912042745744,0.0908559155527662,1.604794153396239,2.29135681914669,7.724357083160824e-13,,,,,,,916.0,84.0,832.0,3040.0,179.0,2861.0,1879.0,81.0,1798.0,,,,,,,,,,,,,,,,
klosa,all_primary_wave_intervals,mortality,full,mutually_adjusted_components,core,PASS_SOURCE_STATUS,17193,5827,18,18,611.0,PASS,,,,,work_loss,risk_ratio,1.6661210811787166,0.1208065404994719,1.3148488951634107,2.111238384394837,2.381464398327639e-05,,,,,,,916.0,84.0,832.0,3040.0,179.0,2861.0,1879.0,81.0,1798.0,,,,,,,,,,,,,,,,
klosa,all_primary_wave_intervals,mortality,full,extended_score_categorical,enrichment,PASS_SOURCE_STATUS,25717,7119,17,17,1390.0,PASS,,,,,extended_loss_1,risk_ratio,1.5097457366525264,0.0676977336317522,1.3221459425017603,1.723964137444263,1.164854983548603e-09,,,,,,,,,,,,,,,,,,,,6802.0,368.0,6434.0,1188.0,74.0,1114.0,,,,,,
klosa,all_primary_wave_intervals,mortality,full,extended_score_categorical,enrichment,PASS_SOURCE_STATUS,25717,7119,17,17,1390.0,PASS,,,,,extended_loss_2plus,risk_ratio,2.2293346573237054,0.1326308997153687,1.7190149002351098,2.8911517949407326,1.497640104862295e-09,,,,,,,,,,,,,,,,,,,,6802.0,368.0,6434.0,1188.0,74.0,1114.0,,,,,,
klosa,all_primary_wave_intervals,incident_heart_disease,basic,any_withdrawal,core,PASS_BASELINE_FREE_RISK_SET,15004,5121,11,11,200.0,PASS,4525.0,67.0,4458.0,,any_withdrawal,risk_ratio,1.2125125935803749,0.1524691913982873,0.899299282721019,1.6348137019999032,0.2062920114224943,,,,,,,,,,,,,,,,,,,,,,,,,,,,,,,
klosa,all_primary_wave_intervals,incident_heart_disease,basic,score_categorical,core,PASS_BASELINE_FREE_RISK_SET,15004,5121,12,12,200.0,NOT_EVALUABLE_LOSS_2PLUS_EVENTS,,,,,,,,,,,,4200.0,63.0,4137.0,325.0,4.0,321.0,,,,,,,,,,,,,,,,,,,,,,,,,
klosa,all_primary_wave_intervals,incident_heart_disease,basic,mutually_adjusted_components,core,PASS_BASELINE_FREE_RISK_SET,15004,5121,13,13,200.0,NOT_EVALUABLE_ALCOHOL_LOSS_EVENTS,,,,,,,,,,,,,,,,,,733.0,9.0,724.0,,,,,,,,,,,,,,,,,,,,,,
klosa,all_primary_wave_intervals,incident_heart_disease,full,any_withdrawal,core,PASS_BASELINE_FREE_RISK_SET,14866,5099,16,16,198.0,PASS,4482.0,66.0,4416.0,,any_withdrawal,risk_ratio,1.1347607764446537,0.1532634977964433,0.8403228827631503,1.532365768171296,0.4094476315227076,,,,,,,,,,,,,,,,,,,,,,,,,,,,,,,
klosa,all_primary_wave_intervals,incident_heart_disease,full,score_categorical,core,PASS_BASELINE_FREE_RISK_SET,14866,5099,17,17,198.0,NOT_EVALUABLE_LOSS_2PLUS_EVENTS,,,,,,,,,,,,4157.0,62.0,4095.0,325.0,4.0,321.0,,,,,,,,,,,,,,,,,,,,,,,,,
klosa,all_primary_wave_intervals,incident_heart_disease,full,mutually_adjusted_components,core,PASS_BASELINE_FREE_RISK_SET,14866,5099,18,18,198.0,NOT_EVALUABLE_ALCOHOL_LOSS_EVENTS,,,,,,,,,,,,,,,,,,727.0,9.0,718.0,,,,,,,,,,,,,,,,,,,,,,
klosa,all_primary_wave_intervals,incident_hypertension,basic,any_withdrawal,core,PASS_BASELINE_FREE_RISK_SET,8949,3266,11,11,597.0,PASS,2544.0,157.0,2387.0,,any_withdrawal,risk_ratio,0.8939046204800065,0.0919406101931025,0.7465023733560137,1.0704124983865566,0.2225116616393233,,,,,,,,,,,,,,,,,,,,,,,,,,,,,,,
klosa,all_primary_wave_intervals,incident_hypertension,basic,score_categorical,core,PASS_BASELINE_FREE_RISK_SET,8949,3266,12,12,597.0,NOT_EVALUABLE_LOSS_2PLUS_EVENTS,,,,,,,,,,,,2361.0,148.0,2213.0,183.0,9.0,174.0,,,,,,,,,,,,,,,,,,,,,,,,,
klosa,all_primary_wave_intervals,incident_hypertension,basic,mutually_adjusted_components,core,PASS_BASELINE_FREE_RISK_SET,8949,3266,13,13,597.0,PASS,,,,,alcohol_loss,risk_ratio,1.099353339037458,0.1795232677749039,0.7732622650236284,1.562959708134572,0.5977551165896948,,,,,,,397.0,31.0,366.0,1348.0,74.0,1274.0,986.0,61.0,925.0,,,,,,,,,,,,,,,,
klosa,all_primary_wave_intervals,incident_hypertension,basic,mutually_adjusted_components,core,PASS_BASELINE_FREE_RISK_SET,8949,3266,13,13,597.0,PASS,,,,,activity_loss,risk_ratio,0.8109147194281314,0.12301712593793,0.6371809985935243,1.032018662886549,0.0884248295464355,,,,,,,397.0,31.0,366.0,1348.0,74.0,1274.0,986.0,61.0,925.0,,,,,,,,,,,,,,,,
klosa,all_primary_wave_intervals,incident_hypertension,basic,mutually_adjusted_components,core,PASS_BASELINE_FREE_RISK_SET,8949,3266,13,13,597.0,PASS,,,,,work_loss,risk_ratio,0.8735972271051736,0.1308966055367053,0.6759146416582097,1.1290954037237175,0.3018912379680292,,,,,,,397.0,31.0,366.0,1348.0,74.0,1274.0,986.0,61.0,925.0,,,,,,,,,,,,,,,,
klosa,all_primary_wave_intervals,incident_hypertension,full,any_withdrawal,core,PASS_BASELINE_FREE_RISK_SET,8857,3246,16,16,589.0,PASS,2517.0,153.0,2364.0,,any_withdrawal,risk_ratio,0.8536260887413221,0.0933543061444808,0.7108931838757695,1.0250168603489462,0.0900216504861151,,,,,,,,,,,,,,,,,,,,,,,,,,,,,,,
klosa,all_primary_wave_intervals,incident_hypertension,full,score_categorical,core,PASS_BASELINE_FREE_RISK_SET,8857,3246,17,17,589.0,NOT_EVALUABLE_LOSS_2PLUS_EVENTS,,,,,,,,,,,,2334.0,144.0,2190.0,183.0,9.0,174.0,,,,,,,,,,,,,,,,,,,,,,,,,
klosa,all_primary_wave_intervals,incident_hypertension,full,mutually_adjusted_components,core,PASS_BASELINE_FREE_RISK_SET,8857,3246,18,18,589.0,PASS,,,,,alcohol_loss,risk_ratio,1.0409467764762028,0.1805950212207715,0.7306439018035334,1.483034606573045,0.8241476453721217,,,,,,,394.0,31.0,363.0,1336.0,72.0,1264.0,974.0,59.0,915.0,,,,,,,,,,,,,,,,
klosa,all_primary_wave_intervals,incident_hypertension,full,mutually_adjusted_components,core,PASS_BASELINE_FREE_RISK_SET,8857,3246,18,18,589.0,PASS,,,,,activity_loss,risk_ratio,0.7792451304176984,0.1243262767764231,0.6107273627346516,0.994261941303458,0.0448295674236968,,,,,,,394.0,31.0,363.0,1336.0,72.0,1264.0,974.0,59.0,915.0,,,,,,,,,,,,,,,,
klosa,all_primary_wave_intervals,incident_hypertension,full,mutually_adjusted_components,core,PASS_BASELINE_FREE_RISK_SET,8857,3246,18,18,589.0,PASS,,,,,work_loss,risk_ratio,0.8389195959148937,0.1332958856630339,0.6460389095380903,1.0893865338748818,0.1876130844717646,,,,,,,394.0,31.0,363.0,1336.0,72.0,1264.0,974.0,59.0,915.0,,,,,,,,,,,,,,,,
klosa,all_primary_wave_intervals,incident_any_iadl,basic,any_withdrawal,core,PASS_STRICT_COMPLETE_ITEM_COUNTS,15323,5356,11,11,863.0,PASS,4538.0,316.0,4222.0,,any_withdrawal,risk_ratio,1.3777694964564962,0.0684095757389381,1.2048867510252357,1.5754582609118832,2.806195932354032e-06,,,,,,,,,,,,,,,,,,,,,,,,,,,,,,,
klosa,all_primary_wave_intervals,incident_any_iadl,basic,score_categorical,core,PASS_STRICT_COMPLETE_ITEM_COUNTS,15323,5356,12,12,863.0,NOT_EVALUABLE_LOSS_2PLUS_EVENTS,,,,,,,,,,,,4236.0,298.0,3938.0,302.0,18.0,284.0,,,,,,,,,,,,,,,,,,,,,,,,,
klosa,all_primary_wave_intervals,incident_any_iadl,basic,mutually_adjusted_components,core,PASS_STRICT_COMPLETE_ITEM_COUNTS,15323,5356,13,13,863.0,PASS,,,,,alcohol_loss,risk_ratio,1.440000867930708,0.1229743399342292,1.1315840203121863,1.8324777147958644,0.003024845808619,,,,,,,690.0,66.0,624.0,2526.0,172.0,2354.0,1635.0,96.0,1539.0,,,,,,,,,,,,,,,,
klosa,all_primary_wave_intervals,incident_any_iadl,basic,mutually_adjusted_components,core,PASS_STRICT_COMPLETE_ITEM_COUNTS,15323,5356,13,13,863.0,PASS,,,,,activity_loss,risk_ratio,1.3123270208127544,0.0828656486206849,1.115595369721102,1.5437516650735372,0.0010379560623839,,,,,,,690.0,66.0,624.0,2526.0,172.0,2354.0,1635.0,96.0,1539.0,,,,,,,,,,,,,,,,
klosa,all_primary_wave_intervals,incident_any_iadl,basic,mutually_adjusted_components,core,PASS_STRICT_COMPLETE_ITEM_COUNTS,15323,5356,13,13,863.0,PASS,,,,,work_loss,risk_ratio,1.2656300955071174,0.1036709660854426,1.032908632584555,1.5507853145202843,0.0230692345365493,,,,,,,690.0,66.0,624.0,2526.0,172.0,2354.0,1635.0,96.0,1539.0,,,,,,,,,,,,,,,,
klosa,all_primary_wave_intervals,incident_any_iadl,full,any_withdrawal,core,PASS_STRICT_COMPLETE_ITEM_COUNTS,15177,5334,16,16,857.0,PASS,4495.0,315.0,4180.0,,any_withdrawal,risk_ratio,1.3318047955939287,0.069026088060675,1.1632832149713874,1.5247396255181187,3.308640245192254e-05,,,,,,,,,,,,,,,,,,,,,,,,,,,,,,,
klosa,all_primary_wave_intervals,incident_any_iadl,full,score_categorical,core,PASS_STRICT_COMPLETE_ITEM_COUNTS,15177,5334,17,17,857.0,NOT_EVALUABLE_LOSS_2PLUS_EVENTS,,,,,,,,,,,,4194.0,297.0,3897.0,301.0,18.0,283.0,,,,,,,,,,,,,,,,,,,,,,,,,
klosa,all_primary_wave_intervals,incident_any_iadl,full,mutually_adjusted_components,core,PASS_STRICT_COMPLETE_ITEM_COUNTS,15177,5334,18,18,857.0,PASS,,,,,alcohol_loss,risk_ratio,1.386324214285212,0.1234441273629562,1.088401112989566,1.7657964551639842,0.0081405680284548,,,,,,,683.0,65.0,618.0,2507.0,172.0,2335.0,1617.0,96.0,1521.0,,,,,,,,,,,,,,,,
klosa,all_primary_wave_intervals,incident_any_iadl,full,mutually_adjusted_components,core,PASS_STRICT_COMPLETE_ITEM_COUNTS,15177,5334,18,18,857.0,PASS,,,,,activity_loss,risk_ratio,1.270947420269174,0.0833485772238383,1.0793968501414135,1.4964906974457488,0.0040195262940318,,,,,,,683.0,65.0,618.0,2507.0,172.0,2335.0,1617.0,96.0,1521.0,,,,,,,,,,,,,,,,
klosa,all_primary_wave_intervals,incident_any_iadl,full,mutually_adjusted_components,core,PASS_STRICT_COMPLETE_ITEM_COUNTS,15177,5334,18,18,857.0,PASS,,,,,work_loss,risk_ratio,1.2379409883021335,0.1038190359599353,1.0100177801165766,1.5172979334498262,0.0397847739986478,,,,,,,683.0,65.0,618.0,2507.0,172.0,2335.0,1617.0,96.0,1521.0,,,,,,,,,,,,,,,,
klosa,all_primary_wave_intervals,iadl_count_increase,basic,any_withdrawal,core,PASS_STRICT_COMPLETE_ITEM_COUNTS,16561,5596,12,12,998.0,PASS,5087.0,379.0,4708.0,,any_withdrawal,risk_ratio,1.3310928398947557,0.0652302976476558,1.171343352704332,1.5126291913711154,1.1626845592958832e-05,,,,,,,,,,,,,,,,,,,,,,,,,,,,,,,
klosa,all_primary_wave_intervals,iadl_count_increase,basic,score_categorical,core,PASS_STRICT_COMPLETE_ITEM_COUNTS,16561,5596,13,13,998.0,PASS,,,,,loss_1,risk_ratio,1.3248308318217386,0.0658294114996194,1.164464705920231,1.507282036133875,1.9291696008992972e-05,4724.0,356.0,4368.0,363.0,23.0,340.0,,,,,,,,,,,,,,,,,,,,,,,,,
klosa,all_primary_wave_intervals,iadl_count_increase,basic,score_categorical,core,PASS_STRICT_COMPLETE_ITEM_COUNTS,16561,5596,13,13,998.0,PASS,,,,,loss_2plus,risk_ratio,1.4667080610546857,0.2136398476497843,0.9649240052774553,2.2294320843891,0.0729997012587239,4724.0,356.0,4368.0,363.0,23.0,340.0,,,,,,,,,,,,,,,,,,,,,,,,,
klosa,all_primary_wave_intervals,iadl_count_increase,basic,mutually_adjusted_components,core,PASS_STRICT_COMPLETE_ITEM_COUNTS,16561,5596,14,14,998.0,PASS,,,,,alcohol_loss,risk_ratio,1.37143249656899,0.1128098770108236,1.0993867402274544,1.7107965957969664,0.0051119230233413,,,,,,,831.0,81.0,750.0,2836.0,211.0,2625.0,1797.0,110.0,1687.0,,,,,,,,,,,,,,,,
klosa,all_primary_wave_intervals,iadl_count_increase,basic,mutually_adjusted_components,core,PASS_STRICT_COMPLETE_ITEM_COUNTS,16561,5596,14,14,998.0,PASS,,,,,activity_loss,risk_ratio,1.2870555074088932,0.0781028620714513,1.1043735600532232,1.499956119079608,0.0012332086897775,,,,,,,831.0,81.0,750.0,2836.0,211.0,2625.0,1797.0,110.0,1687.0,,,,,,,,,,,,,,,,
klosa,all_primary_wave_intervals,iadl_count_increase,basic,mutually_adjusted_components,core,PASS_STRICT_COMPLETE_ITEM_COUNTS,16561,5596,14,14,998.0,PASS,,,,,work_loss,risk_ratio,1.2324628781883047,0.0974096065413998,1.0182598966727554,1.4917259837842354,0.0318946964476897,,,,,,,831.0,81.0,750.0,2836.0,211.0,2625.0,1797.0,110.0,1687.0,,,,,,,,,,,,,,,,
klosa,all_primary_wave_intervals,iadl_count_increase,full,any_withdrawal,core,PASS_STRICT_COMPLETE_ITEM_COUNTS,16409,5574,17,17,990.0,PASS,5040.0,378.0,4662.0,,any_withdrawal,risk_ratio,1.299649047424415,0.0656915827557252,1.142639718499484,1.478232919024819,6.613757245367396e-05,,,,,,,,,,,,,,,,,,,,,,,,,,,,,,,
klosa,all_primary_wave_intervals,iadl_count_increase,full,score_categorical,core,PASS_STRICT_COMPLETE_ITEM_COUNTS,16409,5574,18,18,990.0,PASS,,,,,loss_1,risk_ratio,1.2951518148862355,0.0662124637604213,1.137523891973016,1.4746224105180386,9.382457538610386e-05,4678.0,355.0,4323.0,362.0,23.0,339.0,,,,,,,,,,,,,,,,,,,,,,,,,
klosa,all_primary_wave_intervals,iadl_count_increase,full,score_categorical,core,PASS_STRICT_COMPLETE_ITEM_COUNTS,16409,5574,18,18,990.0,PASS,,,,,loss_2plus,risk_ratio,1.397083573214677,0.2148337371461156,0.916970950896762,2.1285761655126176,0.1195912445806366,4678.0,355.0,4323.0,362.0,23.0,339.0,,,,,,,,,,,,,,,,,,,,,,,,,
klosa,all_primary_wave_intervals,iadl_count_increase,full,mutually_adjusted_components,core,PASS_STRICT_COMPLETE_ITEM_COUNTS,16409,5574,19,19,990.0,PASS,,,,,alcohol_loss,risk_ratio,1.3233714465290696,0.1130276936997021,1.060406576812127,1.6515476457656146,0.0131793947840351,,,,,,,824.0,80.0,744.0,2814.0,211.0,2603.0,1778.0,110.0,1668.0,,,,,,,,,,,,,,,,
klosa,all_primary_wave_intervals,iadl_count_increase,full,mutually_adjusted_components,core,PASS_STRICT_COMPLETE_ITEM_COUNTS,16409,5574,19,19,990.0,PASS,,,,,activity_loss,risk_ratio,1.2633861623883391,0.0787610132776371,1.0826663025707732,1.4742719816108774,0.0029933773428129,,,,,,,824.0,80.0,744.0,2814.0,211.0,2603.0,1778.0,110.0,1668.0,,,,,,,,,,,,,,,,
klosa,all_primary_wave_intervals,iadl_count_increase,full,mutually_adjusted_components,core,PASS_STRICT_COMPLETE_ITEM_COUNTS,16409,5574,19,19,990.0,PASS,,,,,work_loss,risk_ratio,1.2091078732002996,0.0973126883513148,0.9991537866306232,1.4631800115225069,0.0510255914224522,,,,,,,824.0,80.0,744.0,2814.0,211.0,2603.0,1778.0,110.0,1668.0,,,,,,,,,,,,,,,,
klosa,all_primary_wave_intervals,word_recall_change,basic,any_withdrawal,core,PASS_BASELINE_ADJUSTED_CHANGE_CANDIDATE,9062,4238,10,10,,PASS,2695.0,,,,any_withdrawal,mean_difference,-0.0632770350006237,0.0319296000756394,-0.1258579011896445,-0.000696168811603,0.0475052990732016,,,,,,,,,,,,,,,,-0.0429237666241872,0.0216593382107247,-0.0853752894461801,-0.0004722438021944,,,,,,,,,,,,
klosa,all_primary_wave_intervals,word_recall_change,basic,score_categorical,core,PASS_BASELINE_ADJUSTED_CHANGE_CANDIDATE,9062,4238,11,11,,PASS,,,,,loss_1,mean_difference,-0.0514532908002146,0.0325331737718257,-0.1152171396957761,0.0123105580953467,0.1137491774083574,2518.0,,,177.0,,,,,,,,,,,,-0.0349031689985645,0.0220687704237755,-0.0781571642122474,0.0083508262151182,,,,,,,,,,,,
klosa,all_primary_wave_intervals,word_recall_change,basic,score_categorical,core,PASS_BASELINE_ADJUSTED_CHANGE_CANDIDATE,9062,4238,11,11,,PASS,,,,,loss_2plus,mean_difference,-0.2621965019966546,0.1009792727801719,-0.4601122398308374,-0.0642807641624718,0.0094168534965895,2518.0,,,177.0,,,,,,,,,,,,-0.1778601266837441,0.0684989544572295,-0.3121156103985634,-0.0436046429689248,,,,,,,,,,,,
klosa,all_primary_wave_intervals,word_recall_change,basic,mutually_adjusted_components,core,PASS_BASELINE_ADJUSTED_CHANGE_CANDIDATE,9062,4238,12,12,,PASS,,,,,alcohol_loss,mean_difference,-0.2479650239961017,0.0708798687555691,-0.3868870139859431,-0.1090430340062602,0.0004680860342381,,,,,,,415.0,,,1497.0,,,965.0,,,-0.1682062508280412,0.0480811236618005,-0.262443521541387,-0.0739689801146955,,,,,,,,,,,,
klosa,all_primary_wave_intervals,word_recall_change,basic,mutually_adjusted_components,core,PASS_BASELINE_ADJUSTED_CHANGE_CANDIDATE,9062,4238,12,12,,PASS,,,,,activity_loss,mean_difference,0.0128872766710325,0.0386822058083326,-0.0629284535558654,0.0887030068979306,0.7390152082825932,,,,,,,415.0,,,1497.0,,,965.0,,,0.0087420413463317,0.0262399458920488,-0.0426873075583637,0.0601713902510273,,,,,,,,,,,,
klosa,all_primary_wave_intervals,word_recall_change,basic,mutually_adjusted_components,core,PASS_BASELINE_ADJUSTED_CHANGE_CANDIDATE,9062,4238,12,12,,PASS,,,,,work_loss,mean_difference,-0.0976696847289126,0.0453092602858664,-0.1864742030553619,-0.0088651664024633,0.0311131131341078,,,,,,,415.0,,,1497.0,,,965.0,,,-0.0662539063899006,0.0307353862962434,-0.1264941565814637,-0.0060136561983375,,,,,,,,,,,,
klosa,all_primary_wave_intervals,word_recall_change,full,any_withdrawal,core,PASS_BASELINE_ADJUSTED_CHANGE_CANDIDATE,8994,4224,15,15,,PASS,2669.0,,,,any_withdrawal,mean_difference,-0.046303079280063,0.0320922322708985,-0.1092026987145181,0.0165965401543921,0.149073249482643,,,,,,,,,,,,,,,,-0.0314280753983597,0.0217825058547617,-0.0741210023667257,0.0112648515700062,,,,,,,,,,,,
klosa,all_primary_wave_intervals,word_recall_change,full,score_categorical,core,PASS_BASELINE_ADJUSTED_CHANGE_CANDIDATE,8994,4224,16,16,,PASS,,,,,loss_1,mean_difference,-0.0360520800967987,0.032676529579731,-0.1000969012128294,0.0279927410192318,0.2698960429157861,2493.0,,,176.0,,,,,,,,,,,,-0.0244702406225876,0.0221790958907284,-0.0679404697780758,0.0189999885329004,,,,,,,,,,,,
klosa,all_primary_wave_intervals,word_recall_change,full,score_categorical,core,PASS_BASELINE_ADJUSTED_CHANGE_CANDIDATE,8994,4224,16,16,,PASS,,,,,loss_2plus,mean_difference,-0.2217197917299708,0.1010299248071769,-0.4197348057128274,-0.0237047777471142,0.0281926455552854,2493.0,,,176.0,,,,,,,,,,,,-0.1504916398680744,0.0685737567284802,-0.2848937333405069,-0.016089546395642,,,,,,,,,,,,
klosa,all_primary_wave_intervals,word_recall_change,full,mutually_adjusted_components,core,PASS_BASELINE_ADJUSTED_CHANGE_CANDIDATE,8994,4224,17,17,,PASS,,,,,alcohol_loss,mean_difference,-0.2191833991025299,0.0712675162638192,-0.3588651642472381,-0.0795016339578217,0.002101484172328,,,,,,,413.0,,,1483.0,,,954.0,,,-0.1487700710226655,0.0483726117013894,-0.2435786477955296,-0.0539614942498014,,,,,,,,,,,,
klosa,all_primary_wave_intervals,word_recall_change,full,mutually_adjusted_components,core,PASS_BASELINE_ADJUSTED_CHANGE_CANDIDATE,8994,4224,17,17,,PASS,,,,,activity_loss,mean_difference,0.0214048625128432,0.0387941529721694,-0.0546302801233463,0.0974400051490329,0.5811163167075697,,,,,,,413.0,,,1483.0,,,954.0,,,0.0145284858675655,0.02633141431589,-0.0370801378535813,0.0661371095887124,,,,,,,,,,,,
klosa,all_primary_wave_intervals,word_recall_change,full,mutually_adjusted_components,core,PASS_BASELINE_ADJUSTED_CHANGE_CANDIDATE,8994,4224,17,17,,PASS,,,,,work_loss,mean_difference,-0.0767436875816758,0.0455737269208275,-0.1660665509877612,0.0125791758244096,0.0921921373583381,,,,,,,413.0,,,1483.0,,,954.0,,,-0.0520895464657267,0.0309330296844585,-0.1127171705799738,0.0085380776485203,,,,,,,,,,,,
mhas,comparable_22_30_months,incident_diabetes,basic,any_withdrawal,core,PASS_BASELINE_FREE_RISK_SET,0,0,7,0,,NOT_EVALUABLE_CLUSTERS,,,,,,,,,,,,,,,,,,,,,,,,,,,,,,,,,,,,,,,,,,
mhas,comparable_22_30_months,incident_diabetes,basic,score_categorical,core,PASS_BASELINE_FREE_RISK_SET,0,0,8,0,,NOT_EVALUABLE_CLUSTERS,,,,,,,,,,,,,,,,,,,,,,,,,,,,,,,,,,,,,,,,,,
mhas,comparable_22_30_months,incident_diabetes,basic,mutually_adjusted_components,core,PASS_BASELINE_FREE_RISK_SET,0,0,9,0,,NOT_EVALUABLE_CLUSTERS,,,,,,,,,,,,,,,,,,,,,,,,,,,,,,,,,,,,,,,,,,
mhas,comparable_22_30_months,incident_diabetes,full,any_withdrawal,core,PASS_BASELINE_FREE_RISK_SET,0,0,12,0,,NOT_EVALUABLE_CLUSTERS,,,,,,,,,,,,,,,,,,,,,,,,,,,,,,,,,,,,,,,,,,
mhas,comparable_22_30_months,incident_diabetes,full,score_categorical,core,PASS_BASELINE_FREE_RISK_SET,0,0,13,0,,NOT_EVALUABLE_CLUSTERS,,,,,,,,,,,,,,,,,,,,,,,,,,,,,,,,,,,,,,,,,,
mhas,comparable_22_30_months,incident_diabetes,full,mutually_adjusted_components,core,PASS_BASELINE_FREE_RISK_SET,0,0,14,0,,NOT_EVALUABLE_CLUSTERS,,,,,,,,,,,,,,,,,,,,,,,,,,,,,,,,,,,,,,,,,,
mhas,comparable_22_30_months,incident_diabetes,full,extended_score_categorical,enrichment,PASS_BASELINE_FREE_RISK_SET,0,0,13,0,,NOT_EVALUABLE_CLUSTERS,,,,,,,,,,,,,,,,,,,,,,,,,,,,,,,,,,,,,,,,,,
mhas,comparable_22_30_months,incident_diabetes,full,work_exit_phenotype,enrichment,PASS_BASELINE_FREE_RISK_SET,0,0,13,0,,NOT_EVALUABLE_CLUSTERS,,,,,,,,,,,,,,,,,,,,,,,,,,,,,,,,,,,,,,,,,,
mhas,comparable_22_30_months,incident_stroke,basic,any_withdrawal,core,PASS_BASELINE_FREE_RISK_SET,0,0,7,0,,NOT_EVALUABLE_CLUSTERS,,,,,,,,,,,,,,,,,,,,,,,,,,,,,,,,,,,,,,,,,,
mhas,comparable_22_30_months,incident_stroke,basic,score_categorical,core,PASS_BASELINE_FREE_RISK_SET,0,0,8,0,,NOT_EVALUABLE_CLUSTERS,,,,,,,,,,,,,,,,,,,,,,,,,,,,,,,,,,,,,,,,,,
mhas,comparable_22_30_months,incident_stroke,basic,mutually_adjusted_components,core,PASS_BASELINE_FREE_RISK_SET,0,0,9,0,,NOT_EVALUABLE_CLUSTERS,,,,,,,,,,,,,,,,,,,,,,,,,,,,,,,,,,,,,,,,,,
mhas,comparable_22_30_months,incident_stroke,full,any_withdrawal,core,PASS_BASELINE_FREE_RISK_SET,0,0,12,0,,NOT_EVALUABLE_CLUSTERS,,,,,,,,,,,,,,,,,,,,,,,,,,,,,,,,,,,,,,,,,,
mhas,comparable_22_30_months,incident_stroke,full,score_categorical,core,PASS_BASELINE_FREE_RISK_SET,0,0,13,0,,NOT_EVALUABLE_CLUSTERS,,,,,,,,,,,,,,,,,,,,,,,,,,,,,,,,,,,,,,,,,,
mhas,comparable_22_30_months,incident_stroke,full,mutually_adjusted_components,core,PASS_BASELINE_FREE_RISK_SET,0,0,14,0,,NOT_EVALUABLE_CLUSTERS,,,,,,,,,,,,,,,,,,,,,,,,,,,,,,,,,,,,,,,,,,
mhas,comparable_22_30_months,incident_stroke,full,extended_score_categorical,enrichment,PASS_BASELINE_FREE_RISK_SET,0,0,13,0,,NOT_EVALUABLE_CLUSTERS,,,,,,,,,,,,,,,,,,,,,,,,,,,,,,,,,,,,,,,,,,
mhas,comparable_22_30_months,incident_stroke,full,work_exit_phenotype,enrichment,PASS_BASELINE_FREE_RISK_SET,0,0,13,0,,NOT_EVALUABLE_CLUSTERS,,,,,,,,,,,,,,,,,,,,,,,,,,,,,,,,,,,,,,,,,,
mhas,comparable_22_30_months,incident_any_adl,basic,any_withdrawal,core,PASS_STRICT_COMPLETE_ITEM_COUNTS,0,0,7,0,,NOT_EVALUABLE_CLUSTERS,,,,,,,,,,,,,,,,,,,,,,,,,,,,,,,,,,,,,,,,,,
mhas,comparable_22_30_months,incident_any_adl,basic,score_categorical,core,PASS_STRICT_COMPLETE_ITEM_COUNTS,0,0,8,0,,NOT_EVALUABLE_CLUSTERS,,,,,,,,,,,,,,,,,,,,,,,,,,,,,,,,,,,,,,,,,,
mhas,comparable_22_30_months,incident_any_adl,basic,mutually_adjusted_components,core,PASS_STRICT_COMPLETE_ITEM_COUNTS,0,0,9,0,,NOT_EVALUABLE_CLUSTERS,,,,,,,,,,,,,,,,,,,,,,,,,,,,,,,,,,,,,,,,,,
mhas,comparable_22_30_months,incident_any_adl,full,any_withdrawal,core,PASS_STRICT_COMPLETE_ITEM_COUNTS,0,0,12,0,,NOT_EVALUABLE_CLUSTERS,,,,,,,,,,,,,,,,,,,,,,,,,,,,,,,,,,,,,,,,,,
mhas,comparable_22_30_months,incident_any_adl,full,score_categorical,core,PASS_STRICT_COMPLETE_ITEM_COUNTS,0,0,13,0,,NOT_EVALUABLE_CLUSTERS,,,,,,,,,,,,,,,,,,,,,,,,,,,,,,,,,,,,,,,,,,
mhas,comparable_22_30_months,incident_any_adl,full,mutually_adjusted_components,core,PASS_STRICT_COMPLETE_ITEM_COUNTS,0,0,14,0,,NOT_EVALUABLE_CLUSTERS,,,,,,,,,,,,,,,,,,,,,,,,,,,,,,,,,,,,,,,,,,
mhas,comparable_22_30_months,incident_any_adl,full,extended_score_categorical,enrichment,PASS_STRICT_COMPLETE_ITEM_COUNTS,0,0,13,0,,NOT_EVALUABLE_CLUSTERS,,,,,,,,,,,,,,,,,,,,,,,,,,,,,,,,,,,,,,,,,,
mhas,comparable_22_30_months,incident_any_adl,full,work_exit_phenotype,enrichment,PASS_STRICT_COMPLETE_ITEM_COUNTS,0,0,13,0,,NOT_EVALUABLE_CLUSTERS,,,,,,,,,,,,,,,,,,,,,,,,,,,,,,,,,,,,,,,,,,
mhas,comparable_22_30_months,multimorbidity_progression,basic,any_withdrawal,core,PASS_STRICT_COMMON_SIX,0,0,8,0,,NOT_EVALUABLE_CLUSTERS,,,,,,,,,,,,,,,,,,,,,,,,,,,,,,,,,,,,,,,,,,
mhas,comparable_22_30_months,multimorbidity_progression,basic,score_categorical,core,PASS_STRICT_COMMON_SIX,0,0,9,0,,NOT_EVALUABLE_CLUSTERS,,,,,,,,,,,,,,,,,,,,,,,,,,,,,,,,,,,,,,,,,,
mhas,comparable_22_30_months,multimorbidity_progression,basic,mutually_adjusted_components,core,PASS_STRICT_COMMON_SIX,0,0,10,0,,NOT_EVALUABLE_CLUSTERS,,,,,,,,,,,,,,,,,,,,,,,,,,,,,,,,,,,,,,,,,,
mhas,comparable_22_30_months,multimorbidity_progression,full,any_withdrawal,core,PASS_STRICT_COMMON_SIX,0,0,13,0,,NOT_EVALUABLE_CLUSTERS,,,,,,,,,,,,,,,,,,,,,,,,,,,,,,,,,,,,,,,,,,
mhas,comparable_22_30_months,multimorbidity_progression,full,score_categorical,core,PASS_STRICT_COMMON_SIX,0,0,14,0,,NOT_EVALUABLE_CLUSTERS,,,,,,,,,,,,,,,,,,,,,,,,,,,,,,,,,,,,,,,,,,
mhas,comparable_22_30_months,multimorbidity_progression,full,mutually_adjusted_components,core,PASS_STRICT_COMMON_SIX,0,0,15,0,,NOT_EVALUABLE_CLUSTERS,,,,,,,,,,,,,,,,,,,,,,,,,,,,,,,,,,,,,,,,,,
mhas,comparable_22_30_months,multimorbidity_progression,full,extended_score_categorical,enrichment,PASS_STRICT_COMMON_SIX,0,0,14,0,,NOT_EVALUABLE_CLUSTERS,,,,,,,,,,,,,,,,,,,,,,,,,,,,,,,,,,,,,,,,,,
mhas,comparable_22_30_months,multimorbidity_progression,full,work_exit_phenotype,enrichment,PASS_STRICT_COMMON_SIX,0,0,14,0,,NOT_EVALUABLE_CLUSTERS,,,,,,,,,,,,,,,,,,,,,,,,,,,,,,,,,,,,,,,,,,
mhas,comparable_22_30_months,mortality,basic,any_withdrawal,core,PASS_SOURCE_STATUS,0,0,7,0,,NOT_EVALUABLE_CLUSTERS,,,,,,,,,,,,,,,,,,,,,,,,,,,,,,,,,,,,,,,,,,
mhas,comparable_22_30_months,mortality,basic,score_categorical,core,PASS_SOURCE_STATUS,0,0,8,0,,NOT_EVALUABLE_CLUSTERS,,,,,,,,,,,,,,,,,,,,,,,,,,,,,,,,,,,,,,,,,,
mhas,comparable_22_30_months,mortality,basic,mutually_adjusted_components,core,PASS_SOURCE_STATUS,0,0,9,0,,NOT_EVALUABLE_CLUSTERS,,,,,,,,,,,,,,,,,,,,,,,,,,,,,,,,,,,,,,,,,,
mhas,comparable_22_30_months,mortality,full,any_withdrawal,core,PASS_SOURCE_STATUS,0,0,12,0,,NOT_EVALUABLE_CLUSTERS,,,,,,,,,,,,,,,,,,,,,,,,,,,,,,,,,,,,,,,,,,
mhas,comparable_22_30_months,mortality,full,score_categorical,core,PASS_SOURCE_STATUS,0,0,13,0,,NOT_EVALUABLE_CLUSTERS,,,,,,,,,,,,,,,,,,,,,,,,,,,,,,,,,,,,,,,,,,
mhas,comparable_22_30_months,mortality,full,mutually_adjusted_components,core,PASS_SOURCE_STATUS,0,0,14,0,,NOT_EVALUABLE_CLUSTERS,,,,,,,,,,,,,,,,,,,,,,,,,,,,,,,,,,,,,,,,,,
mhas,comparable_22_30_months,mortality,full,extended_score_categorical,enrichment,PASS_SOURCE_STATUS,0,0,13,0,,NOT_EVALUABLE_CLUSTERS,,,,,,,,,,,,,,,,,,,,,,,,,,,,,,,,,,,,,,,,,,
mhas,comparable_22_30_months,mortality,full,work_exit_phenotype,enrichment,PASS_SOURCE_STATUS,0,0,13,0,,NOT_EVALUABLE_CLUSTERS,,,,,,,,,,,,,,,,,,,,,,,,,,,,,,,,,,,,,,,,,,
mhas,comparable_22_30_months,incident_heart_disease,basic,any_withdrawal,core,PASS_BASELINE_FREE_RISK_SET,0,0,7,0,,NOT_EVALUABLE_CLUSTERS,,,,,,,,,,,,,,,,,,,,,,,,,,,,,,,,,,,,,,,,,,
mhas,comparable_22_30_months,incident_heart_disease,basic,score_categorical,core,PASS_BASELINE_FREE_RISK_SET,0,0,8,0,,NOT_EVALUABLE_CLUSTERS,,,,,,,,,,,,,,,,,,,,,,,,,,,,,,,,,,,,,,,,,,
mhas,comparable_22_30_months,incident_heart_disease,basic,mutually_adjusted_components,core,PASS_BASELINE_FREE_RISK_SET,0,0,9,0,,NOT_EVALUABLE_CLUSTERS,,,,,,,,,,,,,,,,,,,,,,,,,,,,,,,,,,,,,,,,,,
mhas,comparable_22_30_months,incident_heart_disease,full,any_withdrawal,core,PASS_BASELINE_FREE_RISK_SET,0,0,12,0,,NOT_EVALUABLE_CLUSTERS,,,,,,,,,,,,,,,,,,,,,,,,,,,,,,,,,,,,,,,,,,
mhas,comparable_22_30_months,incident_heart_disease,full,score_categorical,core,PASS_BASELINE_FREE_RISK_SET,0,0,13,0,,NOT_EVALUABLE_CLUSTERS,,,,,,,,,,,,,,,,,,,,,,,,,,,,,,,,,,,,,,,,,,
mhas,comparable_22_30_months,incident_heart_disease,full,mutually_adjusted_components,core,PASS_BASELINE_FREE_RISK_SET,0,0,14,0,,NOT_EVALUABLE_CLUSTERS,,,,,,,,,,,,,,,,,,,,,,,,,,,,,,,,,,,,,,,,,,
mhas,comparable_22_30_months,incident_hypertension,basic,any_withdrawal,core,PASS_BASELINE_FREE_RISK_SET,0,0,7,0,,NOT_EVALUABLE_CLUSTERS,,,,,,,,,,,,,,,,,,,,,,,,,,,,,,,,,,,,,,,,,,
mhas,comparable_22_30_months,incident_hypertension,basic,score_categorical,core,PASS_BASELINE_FREE_RISK_SET,0,0,8,0,,NOT_EVALUABLE_CLUSTERS,,,,,,,,,,,,,,,,,,,,,,,,,,,,,,,,,,,,,,,,,,
mhas,comparable_22_30_months,incident_hypertension,basic,mutually_adjusted_components,core,PASS_BASELINE_FREE_RISK_SET,0,0,9,0,,NOT_EVALUABLE_CLUSTERS,,,,,,,,,,,,,,,,,,,,,,,,,,,,,,,,,,,,,,,,,,
mhas,comparable_22_30_months,incident_hypertension,full,any_withdrawal,core,PASS_BASELINE_FREE_RISK_SET,0,0,12,0,,NOT_EVALUABLE_CLUSTERS,,,,,,,,,,,,,,,,,,,,,,,,,,,,,,,,,,,,,,,,,,
mhas,comparable_22_30_months,incident_hypertension,full,score_categorical,core,PASS_BASELINE_FREE_RISK_SET,0,0,13,0,,NOT_EVALUABLE_CLUSTERS,,,,,,,,,,,,,,,,,,,,,,,,,,,,,,,,,,,,,,,,,,
mhas,comparable_22_30_months,incident_hypertension,full,mutually_adjusted_components,core,PASS_BASELINE_FREE_RISK_SET,0,0,14,0,,NOT_EVALUABLE_CLUSTERS,,,,,,,,,,,,,,,,,,,,,,,,,,,,,,,,,,,,,,,,,,
mhas,comparable_22_30_months,incident_any_iadl,basic,any_withdrawal,core,PASS_STRICT_COMPLETE_ITEM_COUNTS,0,0,7,0,,NOT_EVALUABLE_CLUSTERS,,,,,,,,,,,,,,,,,,,,,,,,,,,,,,,,,,,,,,,,,,
mhas,comparable_22_30_months,incident_any_iadl,basic,score_categorical,core,PASS_STRICT_COMPLETE_ITEM_COUNTS,0,0,8,0,,NOT_EVALUABLE_CLUSTERS,,,,,,,,,,,,,,,,,,,,,,,,,,,,,,,,,,,,,,,,,,
mhas,comparable_22_30_months,incident_any_iadl,basic,mutually_adjusted_components,core,PASS_STRICT_COMPLETE_ITEM_COUNTS,0,0,9,0,,NOT_EVALUABLE_CLUSTERS,,,,,,,,,,,,,,,,,,,,,,,,,,,,,,,,,,,,,,,,,,
mhas,comparable_22_30_months,incident_any_iadl,full,any_withdrawal,core,PASS_STRICT_COMPLETE_ITEM_COUNTS,0,0,12,0,,NOT_EVALUABLE_CLUSTERS,,,,,,,,,,,,,,,,,,,,,,,,,,,,,,,,,,,,,,,,,,
mhas,comparable_22_30_months,incident_any_iadl,full,score_categorical,core,PASS_STRICT_COMPLETE_ITEM_COUNTS,0,0,13,0,,NOT_EVALUABLE_CLUSTERS,,,,,,,,,,,,,,,,,,,,,,,,,,,,,,,,,,,,,,,,,,
mhas,comparable_22_30_months,incident_any_iadl,full,mutually_adjusted_components,core,PASS_STRICT_COMPLETE_ITEM_COUNTS,0,0,14,0,,NOT_EVALUABLE_CLUSTERS,,,,,,,,,,,,,,,,,,,,,,,,,,,,,,,,,,,,,,,,,,
mhas,comparable_22_30_months,iadl_count_increase,basic,any_withdrawal,core,PASS_STRICT_COMPLETE_ITEM_COUNTS,0,0,8,0,,NOT_EVALUABLE_CLUSTERS,,,,,,,,,,,,,,,,,,,,,,,,,,,,,,,,,,,,,,,,,,
mhas,comparable_22_30_months,iadl_count_increase,basic,score_categorical,core,PASS_STRICT_COMPLETE_ITEM_COUNTS,0,0,9,0,,NOT_EVALUABLE_CLUSTERS,,,,,,,,,,,,,,,,,,,,,,,,,,,,,,,,,,,,,,,,,,
mhas,comparable_22_30_months,iadl_count_increase,basic,mutually_adjusted_components,core,PASS_STRICT_COMPLETE_ITEM_COUNTS,0,0,10,0,,NOT_EVALUABLE_CLUSTERS,,,,,,,,,,,,,,,,,,,,,,,,,,,,,,,,,,,,,,,,,,
mhas,comparable_22_30_months,iadl_count_increase,full,any_withdrawal,core,PASS_STRICT_COMPLETE_ITEM_COUNTS,0,0,13,0,,NOT_EVALUABLE_CLUSTERS,,,,,,,,,,,,,,,,,,,,,,,,,,,,,,,,,,,,,,,,,,
mhas,comparable_22_30_months,iadl_count_increase,full,score_categorical,core,PASS_STRICT_COMPLETE_ITEM_COUNTS,0,0,14,0,,NOT_EVALUABLE_CLUSTERS,,,,,,,,,,,,,,,,,,,,,,,,,,,,,,,,,,,,,,,,,,
mhas,comparable_22_30_months,iadl_count_increase,full,mutually_adjusted_components,core,PASS_STRICT_COMPLETE_ITEM_COUNTS,0,0,15,0,,NOT_EVALUABLE_CLUSTERS,,,,,,,,,,,,,,,,,,,,,,,,,,,,,,,,,,,,,,,,,,
mhas,comparable_22_30_months,word_recall_change,basic,any_withdrawal,core,PASS_BASELINE_ADJUSTED_CHANGE_CANDIDATE,0,0,8,0,,NOT_EVALUABLE_CLUSTERS,,,,,,,,,,,,,,,,,,,,,,,,,,,,,,,,,,,,,,,,,,
mhas,comparable_22_30_months,word_recall_change,basic,score_categorical,core,PASS_BASELINE_ADJUSTED_CHANGE_CANDIDATE,0,0,9,0,,NOT_EVALUABLE_CLUSTERS,,,,,,,,,,,,,,,,,,,,,,,,,,,,,,,,,,,,,,,,,,
mhas,comparable_22_30_months,word_recall_change,basic,mutually_adjusted_components,core,PASS_BASELINE_ADJUSTED_CHANGE_CANDIDATE,0,0,10,0,,NOT_EVALUABLE_CLUSTERS,,,,,,,,,,,,,,,,,,,,,,,,,,,,,,,,,,,,,,,,,,
mhas,comparable_22_30_months,word_recall_change,full,any_withdrawal,core,PASS_BASELINE_ADJUSTED_CHANGE_CANDIDATE,0,0,13,0,,NOT_EVALUABLE_CLUSTERS,,,,,,,,,,,,,,,,,,,,,,,,,,,,,,,,,,,,,,,,,,
mhas,comparable_22_30_months,word_recall_change,full,score_categorical,core,PASS_BASELINE_ADJUSTED_CHANGE_CANDIDATE,0,0,14,0,,NOT_EVALUABLE_CLUSTERS,,,,,,,,,,,,,,,,,,,,,,,,,,,,,,,,,,,,,,,,,,
mhas,comparable_22_30_months,word_recall_change,full,mutually_adjusted_components,core,PASS_BASELINE_ADJUSTED_CHANGE_CANDIDATE,0,0,15,0,,NOT_EVALUABLE_CLUSTERS,,,,,,,,,,,,,,,,,,,,,,,,,,,,,,,,,,,,,,,,,,
mhas,all_primary_wave_intervals,incident_diabetes,basic,any_withdrawal,core,PASS_BASELINE_FREE_RISK_SET,12034,6778,10,10,753.0,PASS,7193.0,449.0,6744.0,,any_withdrawal,risk_ratio,1.1124782394937422,0.0739983382361317,0.9622856845683978,1.286112693136639,0.1497429211299154,,,,,,,,,,,,,,,,,,,,,,,,,,,,,,,
mhas,all_primary_wave_intervals,incident_diabetes,basic,score_categorical,core,PASS_BASELINE_FREE_RISK_SET,12034,6778,11,11,753.0,PASS,,,,,loss_1,risk_ratio,1.0788994079372127,0.0767385888848461,0.9282414325668163,1.254009885368352,0.3223636342274626,5683.0,352.0,5331.0,1510.0,97.0,1413.0,,,,,,,,,,,,,,,,,,,,,,,,,
mhas,all_primary_wave_intervals,incident_diabetes,basic,score_categorical,core,PASS_BASELINE_FREE_RISK_SET,12034,6778,11,11,753.0,PASS,,,,,loss_2plus,risk_ratio,1.321616523863909,0.1266673747035893,1.0310648820054007,1.6940449302791534,0.0277020975637942,5683.0,352.0,5331.0,1510.0,97.0,1413.0,,,,,,,,,,,,,,,,,,,,,,,,,
mhas,all_primary_wave_intervals,incident_diabetes,basic,mutually_adjusted_components,core,PASS_BASELINE_FREE_RISK_SET,12034,6778,12,12,753.0,PASS,,,,,alcohol_loss,risk_ratio,1.1426231203509731,0.0941829567398981,0.9500234588137744,1.3742687962577127,0.15688889269998,,,,,,,2273.0,148.0,2125.0,3769.0,232.0,3537.0,2824.0,184.0,2640.0,,,,,,,,,,,,,,,,
mhas,all_primary_wave_intervals,incident_diabetes,basic,mutually_adjusted_components,core,PASS_BASELINE_FREE_RISK_SET,12034,6778,12,12,753.0,PASS,,,,,activity_loss,risk_ratio,1.1069999156007766,0.0818760068058788,0.9428760501332412,1.2996923752246692,0.2144007401347647,,,,,,,2273.0,148.0,2125.0,3769.0,232.0,3537.0,2824.0,184.0,2640.0,,,,,,,,,,,,,,,,
mhas,all_primary_wave_intervals,incident_diabetes,basic,mutually_adjusted_components,core,PASS_BASELINE_FREE_RISK_SET,12034,6778,12,12,753.0,PASS,,,,,work_loss,risk_ratio,1.212936386853712,0.0832065085526186,1.0304158160933663,1.42778736076818,0.0203375709922979,,,,,,,2273.0,148.0,2125.0,3769.0,232.0,3537.0,2824.0,184.0,2640.0,,,,,,,,,,,,,,,,
mhas,all_primary_wave_intervals,incident_diabetes,full,any_withdrawal,core,PASS_BASELINE_FREE_RISK_SET,11789,6674,15,15,739.0,PASS,7031.0,441.0,6590.0,,any_withdrawal,risk_ratio,1.1086642300291238,0.0746532294727242,0.9577564634900864,1.283349600656381,0.1670328647840402,,,,,,,,,,,,,,,,,,,,,,,,,,,,,,,
mhas,all_primary_wave_intervals,incident_diabetes,full,score_categorical,core,PASS_BASELINE_FREE_RISK_SET,11789,6674,16,16,739.0,PASS,,,,,loss_1,risk_ratio,1.080869447007183,0.0774086373143185,0.928715917830927,1.2579506165913468,0.3150830021011528,5567.0,347.0,5220.0,1464.0,94.0,1370.0,,,,,,,,,,,,,,,,,,,,,,,,,
mhas,all_primary_wave_intervals,incident_diabetes,full,score_categorical,core,PASS_BASELINE_FREE_RISK_SET,11789,6674,16,16,739.0,PASS,,,,,loss_2plus,risk_ratio,1.2809514728674611,0.1277238780119357,0.9972726650551692,1.6453240255517754,0.0525523247537454,5567.0,347.0,5220.0,1464.0,94.0,1370.0,,,,,,,,,,,,,,,,,,,,,,,,,
mhas,all_primary_wave_intervals,incident_diabetes,full,mutually_adjusted_components,core,PASS_BASELINE_FREE_RISK_SET,11789,6674,17,17,739.0,PASS,,,,,alcohol_loss,risk_ratio,1.1330478850229495,0.0947102958498462,0.9410890375294424,1.3641615814856578,0.1872101863557554,,,,,,,2212.0,145.0,2067.0,3693.0,230.0,3463.0,2746.0,178.0,2568.0,,,,,,,,,,,,,,,,
mhas,all_primary_wave_intervals,incident_diabetes,full,mutually_adjusted_components,core,PASS_BASELINE_FREE_RISK_SET,11789,6674,17,17,739.0,PASS,,,,,activity_loss,risk_ratio,1.1119538865876442,0.0822634045898975,0.9463767019522504,1.306500300933816,0.1970551567032491,,,,,,,2212.0,145.0,2067.0,3693.0,230.0,3463.0,2746.0,178.0,2568.0,,,,,,,,,,,,,,,,
mhas,all_primary_wave_intervals,incident_diabetes,full,mutually_adjusted_components,core,PASS_BASELINE_FREE_RISK_SET,11789,6674,17,17,739.0,PASS,,,,,work_loss,risk_ratio,1.1901999945850317,0.0847661440581043,1.0080147134475137,1.4053128473347118,0.0399623393065351,,,,,,,2212.0,145.0,2067.0,3693.0,230.0,3463.0,2746.0,178.0,2568.0,,,,,,,,,,,,,,,,
mhas,all_primary_wave_intervals,incident_diabetes,full,extended_score_categorical,enrichment,PASS_BASELINE_FREE_RISK_SET,9872,6108,14,14,510.0,PASS,,,,,extended_loss_1,risk_ratio,1.09666921905896,0.1008844833297288,0.8999173525186408,1.3364375880355932,0.3603566054119224,,,,,,,,,,,,,,,,,,,,3468.0,185.0,3283.0,1163.0,59.0,1104.0,,,,,,
mhas,all_primary_wave_intervals,incident_diabetes,full,extended_score_categorical,enrichment,PASS_BASELINE_FREE_RISK_SET,9872,6108,14,14,510.0,PASS,,,,,extended_loss_2plus,risk_ratio,1.114555459794089,0.1600917816662674,0.8143878993643902,1.5253589523203213,0.4981147104460617,,,,,,,,,,,,,,,,,,,,3468.0,185.0,3283.0,1163.0,59.0,1104.0,,,,,,
mhas,all_primary_wave_intervals,incident_diabetes,full,work_exit_phenotype,enrichment,PASS_BASELINE_FREE_RISK_SET,7350,4536,16,16,451.0,PASS,,,,,work_exit_retirement,risk_ratio,1.3189502407866005,0.1351025250765495,1.0121128380508169,1.718810069657161,0.040454100342981,,,,,,,,,,,,,,,,,,,,,,,,,,927.0,68.0,859.0,1819.0,110.0,1709.0
mhas,all_primary_wave_intervals,incident_diabetes,full,work_exit_phenotype,enrichment,PASS_BASELINE_FREE_RISK_SET,7350,4536,16,16,451.0,PASS,,,,,work_exit_no_retirement,risk_ratio,1.2277402069939791,0.1163693488398096,0.9773558333051268,1.542269421743996,0.0778771761786558,,,,,,,,,,,,,,,,,,,,,,,,,,927.0,68.0,859.0,1819.0,110.0,1709.0
mhas,all_primary_wave_intervals,incident_stroke,basic,any_withdrawal,core,PASS_BASELINE_FREE_RISK_SET,15307,8535,10,10,272.0,PASS,9297.0,180.0,9117.0,,any_withdrawal,risk_ratio,1.3354876631402224,0.1318893884046325,1.0312772315559928,1.729435348542257,0.028272933949558,,,,,,,,,,,,,,,,,,,,,,,,,,,,,,,
mhas,all_primary_wave_intervals,incident_stroke,basic,score_categorical,core,PASS_BASELINE_FREE_RISK_SET,15307,8535,11,11,272.0,PASS,,,,,loss_1,risk_ratio,1.299476270995738,0.1356963044969002,0.9960094287561236,1.6954042101688356,0.0535452810187856,7366.0,144.0,7222.0,1931.0,36.0,1895.0,,,,,,,,,,,,,,,,,,,,,,,,,
mhas,all_primary_wave_intervals,incident_stroke,basic,score_categorical,core,PASS_BASELINE_FREE_RISK_SET,15307,8535,11,11,272.0,PASS,,,,,loss_2plus,risk_ratio,1.6019368617553988,0.2196114778363933,1.0416258904445572,2.463650080697881,0.0318994340504027,7366.0,144.0,7222.0,1931.0,36.0,1895.0,,,,,,,,,,,,,,,,,,,,,,,,,
mhas,all_primary_wave_intervals,incident_stroke,basic,mutually_adjusted_components,core,PASS_BASELINE_FREE_RISK_SET,15307,8535,12,12,272.0,PASS,,,,,alcohol_loss,risk_ratio,1.262675896905959,0.1586938084628514,0.9251485568062824,1.7233453037327826,0.1416414750667652,,,,,,,2857.0,55.0,2802.0,4882.0,92.0,4790.0,3677.0,72.0,3605.0,,,,,,,,,,,,,,,,
mhas,all_primary_wave_intervals,incident_stroke,basic,mutually_adjusted_components,core,PASS_BASELINE_FREE_RISK_SET,15307,8535,12,12,272.0,PASS,,,,,activity_loss,risk_ratio,1.2155577650699594,0.1377301644636905,0.927981831438918,1.5922517339921998,0.1563993192629172,,,,,,,2857.0,55.0,2802.0,4882.0,92.0,4790.0,3677.0,72.0,3605.0,,,,,,,,,,,,,,,,
mhas,all_primary_wave_intervals,incident_stroke,basic,mutually_adjusted_components,core,PASS_BASELINE_FREE_RISK_SET,15307,8535,12,12,272.0,PASS,,,,,work_loss,risk_ratio,1.321806946699055,0.1437430156736206,0.9972722927475256,1.7519524176575123,0.0522629134618505,,,,,,,2857.0,55.0,2802.0,4882.0,92.0,4790.0,3677.0,72.0,3605.0,,,,,,,,,,,,,,,,
mhas,all_primary_wave_intervals,incident_stroke,full,any_withdrawal,core,PASS_BASELINE_FREE_RISK_SET,14988,8411,15,15,269.0,PASS,9084.0,178.0,8906.0,,any_withdrawal,risk_ratio,1.2824295841075182,0.1320254127586149,0.9900412573065698,1.661168790751634,0.0595439614459798,,,,,,,,,,,,,,,,,,,,,,,,,,,,,,,
mhas,all_primary_wave_intervals,incident_stroke,full,score_categorical,core,PASS_BASELINE_FREE_RISK_SET,14988,8411,16,16,269.0,PASS,,,,,loss_1,risk_ratio,1.249458385613241,0.1361493676617885,0.9568222023783798,1.6315949332056618,0.1018860186619663,7206.0,142.0,7064.0,1878.0,36.0,1842.0,,,,,,,,,,,,,,,,,,,,,,,,,
mhas,all_primary_wave_intervals,incident_stroke,full,score_categorical,core,PASS_BASELINE_FREE_RISK_SET,14988,8411,16,16,269.0,PASS,,,,,loss_2plus,risk_ratio,1.5235684898420891,0.2183614874856994,0.9930985481026549,2.3373923440675086,0.0538241881534072,7206.0,142.0,7064.0,1878.0,36.0,1842.0,,,,,,,,,,,,,,,,,,,,,,,,,
mhas,all_primary_wave_intervals,incident_stroke,full,mutually_adjusted_components,core,PASS_BASELINE_FREE_RISK_SET,14988,8411,17,17,269.0,PASS,,,,,alcohol_loss,risk_ratio,1.224016261705244,0.1579164462638533,0.8981905157708584,1.6680378857408211,0.2005352956876626,,,,,,,2784.0,54.0,2730.0,4782.0,91.0,4691.0,3577.0,72.0,3505.0,,,,,,,,,,,,,,,,
mhas,all_primary_wave_intervals,incident_stroke,full,mutually_adjusted_components,core,PASS_BASELINE_FREE_RISK_SET,14988,8411,17,17,269.0,PASS,,,,,activity_loss,risk_ratio,1.1708082378515274,0.1378798969790654,0.8935568498615801,1.5340847423791186,0.2527448427426354,,,,,,,2784.0,54.0,2730.0,4782.0,91.0,4691.0,3577.0,72.0,3505.0,,,,,,,,,,,,,,,,
mhas,all_primary_wave_intervals,incident_stroke,full,mutually_adjusted_components,core,PASS_BASELINE_FREE_RISK_SET,14988,8411,17,17,269.0,PASS,,,,,work_loss,risk_ratio,1.2989966737290062,0.1436251500471,0.9802889103145211,1.7213214804374664,0.0685531310376453,,,,,,,2784.0,54.0,2730.0,4782.0,91.0,4691.0,3577.0,72.0,3505.0,,,,,,,,,,,,,,,,
mhas,all_primary_wave_intervals,incident_stroke,full,extended_score_categorical,enrichment,PASS_BASELINE_FREE_RISK_SET,13403,8247,14,14,242.0,PASS,,,,,extended_loss_1,risk_ratio,1.162141399751589,0.1621558768266285,0.8457298125430884,1.5969315648876616,0.3540999763347155,,,,,,,,,,,,,,,,,,,,4689.0,80.0,4609.0,1567.0,37.0,1530.0,,,,,,
mhas,all_primary_wave_intervals,incident_stroke,full,extended_score_categorical,enrichment,PASS_BASELINE_FREE_RISK_SET,13403,8247,14,14,242.0,PASS,,,,,extended_loss_2plus,risk_ratio,1.855744052922797,0.2491911046059163,1.1386918824698014,3.024335242022472,0.0130951564083289,,,,,,,,,,,,,,,,,,,,4689.0,80.0,4609.0,1567.0,37.0,1530.0,,,,,,
mhas,all_primary_wave_intervals,incident_stroke,full,work_exit_phenotype,enrichment,PASS_BASELINE_FREE_RISK_SET,9163,5628,16,16,148.0,NOT_EVALUABLE_EPV,,,,,,,,,,,,,,,,,,,,,,,,,,,,,,,,,,,,,,,,,,
mhas,all_primary_wave_intervals,incident_any_adl,basic,any_withdrawal,core,PASS_STRICT_COMPLETE_ITEM_COUNTS,13066,7650,10,10,1917.0,PASS,7728.0,1279.0,6449.0,,any_withdrawal,risk_ratio,1.281482124768086,0.0465448166983755,1.1697512901014426,1.4038851249804685,9.898899726762914e-08,,,,,,,,,,,,,,,,,,,,,,,,,,,,,,,
mhas,all_primary_wave_intervals,incident_any_adl,basic,score_categorical,core,PASS_STRICT_COMPLETE_ITEM_COUNTS,13066,7650,11,11,1917.0,PASS,,,,,loss_1,risk_ratio,1.250498799647041,0.0476475837452583,1.1390048736553855,1.3729065468352102,2.711015419822413e-06,6152.0,1013.0,5139.0,1576.0,266.0,1310.0,,,,,,,,,,,,,,,,,,,,,,,,,
mhas,all_primary_wave_intervals,incident_any_adl,basic,score_categorical,core,PASS_STRICT_COMPLETE_ITEM_COUNTS,13066,7650,11,11,1917.0,PASS,,,,,loss_2plus,risk_ratio,1.495427621957713,0.0777191021035608,1.284135282169715,1.7414861218792868,2.2454507207767e-07,6152.0,1013.0,5139.0,1576.0,266.0,1310.0,,,,,,,,,,,,,,,,,,,,,,,,,
mhas,all_primary_wave_intervals,incident_any_adl,basic,mutually_adjusted_components,core,PASS_STRICT_COMPLETE_ITEM_COUNTS,13066,7650,12,12,1917.0,PASS,,,,,alcohol_loss,risk_ratio,1.145814111686166,0.0576846458461293,1.0233234046717878,1.282966824119735,0.0182923341950222,,,,,,,2383.0,368.0,2015.0,4061.0,710.0,3351.0,3002.0,495.0,2507.0,,,,,,,,,,,,,,,,
mhas,all_primary_wave_intervals,incident_any_adl,basic,mutually_adjusted_components,core,PASS_STRICT_COMPLETE_ITEM_COUNTS,13066,7650,12,12,1917.0,PASS,,,,,activity_loss,risk_ratio,1.2754436652987169,0.0461065234252882,1.165239873122606,1.3960700975596103,1.3147185180580218e-07,,,,,,,2383.0,368.0,2015.0,4061.0,710.0,3351.0,3002.0,495.0,2507.0,,,,,,,,,,,,,,,,
mhas,all_primary_wave_intervals,incident_any_adl,basic,mutually_adjusted_components,core,PASS_STRICT_COMPLETE_ITEM_COUNTS,13066,7650,12,12,1917.0,PASS,,,,,work_loss,risk_ratio,1.240293426311694,0.0510437657346073,1.122214587500764,1.3707964595059714,2.455090123807288e-05,,,,,,,2383.0,368.0,2015.0,4061.0,710.0,3351.0,3002.0,495.0,2507.0,,,,,,,,,,,,,,,,
mhas,all_primary_wave_intervals,incident_any_adl,full,any_withdrawal,core,PASS_STRICT_COMPLETE_ITEM_COUNTS,12797,7536,15,15,1880.0,PASS,7550.0,1251.0,6299.0,,any_withdrawal,risk_ratio,1.20344138240878,0.0467152869129907,1.0981478536301084,1.3188307531690355,7.366541984994633e-05,,,,,,,,,,,,,,,,,,,,,,,,,,,,,,,
mhas,all_primary_wave_intervals,incident_any_adl,full,score_categorical,core,PASS_STRICT_COMPLETE_ITEM_COUNTS,12797,7536,16,16,1880.0,PASS,,,,,loss_1,risk_ratio,1.180395572575484,0.0477903575630812,1.0748512002904504,1.2963038115222765,0.000519766564367,6016.0,990.0,5026.0,1534.0,261.0,1273.0,,,,,,,,,,,,,,,,,,,,,,,,,
mhas,all_primary_wave_intervals,incident_any_adl,full,score_categorical,core,PASS_STRICT_COMPLETE_ITEM_COUNTS,12797,7536,16,16,1880.0,PASS,,,,,loss_2plus,risk_ratio,1.3583664289373318,0.0776032881526241,1.1667045756675771,1.5815137728487754,7.921048333000424e-05,6016.0,990.0,5026.0,1534.0,261.0,1273.0,,,,,,,,,,,,,,,,,,,,,,,,,
mhas,all_primary_wave_intervals,incident_any_adl,full,mutually_adjusted_components,core,PASS_STRICT_COMPLETE_ITEM_COUNTS,12797,7536,17,17,1880.0,PASS,,,,,alcohol_loss,risk_ratio,1.1091776017066122,0.0578581667418456,0.990266597534993,1.242367414179249,0.07330753908614,,,,,,,2322.0,358.0,1964.0,3977.0,696.0,3281.0,2922.0,485.0,2437.0,,,,,,,,,,,,,,,,
mhas,all_primary_wave_intervals,incident_any_adl,full,mutually_adjusted_components,core,PASS_STRICT_COMPLETE_ITEM_COUNTS,12797,7536,17,17,1880.0,PASS,,,,,activity_loss,risk_ratio,1.1917537265043092,0.0462331191879093,1.0885109850036891,1.304788802505373,0.0001480138862551,,,,,,,2322.0,358.0,1964.0,3977.0,696.0,3281.0,2922.0,485.0,2437.0,,,,,,,,,,,,,,,,
mhas,all_primary_wave_intervals,incident_any_adl,full,mutually_adjusted_components,core,PASS_STRICT_COMPLETE_ITEM_COUNTS,12797,7536,17,17,1880.0,PASS,,,,,work_loss,risk_ratio,1.1873803884598984,0.051111891893354,1.0741955534272132,1.3124911776082038,0.0007786760637245,,,,,,,2322.0,358.0,1964.0,3977.0,696.0,3281.0,2922.0,485.0,2437.0,,,,,,,,,,,,,,,,
mhas,all_primary_wave_intervals,incident_any_adl,full,extended_score_categorical,enrichment,PASS_STRICT_COMPLETE_ITEM_COUNTS,11012,7140,14,14,1746.0,PASS,,,,,extended_loss_1,risk_ratio,1.0983846210192174,0.053820608448441,0.9884216707091168,1.2205810651905225,0.081232231236709,,,,,,,,,,,,,,,,,,,,3930.0,591.0,3339.0,1306.0,214.0,1092.0,,,,,,
mhas,all_primary_wave_intervals,incident_any_adl,full,extended_score_categorical,enrichment,PASS_STRICT_COMPLETE_ITEM_COUNTS,11012,7140,14,14,1746.0,PASS,,,,,extended_loss_2plus,risk_ratio,1.423721144152415,0.0876145725286055,1.1990775602496528,1.6904510296103243,5.527192612968614e-05,,,,,,,,,,,,,,,,,,,,3930.0,591.0,3339.0,1306.0,214.0,1092.0,,,,,,
mhas,all_primary_wave_intervals,incident_any_adl,full,work_exit_phenotype,enrichment,PASS_STRICT_COMPLETE_ITEM_COUNTS,7959,5061,16,16,1050.0,PASS,,,,,work_exit_retirement,risk_ratio,1.1246157096027278,0.0941589630479333,0.9350953366507564,1.3525471090629722,0.2122995413445109,,,,,,,,,,,,,,,,,,,,,,,,,,1068.0,129.0,939.0,1854.0,356.0,1498.0
mhas,all_primary_wave_intervals,incident_any_adl,full,work_exit_phenotype,enrichment,PASS_STRICT_COMPLETE_ITEM_COUNTS,7959,5061,16,16,1050.0,PASS,,,,,work_exit_no_retirement,risk_ratio,1.306129760511357,0.0675907613961094,1.1440709669729885,1.4911443437876648,7.774219719678027e-05,,,,,,,,,,,,,,,,,,,,,,,,,,1068.0,129.0,939.0,1854.0,356.0,1498.0
mhas,all_primary_wave_intervals,multimorbidity_progression,basic,any_withdrawal,core,PASS_STRICT_COMMON_SIX,15720,8757,11,11,3463.0,PASS,9593.0,2136.0,7457.0,,any_withdrawal,risk_ratio,1.071663166205484,0.0315112585050139,1.0074786976742602,1.1399366998555496,0.0280622489173475,,,,,,,,,,,,,,,,,,,,,,,,,,,,,,,
mhas,all_primary_wave_intervals,multimorbidity_progression,basic,score_categorical,core,PASS_STRICT_COMMON_SIX,15720,8757,12,12,3463.0,PASS,,,,,loss_1,risk_ratio,1.045735860609038,0.0327693258126736,0.9806831209531216,1.1151038156962425,0.1723424517523408,7581.0,1651.0,5930.0,2012.0,485.0,1527.0,,,,,,,,,,,,,,,,,,,,,,,,,
mhas,all_primary_wave_intervals,multimorbidity_progression,basic,score_categorical,core,PASS_STRICT_COMMON_SIX,15720,8757,12,12,3463.0,PASS,,,,,loss_2plus,risk_ratio,1.22469248182185,0.0519692666018584,1.106090677237748,1.35601149697474,9.61190349883591e-05,7581.0,1651.0,5930.0,2012.0,485.0,1527.0,,,,,,,,,,,,,,,,,,,,,,,,,
mhas,all_primary_wave_intervals,multimorbidity_progression,basic,mutually_adjusted_components,core,PASS_STRICT_COMMON_SIX,15720,8757,13,13,3463.0,PASS,,,,,alcohol_loss,risk_ratio,1.0868580411406543,0.038994194135685,1.006887396341338,1.1731802442699857,0.0326806596316778,,,,,,,2954.0,690.0,2264.0,5051.0,1093.0,3958.0,3794.0,889.0,2905.0,,,,,,,,,,,,,,,,
mhas,all_primary_wave_intervals,multimorbidity_progression,basic,mutually_adjusted_components,core,PASS_STRICT_COMMON_SIX,15720,8757,13,13,3463.0,PASS,,,,,activity_loss,risk_ratio,1.047203846667082,0.033842209504482,0.979996868342656,1.1190197967968352,0.17291345535548,,,,,,,2954.0,690.0,2264.0,5051.0,1093.0,3958.0,3794.0,889.0,2905.0,,,,,,,,,,,,,,,,
mhas,all_primary_wave_intervals,multimorbidity_progression,basic,mutually_adjusted_components,core,PASS_STRICT_COMMON_SIX,15720,8757,13,13,3463.0,PASS,,,,,work_loss,risk_ratio,1.1335411791651326,0.0353949459446884,1.057569869530935,1.21496994371916,0.0003980583759182,,,,,,,2954.0,690.0,2264.0,5051.0,1093.0,3958.0,3794.0,889.0,2905.0,,,,,,,,,,,,,,,,
mhas,all_primary_wave_intervals,multimorbidity_progression,full,any_withdrawal,core,PASS_STRICT_COMMON_SIX,15452,8648,15,15,3405.0,PASS,9414.0,2099.0,7315.0,,any_withdrawal,risk_ratio,1.0791704918847318,0.0318379448963169,1.0138869984785843,1.148657544975248,0.0167048319940005,,,,,,,,,,,,,,,,,,,,,,,,,,,,,,,
mhas,all_primary_wave_intervals,multimorbidity_progression,full,score_categorical,core,PASS_STRICT_COMMON_SIX,15452,8648,16,16,3405.0,PASS,,,,,loss_1,risk_ratio,1.0516257639169422,0.0331168904118205,0.9855350383079045,1.1221485836086305,0.1285137086802013,7444.0,1620.0,5824.0,1970.0,479.0,1491.0,,,,,,,,,,,,,,,,,,,,,,,,,
mhas,all_primary_wave_intervals,multimorbidity_progression,full,score_categorical,core,PASS_STRICT_COMMON_SIX,15452,8648,16,16,3405.0,PASS,,,,,loss_2plus,risk_ratio,1.244412288762382,0.0523696049571391,1.1230192549958646,1.378927331418313,2.974800553742984e-05,7444.0,1620.0,5824.0,1970.0,479.0,1491.0,,,,,,,,,,,,,,,,,,,,,,,,,
mhas,all_primary_wave_intervals,multimorbidity_progression,full,mutually_adjusted_components,core,PASS_STRICT_COMMON_SIX,15452,8648,17,17,3405.0,PASS,,,,,alcohol_loss,risk_ratio,1.0873254321096355,0.0394095722494676,1.0065006447085518,1.1746406736329045,0.033638292385442,,,,,,,2890.0,674.0,2216.0,4969.0,1079.0,3890.0,3714.0,874.0,2840.0,,,,,,,,,,,,,,,,
mhas,all_primary_wave_intervals,multimorbidity_progression,full,mutually_adjusted_components,core,PASS_STRICT_COMMON_SIX,15452,8648,17,17,3405.0,PASS,,,,,activity_loss,risk_ratio,1.0558676085835268,0.0340871196023427,0.9876304200484408,1.128819429034208,0.1107525806969868,,,,,,,2890.0,674.0,2216.0,4969.0,1079.0,3890.0,3714.0,874.0,2840.0,,,,,,,,,,,,,,,,
mhas,all_primary_wave_intervals,multimorbidity_progression,full,mutually_adjusted_components,core,PASS_STRICT_COMMON_SIX,15452,8648,17,17,3405.0,PASS,,,,,work_loss,risk_ratio,1.1449605044062166,0.0358314091797105,1.0673104339732071,1.2282598529183366,0.0001581092005075,,,,,,,2890.0,674.0,2216.0,4969.0,1079.0,3890.0,3714.0,874.0,2840.0,,,,,,,,,,,,,,,,
mhas,all_primary_wave_intervals,multimorbidity_progression,full,extended_score_categorical,enrichment,PASS_STRICT_COMMON_SIX,13962,8577,14,14,2556.0,PASS,,,,,extended_loss_1,risk_ratio,1.0200205332162149,0.0429985100522848,0.9375803919565744,1.109709521560558,0.6447911873700369,,,,,,,,,,,,,,,,,,,,4878.0,886.0,3992.0,1635.0,314.0,1321.0,,,,,,
mhas,all_primary_wave_intervals,multimorbidity_progression,full,extended_score_categorical,enrichment,PASS_STRICT_COMMON_SIX,13962,8577,14,14,2556.0,PASS,,,,,extended_loss_2plus,risk_ratio,1.1139439554042625,0.0671959473583699,0.9764860584562822,1.270751512564731,0.1083061559159288,,,,,,,,,,,,,,,,,,,,4878.0,886.0,3992.0,1635.0,314.0,1321.0,,,,,,
mhas,all_primary_wave_intervals,multimorbidity_progression,full,work_exit_phenotype,enrichment,PASS_STRICT_COMMON_SIX,9409,5771,16,16,2118.0,PASS,,,,,work_exit_retirement,risk_ratio,1.0946796284672564,0.058539397263475,0.976018862332166,1.2277667320054193,0.1222703572694013,,,,,,,,,,,,,,,,,,,,,,,,,,1261.0,299.0,962.0,2453.0,575.0,1878.0
mhas,all_primary_wave_intervals,multimorbidity_progression,full,work_exit_phenotype,enrichment,PASS_STRICT_COMMON_SIX,9409,5771,16,16,2118.0,PASS,,,,,work_exit_no_retirement,risk_ratio,1.1522723038509808,0.0481026850000164,1.0486004591780576,1.266193859253872,0.0032136330149194,,,,,,,,,,,,,,,,,,,,,,,,,,1261.0,299.0,962.0,2453.0,575.0,1878.0
mhas,all_primary_wave_intervals,mortality,basic,any_withdrawal,core,PASS_SOURCE_STATUS,18569,10497,10,10,2143.0,PASS,11493.0,1480.0,10013.0,,any_withdrawal,risk_ratio,1.4121244543601,0.0430453564530761,1.2978745011973554,1.536431660196849,1.0834574518414961e-15,,,,,,,,,,,,,,,,,,,,,,,,,,,,,,,
mhas,all_primary_wave_intervals,mortality,basic,score_categorical,core,PASS_SOURCE_STATUS,18569,10497,11,11,2143.0,PASS,,,,,loss_1,risk_ratio,1.3561645201035697,0.044274549228799,1.2434428046516244,1.4791047876971144,5.9364747902667976e-12,9049.0,1137.0,7912.0,2444.0,343.0,2101.0,,,,,,,,,,,,,,,,,,,,,,,,,
mhas,all_primary_wave_intervals,mortality,basic,score_categorical,core,PASS_SOURCE_STATUS,18569,10497,11,11,2143.0,PASS,,,,,loss_2plus,risk_ratio,1.797520889793638,0.0686881011910431,1.571109767017389,2.056559902481181,1.3743766928167384e-17,9049.0,1137.0,7912.0,2444.0,343.0,2101.0,,,,,,,,,,,,,,,,,,,,,,,,,
mhas,all_primary_wave_intervals,mortality,basic,mutually_adjusted_components,core,PASS_SOURCE_STATUS,18569,10497,12,12,2143.0,PASS,,,,,alcohol_loss,risk_ratio,1.3976343701343823,0.04671969896885,1.2753391515346175,1.531656759874755,7.736922616807629e-13,,,,,,,3623.0,540.0,3083.0,6033.0,743.0,5290.0,4532.0,588.0,3944.0,,,,,,,,,,,,,,,,
mhas,all_primary_wave_intervals,mortality,basic,mutually_adjusted_components,core,PASS_SOURCE_STATUS,18569,10497,12,12,2143.0,PASS,,,,,activity_loss,risk_ratio,1.317752373886597,0.0443165702780088,1.2081238952638065,1.4373288415958243,4.776289193949617e-10,,,,,,,3623.0,540.0,3083.0,6033.0,743.0,5290.0,4532.0,588.0,3944.0,,,,,,,,,,,,,,,,
mhas,all_primary_wave_intervals,mortality,basic,mutually_adjusted_components,core,PASS_SOURCE_STATUS,18569,10497,12,12,2143.0,PASS,,,,,work_loss,risk_ratio,1.356160900614507,0.0459764637011738,1.239298666104513,1.4840429015683692,3.440026148675122e-11,,,,,,,3623.0,540.0,3083.0,6033.0,743.0,5290.0,4532.0,588.0,3944.0,,,,,,,,,,,,,,,,
mhas,all_primary_wave_intervals,mortality,full,any_withdrawal,core,PASS_SOURCE_STATUS,18174,10339,15,15,2105.0,PASS,11233.0,1454.0,9779.0,,any_withdrawal,risk_ratio,1.3462508579730883,0.0435063485908411,1.2362130447160733,1.4660833586410962,8.256313269026907e-12,,,,,,,,,,,,,,,,,,,,,,,,,,,,,,,
mhas,all_primary_wave_intervals,mortality,full,score_categorical,core,PASS_SOURCE_STATUS,18174,10339,16,16,2105.0,PASS,,,,,loss_1,risk_ratio,1.300105661803079,0.0447687466145393,1.1908893827990985,1.4193381486696566,4.566396018523424e-09,8856.0,1116.0,7740.0,2377.0,338.0,2039.0,,,,,,,,,,,,,,,,,,,,,,,,,
mhas,all_primary_wave_intervals,mortality,full,score_categorical,core,PASS_SOURCE_STATUS,18174,10339,16,16,2105.0,PASS,,,,,loss_2plus,risk_ratio,1.662745235250289,0.0693295972383591,1.4514839965197293,1.904755218780643,2.2322135013008105e-13,8856.0,1116.0,7740.0,2377.0,338.0,2039.0,,,,,,,,,,,,,,,,,,,,,,,,,
mhas,all_primary_wave_intervals,mortality,full,mutually_adjusted_components,core,PASS_SOURCE_STATUS,18174,10339,17,17,2105.0,PASS,,,,,alcohol_loss,risk_ratio,1.359349290846326,0.0469281414276024,1.2398974264315668,1.4903091619784052,6.068228740659829e-11,,,,,,,3533.0,529.0,3004.0,5901.0,729.0,5172.0,4418.0,582.0,3836.0,,,,,,,,,,,,,,,,
mhas,all_primary_wave_intervals,mortality,full,mutually_adjusted_components,core,PASS_SOURCE_STATUS,18174,10339,17,17,2105.0,PASS,,,,,activity_loss,risk_ratio,1.2689793923375057,0.044537536656627,1.1629047634617389,1.3847296431942473,8.864290599637287e-08,,,,,,,3533.0,529.0,3004.0,5901.0,729.0,5172.0,4418.0,582.0,3836.0,,,,,,,,,,,,,,,,
mhas,all_primary_wave_intervals,mortality,full,mutually_adjusted_components,core,PASS_SOURCE_STATUS,18174,10339,17,17,2105.0,PASS,,,,,work_loss,risk_ratio,1.29597285359419,0.0466740522188617,1.1826789833398328,1.4201196274834489,2.780448307807484e-08,,,,,,,3533.0,529.0,3004.0,5901.0,729.0,5172.0,4418.0,582.0,3836.0,,,,,,,,,,,,,,,,
mhas,all_primary_wave_intervals,mortality,full,extended_score_categorical,enrichment,PASS_SOURCE_STATUS,16251,9868,14,14,1645.0,PASS,,,,,extended_loss_1,risk_ratio,1.3047985576965822,0.0596477648469495,1.1608368832590934,1.4666136997536208,8.18338566059559e-06,,,,,,,,,,,,,,,,,,,,5643.0,540.0,5103.0,1895.0,175.0,1720.0,,,,,,
mhas,all_primary_wave_intervals,mortality,full,extended_score_categorical,enrichment,PASS_SOURCE_STATUS,16251,9868,14,14,1645.0,PASS,,,,,extended_loss_2plus,risk_ratio,1.6900625049256344,0.1011066431185615,1.3862470536972966,2.060463366134749,2.1004807759835645e-07,,,,,,,,,,,,,,,,,,,,5643.0,540.0,5103.0,1895.0,175.0,1720.0,,,,,,
mhas,all_primary_wave_intervals,mortality,full,work_exit_phenotype,enrichment,PASS_SOURCE_STATUS,10926,6778,16,16,1174.0,PASS,,,,,work_exit_retirement,risk_ratio,1.2806799149498,0.0802708653050471,1.094243345189371,1.4988814432972242,0.0020564656196765,,,,,,,,,,,,,,,,,,,,,,,,,,1478.0,166.0,1312.0,2940.0,416.0,2524.0
mhas,all_primary_wave_intervals,mortality,full,work_exit_phenotype,enrichment,PASS_SOURCE_STATUS,10926,6778,16,16,1174.0,PASS,,,,,work_exit_no_retirement,risk_ratio,1.5388287736327175,0.063712525182074,1.358182400626615,1.7435021934222303,1.33217350950519e-11,,,,,,,,,,,,,,,,,,,,,,,,,,1478.0,166.0,1312.0,2940.0,416.0,2524.0
mhas,all_primary_wave_intervals,incident_heart_disease,basic,any_withdrawal,core,PASS_BASELINE_FREE_RISK_SET,14508,8300,10,10,914.0,PASS,8791.0,577.0,8214.0,,any_withdrawal,risk_ratio,1.053206567535431,0.0692308677276951,0.9195686082796106,1.2062657031920772,0.4539837621062258,,,,,,,,,,,,,,,,,,,,,,,,,,,,,,,
mhas,all_primary_wave_intervals,incident_heart_disease,basic,score_categorical,core,PASS_BASELINE_FREE_RISK_SET,14508,8300,11,11,914.0,PASS,,,,,loss_1,risk_ratio,1.0067596924113449,0.0723751082764542,0.8736148657598913,1.1601966930617218,0.9258370089536564,6923.0,436.0,6487.0,1868.0,141.0,1727.0,,,,,,,,,,,,,,,,,,,,,,,,,
mhas,all_primary_wave_intervals,incident_heart_disease,basic,score_categorical,core,PASS_BASELINE_FREE_RISK_SET,14508,8300,11,11,914.0,PASS,,,,,loss_2plus,risk_ratio,1.3428407261257078,0.1116233877628126,1.078972819034239,1.6712387781518312,0.0082683693902437,6923.0,436.0,6487.0,1868.0,141.0,1727.0,,,,,,,,,,,,,,,,,,,,,,,,,
mhas,all_primary_wave_intervals,incident_heart_disease,basic,mutually_adjusted_components,core,PASS_BASELINE_FREE_RISK_SET,14508,8300,12,12,914.0,PASS,,,,,alcohol_loss,risk_ratio,1.0174770104961155,0.0879428336339054,0.856381998334149,1.2088757924640168,0.8438159187338199,,,,,,,2731.0,168.0,2563.0,4638.0,306.0,4332.0,3475.0,258.0,3217.0,,,,,,,,,,,,,,,,
mhas,all_primary_wave_intervals,incident_heart_disease,basic,mutually_adjusted_components,core,PASS_BASELINE_FREE_RISK_SET,14508,8300,12,12,914.0,PASS,,,,,activity_loss,risk_ratio,1.0821455392815147,0.0727622258214856,0.9383186634624732,1.248018411853442,0.2779297762230653,,,,,,,2731.0,168.0,2563.0,4638.0,306.0,4332.0,3475.0,258.0,3217.0,,,,,,,,,,,,,,,,
mhas,all_primary_wave_intervals,incident_heart_disease,basic,mutually_adjusted_components,core,PASS_BASELINE_FREE_RISK_SET,14508,8300,12,12,914.0,PASS,,,,,work_loss,risk_ratio,1.2060042425589526,0.0751407884504875,1.0408517590492157,1.3973615555002594,0.0126732334426544,,,,,,,2731.0,168.0,2563.0,4638.0,306.0,4332.0,3475.0,258.0,3217.0,,,,,,,,,,,,,,,,
mhas,all_primary_wave_intervals,incident_heart_disease,full,any_withdrawal,core,PASS_BASELINE_FREE_RISK_SET,14217,8186,15,15,892.0,PASS,8599.0,562.0,8037.0,,any_withdrawal,risk_ratio,1.0056455677992675,0.070006059262311,0.8767094305739114,1.1535441193694922,0.9359054471425686,,,,,,,,,,,,,,,,,,,,,,,,,,,,,,,
mhas,all_primary_wave_intervals,incident_heart_disease,full,score_categorical,core,PASS_BASELINE_FREE_RISK_SET,14217,8186,16,16,892.0,PASS,,,,,loss_1,risk_ratio,0.9660858991791736,0.0732281012320675,0.8369198537588843,1.115186789273757,0.6375228339298135,6780.0,424.0,6356.0,1819.0,138.0,1681.0,,,,,,,,,,,,,,,,,,,,,,,,,
mhas,all_primary_wave_intervals,incident_heart_disease,full,score_categorical,core,PASS_BASELINE_FREE_RISK_SET,14217,8186,16,16,892.0,PASS,,,,,loss_2plus,risk_ratio,1.2471431593186808,0.1118236350093063,1.001686586541945,1.5527472172756802,0.048264308046253,6780.0,424.0,6356.0,1819.0,138.0,1681.0,,,,,,,,,,,,,,,,,,,,,,,,,
mhas,all_primary_wave_intervals,incident_heart_disease,full,mutually_adjusted_components,core,PASS_BASELINE_FREE_RISK_SET,14217,8186,17,17,892.0,PASS,,,,,alcohol_loss,risk_ratio,0.98556578415036,0.0882539048099675,0.8290176134214218,1.1716758476084927,0.8691445799261047,,,,,,,2662.0,164.0,2498.0,4546.0,297.0,4249.0,3386.0,251.0,3135.0,,,,,,,,,,,,,,,,
mhas,all_primary_wave_intervals,incident_heart_disease,full,mutually_adjusted_components,core,PASS_BASELINE_FREE_RISK_SET,14217,8186,17,17,892.0,PASS,,,,,activity_loss,risk_ratio,1.023000071422994,0.0733837465532482,0.8859542701739066,1.1812451063936111,0.7566584156711414,,,,,,,2662.0,164.0,2498.0,4546.0,297.0,4249.0,3386.0,251.0,3135.0,,,,,,,,,,,,,,,,
mhas,all_primary_wave_intervals,incident_heart_disease,full,mutually_adjusted_components,core,PASS_BASELINE_FREE_RISK_SET,14217,8186,17,17,892.0,PASS,,,,,work_loss,risk_ratio,1.1763792349424915,0.0759775439010625,1.0136199442756006,1.3652731600431216,0.0325153681005088,,,,,,,2662.0,164.0,2498.0,4546.0,297.0,4249.0,3386.0,251.0,3135.0,,,,,,,,,,,,,,,,
mhas,all_primary_wave_intervals,incident_hypertension,basic,any_withdrawal,core,PASS_BASELINE_FREE_RISK_SET,6734,4056,10,10,1267.0,PASS,3896.0,740.0,3156.0,,any_withdrawal,risk_ratio,1.032559124331686,0.0528414462582417,0.9309711186277732,1.1452324609297626,0.544283662791186,,,,,,,,,,,,,,,,,,,,,,,,,,,,,,,
mhas,all_primary_wave_intervals,incident_hypertension,basic,score_categorical,core,PASS_BASELINE_FREE_RISK_SET,6734,4056,11,11,1267.0,PASS,,,,,loss_1,risk_ratio,1.0153107737644578,0.0549576094232265,0.9116308063499424,1.1307822861423502,0.7821784850910662,3053.0,575.0,2478.0,843.0,165.0,678.0,,,,,,,,,,,,,,,,,,,,,,,,,
mhas,all_primary_wave_intervals,incident_hypertension,basic,score_categorical,core,PASS_BASELINE_FREE_RISK_SET,6734,4056,11,11,1267.0,PASS,,,,,loss_2plus,risk_ratio,1.1288766024122718,0.0895413107541832,0.94717182283945,1.345439499724101,0.1757932277602305,3053.0,575.0,2478.0,843.0,165.0,678.0,,,,,,,,,,,,,,,,,,,,,,,,,
mhas,all_primary_wave_intervals,incident_hypertension,basic,mutually_adjusted_components,core,PASS_BASELINE_FREE_RISK_SET,6734,4056,12,12,1267.0,PASS,,,,,alcohol_loss,risk_ratio,1.0100017609602798,0.0669117445540362,0.8858633833844501,1.1515359775291196,0.8817632607036303,,,,,,,1285.0,241.0,1044.0,1970.0,369.0,1601.0,1581.0,311.0,1270.0,,,,,,,,,,,,,,,,
mhas,all_primary_wave_intervals,incident_hypertension,basic,mutually_adjusted_components,core,PASS_BASELINE_FREE_RISK_SET,6734,4056,12,12,1267.0,PASS,,,,,activity_loss,risk_ratio,1.0237407530220708,0.0583374033417657,0.9131310363816052,1.1477488855829554,0.6875365891449812,,,,,,,1285.0,241.0,1044.0,1970.0,369.0,1601.0,1581.0,311.0,1270.0,,,,,,,,,,,,,,,,
mhas,all_primary_wave_intervals,incident_hypertension,basic,mutually_adjusted_components,core,PASS_BASELINE_FREE_RISK_SET,6734,4056,12,12,1267.0,PASS,,,,,work_loss,risk_ratio,1.0819464126802316,0.0601876240237086,0.9615546066509908,1.2174119200455455,0.1906691588934006,,,,,,,1285.0,241.0,1044.0,1970.0,369.0,1601.0,1581.0,311.0,1270.0,,,,,,,,,,,,,,,,
mhas,all_primary_wave_intervals,incident_hypertension,full,any_withdrawal,core,PASS_BASELINE_FREE_RISK_SET,6586,3992,15,15,1235.0,PASS,3795.0,717.0,3078.0,,any_withdrawal,risk_ratio,1.0051778917099536,0.0536393962696724,0.9048675022834844,1.1166083337424646,0.923296248685674,,,,,,,,,,,,,,,,,,,,,,,,,,,,,,,
mhas,all_primary_wave_intervals,incident_hypertension,full,score_categorical,core,PASS_BASELINE_FREE_RISK_SET,6586,3992,16,16,1235.0,PASS,,,,,loss_1,risk_ratio,0.990773761073243,0.0558283348598824,0.8880825399404638,1.1053394267801135,0.868134950342025,2979.0,557.0,2422.0,816.0,160.0,656.0,,,,,,,,,,,,,,,,,,,,,,,,,
mhas,all_primary_wave_intervals,incident_hypertension,full,score_categorical,core,PASS_BASELINE_FREE_RISK_SET,6586,3992,16,16,1235.0,PASS,,,,,loss_2plus,risk_ratio,1.0854821833635833,0.09021270476425,0.9095645091574756,1.295423863329054,0.3632275654359821,2979.0,557.0,2422.0,816.0,160.0,656.0,,,,,,,,,,,,,,,,,,,,,,,,,
mhas,all_primary_wave_intervals,incident_hypertension,full,mutually_adjusted_components,core,PASS_BASELINE_FREE_RISK_SET,6586,3992,17,17,1235.0,PASS,,,,,alcohol_loss,risk_ratio,0.9746653926114076,0.0679125903858227,0.8531948869414994,1.113429817845926,0.7055389464266204,,,,,,,1244.0,229.0,1015.0,1923.0,361.0,1562.0,1535.0,301.0,1234.0,,,,,,,,,,,,,,,,
mhas,all_primary_wave_intervals,incident_hypertension,full,mutually_adjusted_components,core,PASS_BASELINE_FREE_RISK_SET,6586,3992,17,17,1235.0,PASS,,,,,activity_loss,risk_ratio,1.0166523073093652,0.0590794565955672,0.9054905578561844,1.141460730860118,0.7798290609383424,,,,,,,1244.0,229.0,1015.0,1923.0,361.0,1562.0,1535.0,301.0,1234.0,,,,,,,,,,,,,,,,
mhas,all_primary_wave_intervals,incident_hypertension,full,mutually_adjusted_components,core,PASS_BASELINE_FREE_RISK_SET,6586,3992,17,17,1235.0,PASS,,,,,work_loss,risk_ratio,1.052601681679456,0.0608598338896831,0.9342434786469844,1.1859545456812108,0.3995956527246893,,,,,,,1244.0,229.0,1015.0,1923.0,361.0,1562.0,1535.0,301.0,1234.0,,,,,,,,,,,,,,,,
mhas,all_primary_wave_intervals,incident_any_iadl,basic,any_withdrawal,core,PASS_STRICT_COMPLETE_ITEM_COUNTS,12014,7220,10,10,1224.0,PASS,7144.0,869.0,6275.0,,any_withdrawal,risk_ratio,1.460899553764738,0.0613998415794537,1.2952592919483354,1.647722212422576,6.67914062268756e-10,,,,,,,,,,,,,,,,,,,,,,,,,,,,,,,
mhas,all_primary_wave_intervals,incident_any_iadl,basic,score_categorical,core,PASS_STRICT_COMPLETE_ITEM_COUNTS,12014,7220,11,11,1224.0,PASS,,,,,loss_1,risk_ratio,1.3915472693022386,0.0627215696715052,1.2305783397928054,1.5735721490340489,1.3792957535214157e-07,5686.0,680.0,5006.0,1458.0,189.0,1269.0,,,,,,,,,,,,,,,,,,,,,,,,,
mhas,all_primary_wave_intervals,incident_any_iadl,basic,score_categorical,core,PASS_STRICT_COMPLETE_ITEM_COUNTS,12014,7220,11,11,1224.0,PASS,,,,,loss_2plus,risk_ratio,2.071560044557059,0.1013764177165906,1.6982661868583346,2.5269071782815997,6.763353453988575e-13,5686.0,680.0,5006.0,1458.0,189.0,1269.0,,,,,,,,,,,,,,,,,,,,,,,,,
mhas,all_primary_wave_intervals,incident_any_iadl,basic,mutually_adjusted_components,core,PASS_STRICT_COMPLETE_ITEM_COUNTS,12014,7220,12,12,1224.0,PASS,,,,,alcohol_loss,risk_ratio,1.3160669744434954,0.0730077915340565,1.140600732612812,1.5185263622032157,0.0001686301221759,,,,,,,2202.0,247.0,1955.0,3762.0,485.0,3277.0,2766.0,344.0,2422.0,,,,,,,,,,,,,,,,
mhas,all_primary_wave_intervals,incident_any_iadl,basic,mutually_adjusted_components,core,PASS_STRICT_COMPLETE_ITEM_COUNTS,12014,7220,12,12,1224.0,PASS,,,,,activity_loss,risk_ratio,1.425595595703935,0.0587165602746247,1.2706230171423856,1.5994695319317642,1.5506601340560502e-09,,,,,,,2202.0,247.0,1955.0,3762.0,485.0,3277.0,2766.0,344.0,2422.0,,,,,,,,,,,,,,,,
mhas,all_primary_wave_intervals,incident_any_iadl,basic,mutually_adjusted_components,core,PASS_STRICT_COMPLETE_ITEM_COUNTS,12014,7220,12,12,1224.0,PASS,,,,,work_loss,risk_ratio,1.484459305114976,0.0651367221354537,1.3065433323822764,1.686602636075211,1.3199926383978803e-09,,,,,,,2202.0,247.0,1955.0,3762.0,485.0,3277.0,2766.0,344.0,2422.0,,,,,,,,,,,,,,,,
mhas,all_primary_wave_intervals,incident_any_iadl,full,any_withdrawal,core,PASS_STRICT_COMPLETE_ITEM_COUNTS,11773,7118,15,15,1206.0,PASS,6989.0,856.0,6133.0,,any_withdrawal,risk_ratio,1.3659948481494713,0.0619729997518133,1.209755341585801,1.5424126358681236,4.839669481282693e-07,,,,,,,,,,,,,,,,,,,,,,,,,,,,,,,
mhas,all_primary_wave_intervals,incident_any_iadl,full,score_categorical,core,PASS_STRICT_COMPLETE_ITEM_COUNTS,11773,7118,16,16,1206.0,PASS,,,,,loss_1,risk_ratio,1.310408442476496,0.0633067442613573,1.1574970264537234,1.483520256958801,1.952090080534277e-05,5571.0,670.0,4901.0,1418.0,186.0,1232.0,,,,,,,,,,,,,,,,,,,,,,,,,
mhas,all_primary_wave_intervals,incident_any_iadl,full,score_categorical,core,PASS_STRICT_COMPLETE_ITEM_COUNTS,11773,7118,16,16,1206.0,PASS,,,,,loss_2plus,risk_ratio,1.838618131177034,0.1009395287190853,1.5085914982474833,2.240842955975852,1.6048902825981992e-09,5571.0,670.0,4901.0,1418.0,186.0,1232.0,,,,,,,,,,,,,,,,,,,,,,,,,
mhas,all_primary_wave_intervals,incident_any_iadl,full,mutually_adjusted_components,core,PASS_STRICT_COMPLETE_ITEM_COUNTS,11773,7118,17,17,1206.0,PASS,,,,,alcohol_loss,risk_ratio,1.28567596251604,0.0730850921831725,1.1140928345059131,1.4836848684379291,0.0005854927230202,,,,,,,2153.0,244.0,1909.0,3686.0,481.0,3205.0,2691.0,335.0,2356.0,,,,,,,,,,,,,,,,
mhas,all_primary_wave_intervals,incident_any_iadl,full,mutually_adjusted_components,core,PASS_STRICT_COMPLETE_ITEM_COUNTS,11773,7118,17,17,1206.0,PASS,,,,,activity_loss,risk_ratio,1.3477317424809876,0.0587976306538208,1.201032676095136,1.5123492356563994,3.8663000774692026e-07,,,,,,,2153.0,244.0,1909.0,3686.0,481.0,3205.0,2691.0,335.0,2356.0,,,,,,,,,,,,,,,,
mhas,all_primary_wave_intervals,incident_any_iadl,full,mutually_adjusted_components,core,PASS_STRICT_COMPLETE_ITEM_COUNTS,11773,7118,17,17,1206.0,PASS,,,,,work_loss,risk_ratio,1.374572454082751,0.0652754121394136,1.2094978620212564,1.562176743632698,1.094426343694743e-06,,,,,,,2153.0,244.0,1909.0,3686.0,481.0,3205.0,2691.0,335.0,2356.0,,,,,,,,,,,,,,,,
mhas,all_primary_wave_intervals,iadl_count_increase,basic,any_withdrawal,core,PASS_STRICT_COMPLETE_ITEM_COUNTS,12915,7591,11,11,1397.0,PASS,7835.0,1015.0,6820.0,,any_withdrawal,risk_ratio,1.4943348270401668,0.0582289096277557,1.3331633947028945,1.6749909157255358,5.262413496842237e-12,,,,,,,,,,,,,,,,,,,,,,,,,,,,,,,
mhas,all_primary_wave_intervals,iadl_count_increase,basic,score_categorical,core,PASS_STRICT_COMPLETE_ITEM_COUNTS,12915,7591,12,12,1397.0,PASS,,,,,loss_1,risk_ratio,1.417215221813507,0.0595067646220416,1.2611988277567363,1.5925315982987205,4.636081112120678e-09,6218.0,791.0,5427.0,1617.0,224.0,1393.0,,,,,,,,,,,,,,,,,,,,,,,,,
mhas,all_primary_wave_intervals,iadl_count_increase,basic,score_categorical,core,PASS_STRICT_COMPLETE_ITEM_COUNTS,12915,7591,12,12,1397.0,PASS,,,,,loss_2plus,risk_ratio,2.210765740539052,0.0966278635008145,1.829333718093044,2.671729663757607,2.2072789477617755e-16,6218.0,791.0,5427.0,1617.0,224.0,1393.0,,,,,,,,,,,,,,,,,,,,,,,,,
mhas,all_primary_wave_intervals,iadl_count_increase,basic,mutually_adjusted_components,core,PASS_STRICT_COMPLETE_ITEM_COUNTS,12915,7591,13,13,1397.0,PASS,,,,,alcohol_loss,risk_ratio,1.3659172557892236,0.0685127512008964,1.1942801994982086,1.5622212864675078,5.330029611860319e-06,,,,,,,2405.0,290.0,2115.0,4138.0,562.0,3576.0,3052.0,405.0,2647.0,,,,,,,,,,,,,,,,
mhas,all_primary_wave_intervals,iadl_count_increase,basic,mutually_adjusted_components,core,PASS_STRICT_COMPLETE_ITEM_COUNTS,12915,7591,13,13,1397.0,PASS,,,,,activity_loss,risk_ratio,1.428494140470226,0.055956238571428,1.2801133497385004,1.594074079279479,1.8511253295478737e-10,,,,,,,2405.0,290.0,2115.0,4138.0,562.0,3576.0,3052.0,405.0,2647.0,,,,,,,,,,,,,,,,
mhas,all_primary_wave_intervals,iadl_count_increase,basic,mutually_adjusted_components,core,PASS_STRICT_COMPLETE_ITEM_COUNTS,12915,7591,13,13,1397.0,PASS,,,,,work_loss,risk_ratio,1.542361905424224,0.0605789672472537,1.3696871447937196,1.736805559098762,8.496706344591584e-13,,,,,,,2405.0,290.0,2115.0,4138.0,562.0,3576.0,3052.0,405.0,2647.0,,,,,,,,,,,,,,,,
mhas,all_primary_wave_intervals,iadl_count_increase,full,any_withdrawal,core,PASS_STRICT_COMPLETE_ITEM_COUNTS,12655,7484,16,16,1377.0,PASS,7665.0,1000.0,6665.0,,any_withdrawal,risk_ratio,1.4145582309698952,0.0583643615241298,1.261656110722401,1.585990803515356,2.810876998685438e-09,,,,,,,,,,,,,,,,,,,,,,,,,,,,,,,
mhas,all_primary_wave_intervals,iadl_count_increase,full,score_categorical,core,PASS_STRICT_COMPLETE_ITEM_COUNTS,12655,7484,17,17,1377.0,PASS,,,,,loss_1,risk_ratio,1.3511573320226602,0.0596342290699027,1.2021126697463982,1.5186813863826372,4.492916724651987e-07,6092.0,780.0,5312.0,1573.0,220.0,1353.0,,,,,,,,,,,,,,,,,,,,,,,,,
mhas,all_primary_wave_intervals,iadl_count_increase,full,score_categorical,core,PASS_STRICT_COMPLETE_ITEM_COUNTS,12655,7484,17,17,1377.0,PASS,,,,,loss_2plus,risk_ratio,1.9892830613517047,0.0960231817197419,1.6480163050743892,2.4012184139174435,7.916913297979708e-13,6092.0,780.0,5312.0,1573.0,220.0,1353.0,,,,,,,,,,,,,,,,,,,,,,,,,
mhas,all_primary_wave_intervals,iadl_count_increase,full,mutually_adjusted_components,core,PASS_STRICT_COMPLETE_ITEM_COUNTS,12655,7484,18,18,1377.0,PASS,,,,,alcohol_loss,risk_ratio,1.3487280856358232,0.0683165648204428,1.1797044994908767,1.5419687301081966,1.1919509127587409e-05,,,,,,,2351.0,287.0,2064.0,4052.0,556.0,3496.0,2973.0,395.0,2578.0,,,,,,,,,,,,,,,,
mhas,all_primary_wave_intervals,iadl_count_increase,full,mutually_adjusted_components,core,PASS_STRICT_COMPLETE_ITEM_COUNTS,12655,7484,18,18,1377.0,PASS,,,,,activity_loss,risk_ratio,1.359741386254969,0.0556737414023935,1.2191769457760524,1.516512138701648,3.398506389128834e-08,,,,,,,2351.0,287.0,2064.0,4052.0,556.0,3496.0,2973.0,395.0,2578.0,,,,,,,,,,,,,,,,
mhas,all_primary_wave_intervals,iadl_count_increase,full,mutually_adjusted_components,core,PASS_STRICT_COMPLETE_ITEM_COUNTS,12655,7484,18,18,1377.0,PASS,,,,,work_loss,risk_ratio,1.4385684735944149,0.0607611628979422,1.2770577671405985,1.620505592204682,2.16544309970954e-09,,,,,,,2351.0,287.0,2064.0,4052.0,556.0,3496.0,2973.0,395.0,2578.0,,,,,,,,,,,,,,,,
mhas,all_primary_wave_intervals,word_recall_change,basic,any_withdrawal,core,PASS_BASELINE_ADJUSTED_CHANGE_CANDIDATE,14898,8288,11,11,,PASS,9026.0,,,,any_withdrawal,mean_difference,-0.1081993132704578,0.042748643421954,-0.1919851147654329,-0.0244135117754828,0.0113718910891213,,,,,,,,,,,,,,,,-0.0372748900562334,0.0147269972002819,-0.0661392741692083,-0.0084105059432585,,,,,,,,,,,,
mhas,all_primary_wave_intervals,word_recall_change,basic,score_categorical,core,PASS_BASELINE_ADJUSTED_CHANGE_CANDIDATE,14898,8288,12,12,,PASS,,,,,loss_1,mean_difference,-0.10878323639677,0.0442490109841903,-0.1955097042773004,-0.0220567685162396,0.0139544745420903,7137.0,,,1889.0,,,,,,,,,,,,-0.0374760527963348,0.0152438769681461,-0.0673535026386609,-0.0075986029540087,,,,,,,,,,,,
mhas,all_primary_wave_intervals,word_recall_change,basic,score_categorical,core,PASS_BASELINE_ADJUSTED_CHANGE_CANDIDATE,14898,8288,12,12,,PASS,,,,,loss_2plus,mean_difference,-0.1050034333448341,0.0714954500130513,-0.2451319404288985,0.0351250737392303,0.1419215182695258,7137.0,,,1889.0,,,,,,,,,,,,-0.0361739027277577,0.0246303322840502,-0.0844484669317503,0.0121006614762349,,,,,,,,,,,,
mhas,all_primary_wave_intervals,word_recall_change,basic,mutually_adjusted_components,core,PASS_BASELINE_ADJUSTED_CHANGE_CANDIDATE,14898,8288,13,13,,PASS,,,,,alcohol_loss,mean_difference,-0.0591718340884856,0.055611472204571,-0.1681683167366951,0.0498246485597239,0.2873186991257681,,,,,,,2760.0,,,4751.0,,,3583.0,,,-0.0203848207849596,0.0191582686584078,-0.0579343373615815,0.0171646957916623,,,,,,,,,,,,
mhas,all_primary_wave_intervals,word_recall_change,basic,mutually_adjusted_components,core,PASS_BASELINE_ADJUSTED_CHANGE_CANDIDATE,14898,8288,13,13,,PASS,,,,,activity_loss,mean_difference,-0.1500661956320577,0.0455021569451424,-0.239248784463426,-0.0608836068006893,0.000973755092261,,,,,,,2760.0,,,4751.0,,,3583.0,,,-0.0516981187242844,0.0156755883765369,-0.0824217073787714,-0.0209745300697973,,,,,,,,,,,,
mhas,all_primary_wave_intervals,word_recall_change,basic,mutually_adjusted_components,core,PASS_BASELINE_ADJUSTED_CHANGE_CANDIDATE,14898,8288,13,13,,PASS,,,,,work_loss,mean_difference,0.0034420696878161,0.0490010381506778,-0.0925982002925857,0.0994823396682179,0.943998791733608,,,,,,,2760.0,,,4751.0,,,3583.0,,,0.0011858002172207,0.0168809602806094,-0.031900273957225,0.0342718743916664,,,,,,,,,,,,
mhas,all_primary_wave_intervals,word_recall_change,full,any_withdrawal,core,PASS_BASELINE_ADJUSTED_CHANGE_CANDIDATE,14588,8172,16,16,,PASS,8818.0,,,,any_withdrawal,mean_difference,-0.0684250388422571,0.0425884068101977,-0.1518967823491851,0.0150467046646708,0.1081292347950144,,,,,,,,,,,,,,,,-0.0236217664120573,0.0147024161703636,-0.0524379725916893,0.0051944397675747,,,,,,,,,,,,
mhas,all_primary_wave_intervals,word_recall_change,full,score_categorical,core,PASS_BASELINE_ADJUSTED_CHANGE_CANDIDATE,14588,8172,17,17,,PASS,,,,,loss_1,mean_difference,-0.0729242433384276,0.0440197568313999,-0.1592013813361825,0.0133528946593272,0.0975952518556009,6983.0,,,1835.0,,,,,,,,,,,,-0.0251749866870742,0.0151965483831736,-0.0549596742074149,0.0046097008332663,,,,,,,,,,,,
mhas,all_primary_wave_intervals,word_recall_change,full,score_categorical,core,PASS_BASELINE_ADJUSTED_CHANGE_CANDIDATE,14588,8172,17,17,,PASS,,,,,loss_2plus,mean_difference,-0.043023484691351,0.0717623525044875,-0.1836751110460144,0.0976281416633123,0.5488213548069719,6983.0,,,1835.0,,,,,,,,,,,,-0.0148526142302193,0.024773877468285,-0.0634085218254663,0.0337032933650276,,,,,,,,,,,,
mhas,all_primary_wave_intervals,word_recall_change,full,mutually_adjusted_components,core,PASS_BASELINE_ADJUSTED_CHANGE_CANDIDATE,14588,8172,18,18,,PASS,,,,,alcohol_loss,mean_difference,-0.0310054696484864,0.0555301023415093,-0.1398424702956681,0.0778315309986952,0.5766024945129229,,,,,,,2691.0,,,4649.0,,,3484.0,,,-0.0107037419915992,0.0191701623929323,-0.0482765698595307,0.0268690858763322,,,,,,,,,,,,
mhas,all_primary_wave_intervals,word_recall_change,full,mutually_adjusted_components,core,PASS_BASELINE_ADJUSTED_CHANGE_CANDIDATE,14588,8172,18,18,,PASS,,,,,activity_loss,mean_difference,-0.1204373883282578,0.04535357408975,-0.2093287601143369,-0.0315460165421787,0.0079185899925768,,,,,,,2691.0,,,4649.0,,,3484.0,,,-0.0415775263339915,0.0156570102293955,-0.0722647024891821,-0.010890350178801,,,,,,,,,,,,
mhas,all_primary_wave_intervals,word_recall_change,full,mutually_adjusted_components,core,PASS_BASELINE_ADJUSTED_CHANGE_CANDIDATE,14588,8172,18,18,,PASS,,,,,work_loss,mean_difference,0.0415711471339544,0.0489681251607788,-0.0544046145716217,0.1375469088395305,0.39591300962414,,,,,,,2691.0,,,4649.0,,,3484.0,,,0.0143512366773125,0.0169048294857518,-0.0187816202795518,0.0474840936341769,,,,,,,,,,,,
share,comparable_22_30_months,incident_diabetes,basic,any_withdrawal,core,PASS_BASELINE_FREE_RISK_SET,51749,29779,10,10,1510.0,PASS,12667.0,473.0,12194.0,,any_withdrawal,risk_ratio,1.598172352413078,0.0560336563377713,1.4319494222559526,1.78369070046736,5.886174688279829e-17,,,,,,,,,,,,,,,,,,,,,,,,,,,,,,,
share,comparable_22_30_months,incident_diabetes,basic,score_categorical,core,PASS_BASELINE_FREE_RISK_SET,51749,29779,11,11,1510.0,PASS,,,,,loss_1,risk_ratio,1.526306094512557,0.058438446564944,1.3611272930414848,1.711530072209912,4.627002861629638e-13,11425.0,413.0,11012.0,1242.0,60.0,1182.0,,,,,,,,,,,,,,,,,,,,,,,,,
share,comparable_22_30_months,incident_diabetes,basic,score_categorical,core,PASS_BASELINE_FREE_RISK_SET,51749,29779,11,11,1510.0,PASS,,,,,loss_2plus,risk_ratio,2.554666999080113,0.1339105804016423,1.964940504754945,3.321384774956792,2.4859462120973647e-12,11425.0,413.0,11012.0,1242.0,60.0,1182.0,,,,,,,,,,,,,,,,,,,,,,,,,
share,comparable_22_30_months,incident_diabetes,basic,mutually_adjusted_components,core,PASS_BASELINE_FREE_RISK_SET,51749,29779,12,12,1510.0,PASS,,,,,alcohol_loss,risk_ratio,1.455065384657527,0.0802726157292947,1.2432381682148588,1.702984454433719,2.979702899392729e-06,,,,,,,5057.0,183.0,4874.0,4806.0,240.0,4566.0,4096.0,111.0,3985.0,,,,,,,,,,,,,,,,
share,comparable_22_30_months,incident_diabetes,basic,mutually_adjusted_components,core,PASS_BASELINE_FREE_RISK_SET,51749,29779,12,12,1510.0,PASS,,,,,activity_loss,risk_ratio,1.7006780289675023,0.0698704702725872,1.4830242378200262,1.9502754469234689,2.9575637778451054e-14,,,,,,,5057.0,183.0,4874.0,4806.0,240.0,4566.0,4096.0,111.0,3985.0,,,,,,,,,,,,,,,,
share,comparable_22_30_months,incident_diabetes,basic,mutually_adjusted_components,core,PASS_BASELINE_FREE_RISK_SET,51749,29779,12,12,1510.0,PASS,,,,,work_loss,risk_ratio,1.375744669023928,0.1046092809968049,1.1207126065025736,1.6888124425174926,0.0022930172533739,,,,,,,5057.0,183.0,4874.0,4806.0,240.0,4566.0,4096.0,111.0,3985.0,,,,,,,,,,,,,,,,
share,comparable_22_30_months,incident_diabetes,full,any_withdrawal,core,PASS_BASELINE_FREE_RISK_SET,29597,20844,15,15,909.0,PASS,7842.0,289.0,7553.0,,any_withdrawal,risk_ratio,1.308925216301347,0.0733937566659413,1.1335533258222787,1.5114288695917433,0.0002444805106471,,,,,,,,,,,,,,,,,,,,,,,,,,,,,,,
share,comparable_22_30_months,incident_diabetes,full,score_categorical,core,PASS_BASELINE_FREE_RISK_SET,29597,20844,16,16,909.0,PASS,,,,,loss_1,risk_ratio,1.263135257489053,0.0761635577879591,1.0879760112068737,1.466494354909593,0.0021618753596424,7068.0,252.0,6816.0,774.0,37.0,737.0,,,,,,,,,,,,,,,,,,,,,,,,,
share,comparable_22_30_months,incident_diabetes,full,score_categorical,core,PASS_BASELINE_FREE_RISK_SET,29597,20844,16,16,909.0,PASS,,,,,loss_2plus,risk_ratio,1.8721409217114136,0.1721218703205675,1.3360666841224165,2.6233059115972432,0.0002692192546417,7068.0,252.0,6816.0,774.0,37.0,737.0,,,,,,,,,,,,,,,,,,,,,,,,,
share,comparable_22_30_months,incident_diabetes,full,mutually_adjusted_components,core,PASS_BASELINE_FREE_RISK_SET,29597,20844,17,17,909.0,PASS,,,,,alcohol_loss,risk_ratio,1.1648734576641353,0.103846805703152,0.9503513335176862,1.4278195068636117,0.1416722198897414,,,,,,,3254.0,111.0,3143.0,2956.0,151.0,2805.0,2437.0,65.0,2372.0,,,,,,,,,,,,,,,,
share,comparable_22_30_months,incident_diabetes,full,mutually_adjusted_components,core,PASS_BASELINE_FREE_RISK_SET,29597,20844,17,17,909.0,PASS,,,,,activity_loss,risk_ratio,1.465041974673409,0.0898132713246447,1.228572733780125,1.7470255757271982,2.118923666279535e-05,,,,,,,3254.0,111.0,3143.0,2956.0,151.0,2805.0,2437.0,65.0,2372.0,,,,,,,,,,,,,,,,
share,comparable_22_30_months,incident_diabetes,full,mutually_adjusted_components,core,PASS_BASELINE_FREE_RISK_SET,29597,20844,17,17,909.0,PASS,,,,,work_loss,risk_ratio,1.187517641613392,0.1382186534523918,0.9057078649107982,1.5570121490354072,0.2137097070639577,,,,,,,3254.0,111.0,3143.0,2956.0,151.0,2805.0,2437.0,65.0,2372.0,,,,,,,,,,,,,,,,
share,comparable_22_30_months,incident_diabetes,full,extended_score_categorical,enrichment,PASS_BASELINE_FREE_RISK_SET,22760,19812,15,15,756.0,PASS,,,,,extended_loss_1,risk_ratio,1.2799363488811326,0.0830529778452591,1.087660983546909,1.5062019158256492,0.002961348345218,,,,,,,,,,,,,,,,,,,,6337.0,224.0,6113.0,1238.0,51.0,1187.0,,,,,,
share,comparable_22_30_months,incident_diabetes,full,extended_score_categorical,enrichment,PASS_BASELINE_FREE_RISK_SET,22760,19812,15,15,756.0,PASS,,,,,extended_loss_2plus,risk_ratio,1.728546958905392,0.1550127336186729,1.2756575515874784,2.3422231032324072,0.0004146871126742,,,,,,,,,,,,,,,,,,,,6337.0,224.0,6113.0,1238.0,51.0,1187.0,,,,,,
share,comparable_22_30_months,incident_diabetes,full,work_exit_phenotype,enrichment,PASS_BASELINE_FREE_RISK_SET,7853,6155,16,16,193.0,NOT_EVALUABLE_WORK_EXIT_NO_RETIREMENT_EVENTS,,,,,,,,,,,,,,,,,,,,,,,,,,,,,,,,,,,,,2205.0,58.0,2147.0,232.0,7.0,225.0
share,comparable_22_30_months,incident_stroke,basic,any_withdrawal,core,PASS_BASELINE_FREE_RISK_SET,57656,33234,10,10,1233.0,PASS,14399.0,386.0,14013.0,,any_withdrawal,risk_ratio,1.405483418621594,0.0620916528579647,1.2444378607203577,1.5873702515582164,4.2074061584614953e-08,,,,,,,,,,,,,,,,,,,,,,,,,,,,,,,
share,comparable_22_30_months,incident_stroke,basic,score_categorical,core,PASS_BASELINE_FREE_RISK_SET,57656,33234,11,11,1233.0,PASS,,,,,loss_1,risk_ratio,1.3581519480317192,0.0646868080819774,1.1964287761918109,1.5417354970461128,2.218626490325099e-06,12984.0,339.0,12645.0,1415.0,47.0,1368.0,,,,,,,,,,,,,,,,,,,,,,,,,
share,comparable_22_30_months,incident_stroke,basic,score_categorical,core,PASS_BASELINE_FREE_RISK_SET,57656,33234,11,11,1233.0,PASS,,,,,loss_2plus,risk_ratio,1.9764754978693304,0.1508932582352236,1.470452027614078,2.656635728549638,6.325314588895351e-06,12984.0,339.0,12645.0,1415.0,47.0,1368.0,,,,,,,,,,,,,,,,,,,,,,,,,
share,comparable_22_30_months,incident_stroke,basic,mutually_adjusted_components,core,PASS_BASELINE_FREE_RISK_SET,57656,33234,12,12,1233.0,PASS,,,,,alcohol_loss,risk_ratio,1.3328260803038254,0.0870316485909477,1.1238077136151643,1.580720027827089,0.0009630108736746,,,,,,,5671.0,154.0,5517.0,5676.0,200.0,5476.0,4521.0,81.0,4440.0,,,,,,,,,,,,,,,,
share,comparable_22_30_months,incident_stroke,basic,mutually_adjusted_components,core,PASS_BASELINE_FREE_RISK_SET,57656,33234,12,12,1233.0,PASS,,,,,activity_loss,risk_ratio,1.442264920175797,0.0774690691743723,1.239091133072337,1.6787531154484203,2.2759427725060724e-06,,,,,,,5671.0,154.0,5517.0,5676.0,200.0,5476.0,4521.0,81.0,4440.0,,,,,,,,,,,,,,,,
share,comparable_22_30_months,incident_stroke,basic,mutually_adjusted_components,core,PASS_BASELINE_FREE_RISK_SET,57656,33234,12,12,1233.0,PASS,,,,,work_loss,risk_ratio,1.2907351451491147,0.1225639196510125,1.0151039973558698,1.641208407476155,0.0373172461926978,,,,,,,5671.0,154.0,5517.0,5676.0,200.0,5476.0,4521.0,81.0,4440.0,,,,,,,,,,,,,,,,
share,comparable_22_30_months,incident_stroke,full,any_withdrawal,core,PASS_BASELINE_FREE_RISK_SET,32850,23186,15,15,731.0,PASS,8836.0,243.0,8593.0,,any_withdrawal,risk_ratio,1.3091838206645576,0.0807473171136293,1.117553668653213,1.5336733477465827,0.000848764133166,,,,,,,,,,,,,,,,,,,,,,,,,,,,,,,
share,comparable_22_30_months,incident_stroke,full,score_categorical,core,PASS_BASELINE_FREE_RISK_SET,32850,23186,16,16,731.0,PASS,,,,,loss_1,risk_ratio,1.2865459770200736,0.083298753456971,1.0927511787190425,1.5147094628868891,0.0024880726096722,7973.0,216.0,7757.0,863.0,27.0,836.0,,,,,,,,,,,,,,,,,,,,,,,,,
share,comparable_22_30_months,incident_stroke,full,score_categorical,core,PASS_BASELINE_FREE_RISK_SET,32850,23186,16,16,731.0,PASS,,,,,loss_2plus,risk_ratio,1.583179109900786,0.1995948176431355,1.0706182295853837,2.341129662061625,0.021344314080247,7973.0,216.0,7757.0,863.0,27.0,836.0,,,,,,,,,,,,,,,,,,,,,,,,,
share,comparable_22_30_months,incident_stroke,full,mutually_adjusted_components,core,PASS_BASELINE_FREE_RISK_SET,32850,23186,17,17,731.0,PASS,,,,,alcohol_loss,risk_ratio,1.2898941856084476,0.1091290675076052,1.0415095450255216,1.5975148936591923,0.0196663929296657,,,,,,,3629.0,101.0,3528.0,3437.0,124.0,3313.0,2667.0,47.0,2620.0,,,,,,,,,,,,,,,,
share,comparable_22_30_months,incident_stroke,full,mutually_adjusted_components,core,PASS_BASELINE_FREE_RISK_SET,32850,23186,17,17,731.0,PASS,,,,,activity_loss,risk_ratio,1.299373419481156,0.0999894926193799,1.0681266919185448,1.58068447874993,0.0088162918026774,,,,,,,3629.0,101.0,3528.0,3437.0,124.0,3313.0,2667.0,47.0,2620.0,,,,,,,,,,,,,,,,
share,comparable_22_30_months,incident_stroke,full,mutually_adjusted_components,core,PASS_BASELINE_FREE_RISK_SET,32850,23186,17,17,731.0,PASS,,,,,work_loss,risk_ratio,1.2018304077915236,0.1627791825052462,0.8735450289814215,1.6534881215872146,0.2587215541829359,,,,,,,3629.0,101.0,3528.0,3437.0,124.0,3313.0,2667.0,47.0,2620.0,,,,,,,,,,,,,,,,
share,comparable_22_30_months,incident_stroke,full,extended_score_categorical,enrichment,PASS_BASELINE_FREE_RISK_SET,25513,22215,15,15,593.0,PASS,,,,,extended_loss_1,risk_ratio,1.3275218039317098,0.0924587887443332,1.1074920037416935,1.5912657915001391,0.0021823970553967,,,,,,,,,,,,,,,,,,,,7171.0,189.0,6982.0,1406.0,40.0,1366.0,,,,,,
share,comparable_22_30_months,incident_stroke,full,extended_score_categorical,enrichment,PASS_BASELINE_FREE_RISK_SET,25513,22215,15,15,593.0,PASS,,,,,extended_loss_2plus,risk_ratio,1.5413746450479244,0.177069852843336,1.0893967586450202,2.180872834018392,0.0145445544034129,,,,,,,,,,,,,,,,,,,,7171.0,189.0,6982.0,1406.0,40.0,1366.0,,,,,,
share,comparable_22_30_months,incident_stroke,full,work_exit_phenotype,enrichment,PASS_BASELINE_FREE_RISK_SET,8562,6707,16,16,112.0,NOT_EVALUABLE_EPV,,,,,,,,,,,,,,,,,,,,,,,,,,,,,,,,,,,,,,,,,,
share,comparable_22_30_months,incident_any_adl,basic,any_withdrawal,core,PASS_STRICT_COMPLETE_ITEM_COUNTS,56094,32910,10,10,4042.0,PASS,13428.0,1297.0,12131.0,,any_withdrawal,risk_ratio,1.654603420771538,0.0324695559343052,1.552586414791181,1.7633237376980986,3.0284113460923236e-54,,,,,,,,,,,,,,,,,,,,,,,,,,,,,,,
share,comparable_22_30_months,incident_any_adl,basic,score_categorical,core,PASS_STRICT_COMPLETE_ITEM_COUNTS,56094,32910,11,11,4042.0,PASS,,,,,loss_1,risk_ratio,1.6030489910011494,0.0334752124780008,1.5012486938957663,1.711752408510821,3.950270517012554e-45,12155.0,1159.0,10996.0,1273.0,138.0,1135.0,,,,,,,,,,,,,,,,,,,,,,,,,
share,comparable_22_30_months,incident_any_adl,basic,score_categorical,core,PASS_STRICT_COMPLETE_ITEM_COUNTS,56094,32910,11,11,4042.0,PASS,,,,,loss_2plus,risk_ratio,2.4384649635011497,0.0842441456353718,2.067320318781745,2.876240959952766,3.659013446842818e-26,12155.0,1159.0,10996.0,1273.0,138.0,1135.0,,,,,,,,,,,,,,,,,,,,,,,,,
share,comparable_22_30_months,incident_any_adl,basic,mutually_adjusted_components,core,PASS_STRICT_COMPLETE_ITEM_COUNTS,56094,32910,12,12,4042.0,PASS,,,,,alcohol_loss,risk_ratio,1.3883201131186858,0.0484969113018943,1.2624348350442736,1.526758200095362,1.3306526577641704e-11,,,,,,,5409.0,470.0,4939.0,4867.0,763.0,4104.0,4477.0,203.0,4274.0,,,,,,,,,,,,,,,,
share,comparable_22_30_months,incident_any_adl,basic,mutually_adjusted_components,core,PASS_STRICT_COMPLETE_ITEM_COUNTS,56094,32910,12,12,4042.0,PASS,,,,,activity_loss,risk_ratio,1.848535434876826,0.0375334741375731,1.7174307279280183,1.9896483732521608,3.172575373316892e-60,,,,,,,5409.0,470.0,4939.0,4867.0,763.0,4104.0,4477.0,203.0,4274.0,,,,,,,,,,,,,,,,
share,comparable_22_30_months,incident_any_adl,basic,mutually_adjusted_components,core,PASS_STRICT_COMPLETE_ITEM_COUNTS,56094,32910,12,12,4042.0,PASS,,,,,work_loss,risk_ratio,1.203992145677793,0.0744486967062578,1.040525692603494,1.393139157599065,0.0126466666025339,,,,,,,5409.0,470.0,4939.0,4867.0,763.0,4104.0,4477.0,203.0,4274.0,,,,,,,,,,,,,,,,
share,comparable_22_30_months,incident_any_adl,full,any_withdrawal,core,PASS_STRICT_COMPLETE_ITEM_COUNTS,31923,22735,15,15,2368.0,PASS,8204.0,815.0,7389.0,,any_withdrawal,risk_ratio,1.545261179197925,0.0428749912082624,1.4207139194981762,1.6807269072014095,3.3043157213303787e-24,,,,,,,,,,,,,,,,,,,,,,,,,,,,,,,
share,comparable_22_30_months,incident_any_adl,full,score_categorical,core,PASS_STRICT_COMPLETE_ITEM_COUNTS,31923,22735,16,16,2368.0,PASS,,,,,loss_1,risk_ratio,1.5264315107710635,0.0436858288686344,1.401173379959996,1.6628871133287972,3.623214436946757e-22,7431.0,738.0,6693.0,773.0,77.0,696.0,,,,,,,,,,,,,,,,,,,,,,,,,
share,comparable_22_30_months,incident_any_adl,full,score_categorical,core,PASS_STRICT_COMPLETE_ITEM_COUNTS,31923,22735,16,16,2368.0,PASS,,,,,loss_2plus,risk_ratio,1.8239082261178607,0.1137476449713866,1.4594217392944164,2.279424190918745,1.2676385351143657e-07,7431.0,738.0,6693.0,773.0,77.0,696.0,,,,,,,,,,,,,,,,,,,,,,,,,
share,comparable_22_30_months,incident_any_adl,full,mutually_adjusted_components,core,PASS_STRICT_COMPLETE_ITEM_COUNTS,31923,22735,17,17,2368.0,PASS,,,,,alcohol_loss,risk_ratio,1.2941634418368726,0.0611858256669103,1.1479095216279454,1.4590514170592508,2.5038956090339908e-05,,,,,,,3466.0,311.0,3155.0,2901.0,467.0,2434.0,2643.0,114.0,2529.0,,,,,,,,,,,,,,,,
share,comparable_22_30_months,incident_any_adl,full,mutually_adjusted_components,core,PASS_STRICT_COMPLETE_ITEM_COUNTS,31923,22735,17,17,2368.0,PASS,,,,,activity_loss,risk_ratio,1.6903470147429234,0.0488078736591262,1.5361390646216952,1.860035393966088,5.606967793267136e-27,,,,,,,3466.0,311.0,3155.0,2901.0,467.0,2434.0,2643.0,114.0,2529.0,,,,,,,,,,,,,,,,
share,comparable_22_30_months,incident_any_adl,full,mutually_adjusted_components,core,PASS_STRICT_COMPLETE_ITEM_COUNTS,31923,22735,17,17,2368.0,PASS,,,,,work_loss,risk_ratio,1.0738197694835176,0.1007145882897579,0.8814607573610518,1.308156815495443,0.4794618622145082,,,,,,,3466.0,311.0,3155.0,2901.0,467.0,2434.0,2643.0,114.0,2529.0,,,,,,,,,,,,,,,,
share,comparable_22_30_months,incident_any_adl,full,extended_score_categorical,enrichment,PASS_STRICT_COMPLETE_ITEM_COUNTS,24465,21363,15,15,2106.0,PASS,,,,,extended_loss_1,risk_ratio,1.4609731926913885,0.047356649041631,1.3314724797446231,1.6030693102813922,1.1920438101452069e-15,,,,,,,,,,,,,,,,,,,,6755.0,655.0,6100.0,1287.0,146.0,1141.0,,,,,,
share,comparable_22_30_months,incident_any_adl,full,extended_score_categorical,enrichment,PASS_STRICT_COMPLETE_ITEM_COUNTS,24465,21363,15,15,2106.0,PASS,,,,,extended_loss_2plus,risk_ratio,2.0231639989513592,0.0878390078248606,1.7031872187771593,2.4032546284557337,1.0386270384679146e-15,,,,,,,,,,,,,,,,,,,,6755.0,655.0,6100.0,1287.0,146.0,1141.0,,,,,,
share,comparable_22_30_months,incident_any_adl,full,work_exit_phenotype,enrichment,PASS_STRICT_COMPLETE_ITEM_COUNTS,8459,6661,16,16,279.0,NOT_EVALUABLE_WORK_EXIT_NO_RETIREMENT_EVENTS,,,,,,,,,,,,,,,,,,,,,,,,,,,,,,,,,,,,,2405.0,97.0,2308.0,238.0,17.0,221.0
share,comparable_22_30_months,multimorbidity_progression,basic,any_withdrawal,core,PASS_STRICT_COMMON_SIX,61982,35514,11,11,12609.0,PASS,15784.0,3389.0,12395.0,,any_withdrawal,risk_ratio,1.1521387536715009,0.018310401381426,1.1115242523541706,1.1942372871309654,1.0389045614737213e-14,,,,,,,,,,,,,,,,,,,,,,,,,,,,,,,
share,comparable_22_30_months,multimorbidity_progression,basic,score_categorical,core,PASS_STRICT_COMMON_SIX,61982,35514,12,12,12609.0,PASS,,,,,loss_1,risk_ratio,1.136138804485328,0.0189419278038789,1.0947324588397025,1.1791112729273328,1.60302387005178e-11,14215.0,3030.0,11185.0,1569.0,359.0,1210.0,,,,,,,,,,,,,,,,,,,,,,,,,
share,comparable_22_30_months,multimorbidity_progression,basic,score_categorical,core,PASS_STRICT_COMMON_SIX,61982,35514,12,12,12609.0,PASS,,,,,loss_2plus,risk_ratio,1.3313016990007926,0.0476936057866558,1.2124940480794726,1.4617508568967654,1.9743094321686133e-09,14215.0,3030.0,11185.0,1569.0,359.0,1210.0,,,,,,,,,,,,,,,,,,,,,,,,,
share,comparable_22_30_months,multimorbidity_progression,basic,mutually_adjusted_components,core,PASS_STRICT_COMMON_SIX,61982,35514,13,13,12609.0,PASS,,,,,alcohol_loss,risk_ratio,1.1106941857229484,0.0262252733782733,1.055046267149979,1.1692772275582075,6.248943492397333e-05,,,,,,,6175.0,1329.0,4846.0,6476.0,1515.0,4961.0,4760.0,914.0,3846.0,,,,,,,,,,,,,,,,
share,comparable_22_30_months,multimorbidity_progression,basic,mutually_adjusted_components,core,PASS_STRICT_COMMON_SIX,61982,35514,13,13,12609.0,PASS,,,,,activity_loss,risk_ratio,1.2043074693725315,0.0243616766970664,1.1481554275537478,1.2632057001869434,2.3288533957317844e-14,,,,,,,6175.0,1329.0,4846.0,6476.0,1515.0,4961.0,4760.0,914.0,3846.0,,,,,,,,,,,,,,,,
share,comparable_22_30_months,multimorbidity_progression,basic,mutually_adjusted_components,core,PASS_STRICT_COMMON_SIX,61982,35514,13,13,12609.0,PASS,,,,,work_loss,risk_ratio,1.0758385551208705,0.0326995770711826,1.0090511313940964,1.1470465278458872,0.0253835304320728,,,,,,,6175.0,1329.0,4846.0,6476.0,1515.0,4961.0,4760.0,914.0,3846.0,,,,,,,,,,,,,,,,
share,comparable_22_30_months,multimorbidity_progression,full,any_withdrawal,core,PASS_STRICT_COMMON_SIX,35275,24773,15,15,7422.0,PASS,9682.0,2136.0,7546.0,,any_withdrawal,risk_ratio,1.1268004371031797,0.023520270814222,1.0760352928336927,1.1799605770478687,3.860455719406823e-07,,,,,,,,,,,,,,,,,,,,,,,,,,,,,,,
share,comparable_22_30_months,multimorbidity_progression,full,score_categorical,core,PASS_STRICT_COMMON_SIX,35275,24773,16,16,7422.0,PASS,,,,,loss_1,risk_ratio,1.1138320466313218,0.0242687480064489,1.062091940508587,1.1680926865039971,8.904831067699806e-06,8718.0,1909.0,6809.0,964.0,227.0,737.0,,,,,,,,,,,,,,,,,,,,,,,,,
share,comparable_22_30_months,multimorbidity_progression,full,score_categorical,core,PASS_STRICT_COMMON_SIX,35275,24773,16,16,7422.0,PASS,,,,,loss_2plus,risk_ratio,1.2746530269563103,0.0600913349085196,1.133031918877728,1.4339757883769024,5.3812603026376107e-05,8718.0,1909.0,6809.0,964.0,227.0,737.0,,,,,,,,,,,,,,,,,,,,,,,,,
share,comparable_22_30_months,multimorbidity_progression,full,mutually_adjusted_components,core,PASS_STRICT_COMMON_SIX,35275,24773,17,17,7422.0,PASS,,,,,alcohol_loss,risk_ratio,1.069559936049162,0.032844672136928,1.0028770454585885,1.1406766781449127,0.0406155186848758,,,,,,,3960.0,861.0,3099.0,3920.0,960.0,2960.0,2803.0,550.0,2253.0,,,,,,,,,,,,,,,,
share,comparable_22_30_months,multimorbidity_progression,full,mutually_adjusted_components,core,PASS_STRICT_COMMON_SIX,35275,24773,17,17,7422.0,PASS,,,,,activity_loss,risk_ratio,1.1986847497662143,0.0306996395785745,1.1286866791019727,1.2730239099351308,3.5660204394364327e-09,,,,,,,3960.0,861.0,3099.0,3920.0,960.0,2960.0,2803.0,550.0,2253.0,,,,,,,,,,,,,,,,
share,comparable_22_30_months,multimorbidity_progression,full,mutually_adjusted_components,core,PASS_STRICT_COMMON_SIX,35275,24773,17,17,7422.0,PASS,,,,,work_loss,risk_ratio,1.052129435321685,0.0427874396842744,0.967494347331403,1.1441682855550028,0.2349746336737783,,,,,,,3960.0,861.0,3099.0,3920.0,960.0,2960.0,2803.0,550.0,2253.0,,,,,,,,,,,,,,,,
share,comparable_22_30_months,multimorbidity_progression,full,extended_score_categorical,enrichment,PASS_STRICT_COMMON_SIX,27713,24049,15,15,5726.0,PASS,,,,,extended_loss_1,risk_ratio,1.1391035026573526,0.0268533849506549,1.0807009782066108,1.200662177542861,1.2340041587077113e-06,,,,,,,,,,,,,,,,,,,,7771.0,1674.0,6097.0,1556.0,343.0,1213.0,,,,,,
share,comparable_22_30_months,multimorbidity_progression,full,extended_score_categorical,enrichment,PASS_STRICT_COMMON_SIX,27713,24049,15,15,5726.0,PASS,,,,,extended_loss_2plus,risk_ratio,1.246668329279067,0.0516333802558616,1.1266798148029844,1.3794353132164976,1.9547088456202e-05,,,,,,,,,,,,,,,,,,,,7771.0,1674.0,6097.0,1556.0,343.0,1213.0,,,,,,
share,comparable_22_30_months,multimorbidity_progression,full,work_exit_phenotype,enrichment,PASS_STRICT_COMMON_SIX,8865,6937,16,16,1631.0,PASS,,,,,work_exit_retirement,risk_ratio,1.0386794510169663,0.0514969237369243,0.9389604047298616,1.148988814150574,0.4611587820064609,,,,,,,,,,,,,,,,,,,,,,,,,,2542.0,500.0,2042.0,261.0,50.0,211.0
share,comparable_22_30_months,multimorbidity_progression,full,work_exit_phenotype,enrichment,PASS_STRICT_COMMON_SIX,8865,6937,16,16,1631.0,PASS,,,,,work_exit_no_retirement,risk_ratio,1.0463567699567844,0.1310881080254272,0.8092773558614959,1.352889070853696,0.7295840731684358,,,,,,,,,,,,,,,,,,,,,,,,,,2542.0,500.0,2042.0,261.0,50.0,211.0
share,comparable_22_30_months,mortality,basic,any_withdrawal,core,PASS_SOURCE_STATUS,75177,43617,10,10,3354.0,PASS,19840.0,1509.0,18331.0,,any_withdrawal,risk_ratio,2.1138157681835263,0.0338513188515101,1.9781209311495829,2.2588189788905435,2.463899175245495e-108,,,,,,,,,,,,,,,,,,,,,,,,,,,,,,,
share,comparable_22_30_months,mortality,basic,score_categorical,core,PASS_SOURCE_STATUS,75177,43617,11,11,3354.0,PASS,,,,,loss_1,risk_ratio,1.984895751067146,0.0350446162176342,1.8531376116025704,2.126021898178037,3.217547888752557e-85,17791.0,1284.0,16507.0,2049.0,225.0,1824.0,,,,,,,,,,,,,,,,,,,,,,,,,
share,comparable_22_30_months,mortality,basic,score_categorical,core,PASS_SOURCE_STATUS,75177,43617,11,11,3354.0,PASS,,,,,loss_2plus,risk_ratio,3.900566396859487,0.071918191570805,3.387745673920561,4.4910154659579575,6.96902860815694e-80,17791.0,1284.0,16507.0,2049.0,225.0,1824.0,,,,,,,,,,,,,,,,,,,,,,,,,
share,comparable_22_30_months,mortality,basic,mutually_adjusted_components,core,PASS_SOURCE_STATUS,75177,43617,12,12,3354.0,PASS,,,,,alcohol_loss,risk_ratio,1.9593226407516533,0.0448922211224917,1.7942940998778272,2.139529529090814,9.551813161112789e-51,,,,,,,7768.0,617.0,7151.0,8575.0,966.0,7609.0,5619.0,158.0,5461.0,,,,,,,,,,,,,,,,
share,comparable_22_30_months,mortality,basic,mutually_adjusted_components,core,PASS_SOURCE_STATUS,75177,43617,12,12,3354.0,PASS,,,,,activity_loss,risk_ratio,2.055676716359644,0.0370312940426518,1.9117615480336991,2.210425649856557,2.4282159159044878e-84,,,,,,,7768.0,617.0,7151.0,8575.0,966.0,7609.0,5619.0,158.0,5461.0,,,,,,,,,,,,,,,,
share,comparable_22_30_months,mortality,basic,mutually_adjusted_components,core,PASS_SOURCE_STATUS,75177,43617,12,12,3354.0,PASS,,,,,work_loss,risk_ratio,1.6096713843495718,0.0845120134023867,1.3639563351206665,1.8996516962287089,1.7741927870324452e-08,,,,,,,7768.0,617.0,7151.0,8575.0,966.0,7609.0,5619.0,158.0,5461.0,,,,,,,,,,,,,,,,
share,comparable_22_30_months,mortality,full,any_withdrawal,core,PASS_SOURCE_STATUS,43677,30506,15,15,1917.0,PASS,12361.0,934.0,11427.0,,any_withdrawal,risk_ratio,2.00257772059336,0.0456239182804689,1.831277799579667,2.1899012416015653,2.571339535495471e-52,,,,,,,,,,,,,,,,,,,,,,,,,,,,,,,
share,comparable_22_30_months,mortality,full,score_categorical,core,PASS_SOURCE_STATUS,43677,30506,16,16,1917.0,PASS,,,,,loss_1,risk_ratio,1.896337805848491,0.0470528366672738,1.72927576924657,2.079539387437931,3.997385746430289e-42,11085.0,794.0,10291.0,1276.0,140.0,1136.0,,,,,,,,,,,,,,,,,,,,,,,,,
share,comparable_22_30_months,mortality,full,score_categorical,core,PASS_SOURCE_STATUS,43677,30506,16,16,1917.0,PASS,,,,,loss_2plus,risk_ratio,3.4691392287523586,0.0942000895104948,2.884286972578257,4.1725830691911066,8.216547716664523e-40,11085.0,794.0,10291.0,1276.0,140.0,1136.0,,,,,,,,,,,,,,,,,,,,,,,,,
share,comparable_22_30_months,mortality,full,mutually_adjusted_components,core,PASS_SOURCE_STATUS,43677,30506,17,17,1917.0,PASS,,,,,alcohol_loss,risk_ratio,1.7468362365036785,0.0583128125771915,1.5581750152693603,1.9583402424372955,1.1138163288060713e-21,,,,,,,4991.0,371.0,4620.0,5315.0,613.0,4702.0,3379.0,94.0,3285.0,,,,,,,,,,,,,,,,
share,comparable_22_30_months,mortality,full,mutually_adjusted_components,core,PASS_SOURCE_STATUS,43677,30506,17,17,1917.0,PASS,,,,,activity_loss,risk_ratio,1.9914115854827832,0.0482190260256317,1.811827804240698,2.188795256101619,2.6860104647439444e-46,,,,,,,4991.0,371.0,4620.0,5315.0,613.0,4702.0,3379.0,94.0,3285.0,,,,,,,,,,,,,,,,
share,comparable_22_30_months,mortality,full,mutually_adjusted_components,core,PASS_SOURCE_STATUS,43677,30506,17,17,1917.0,PASS,,,,,work_loss,risk_ratio,1.7167891772883912,0.1117719005531933,1.3790390131414776,2.1372601145926957,1.3291438048630507e-06,,,,,,,4991.0,371.0,4620.0,5315.0,613.0,4702.0,3379.0,94.0,3285.0,,,,,,,,,,,,,,,,
share,comparable_22_30_months,mortality,full,extended_score_categorical,enrichment,PASS_SOURCE_STATUS,34450,30215,15,15,1780.0,PASS,,,,,extended_loss_1,risk_ratio,1.6774717292613894,0.0526910994782876,1.512879940244609,1.8599700661086371,9.47891252874961e-23,,,,,,,,,,,,,,,,,,,,9645.0,575.0,9070.0,1963.0,160.0,1803.0,,,,,,
share,comparable_22_30_months,mortality,full,extended_score_categorical,enrichment,PASS_SOURCE_STATUS,34450,30215,15,15,1780.0,PASS,,,,,extended_loss_2plus,risk_ratio,3.161947546701825,0.0905302071279917,2.647861159587032,3.7758446102411938,4.814939195321167e-37,,,,,,,,,,,,,,,,,,,,9645.0,575.0,9070.0,1963.0,160.0,1803.0,,,,,,
share,comparable_22_30_months,mortality,full,work_exit_phenotype,enrichment,PASS_SOURCE_STATUS,10577,8231,16,16,180.0,NOT_EVALUABLE_WORK_EXIT_NO_RETIREMENT_EVENTS,,,,,,,,,,,,,,,,,,,,,,,,,,,,,,,,,,,,,3049.0,80.0,2969.0,330.0,14.0,316.0
share,comparable_22_30_months,incident_heart_disease,basic,any_withdrawal,core,PASS_BASELINE_FREE_RISK_SET,49091,28581,10,10,2480.0,PASS,11954.0,691.0,11263.0,,any_withdrawal,risk_ratio,1.243865530597559,0.0444501109744753,1.1400855203922444,1.3570924553768868,9.135002814874562e-07,,,,,,,,,,,,,,,,,,,,,,,,,,,,,,,
share,comparable_22_30_months,incident_heart_disease,basic,score_categorical,core,PASS_BASELINE_FREE_RISK_SET,49091,28581,11,11,2480.0,PASS,,,,,loss_1,risk_ratio,1.2087417175147763,0.0462257814207777,1.1040431684112282,1.3233690325380147,4.110615109810383e-05,10783.0,610.0,10173.0,1171.0,81.0,1090.0,,,,,,,,,,,,,,,,,,,,,,,,,
share,comparable_22_30_months,incident_heart_disease,basic,score_categorical,core,PASS_BASELINE_FREE_RISK_SET,49091,28581,11,11,2480.0,PASS,,,,,loss_2plus,risk_ratio,1.6498885128790348,0.1120359221487108,1.324614329895199,2.055037487889447,7.852326048075226e-06,10783.0,610.0,10173.0,1171.0,81.0,1090.0,,,,,,,,,,,,,,,,,,,,,,,,,
share,comparable_22_30_months,incident_heart_disease,basic,mutually_adjusted_components,core,PASS_BASELINE_FREE_RISK_SET,49091,28581,12,12,2480.0,PASS,,,,,alcohol_loss,risk_ratio,1.119434652457734,0.0646228019175158,0.986260676961392,1.2705910013405337,0.0808314673643951,,,,,,,4749.0,264.0,4485.0,4434.0,344.0,4090.0,3985.0,165.0,3820.0,,,,,,,,,,,,,,,,
share,comparable_22_30_months,incident_heart_disease,basic,mutually_adjusted_components,core,PASS_BASELINE_FREE_RISK_SET,49091,28581,12,12,2480.0,PASS,,,,,activity_loss,risk_ratio,1.3760014839648955,0.0567415579057518,1.2311767360911876,1.5378621349561958,1.853081793797477e-08,,,,,,,4749.0,264.0,4485.0,4434.0,344.0,4090.0,3985.0,165.0,3820.0,,,,,,,,,,,,,,,,
share,comparable_22_30_months,incident_heart_disease,basic,mutually_adjusted_components,core,PASS_BASELINE_FREE_RISK_SET,49091,28581,12,12,2480.0,PASS,,,,,work_loss,risk_ratio,1.1415332618575371,0.0837282970471314,0.9687660590108924,1.3451113153753225,0.1138838062987886,,,,,,,4749.0,264.0,4485.0,4434.0,344.0,4090.0,3985.0,165.0,3820.0,,,,,,,,,,,,,,,,
share,comparable_22_30_months,incident_heart_disease,full,any_withdrawal,core,PASS_BASELINE_FREE_RISK_SET,27970,19791,15,15,1436.0,PASS,7382.0,433.0,6949.0,,any_withdrawal,risk_ratio,1.1712905196584025,0.0577627458834055,1.0459161999035822,1.3116935004621988,0.006197125760501,,,,,,,,,,,,,,,,,,,,,,,,,,,,,,,
share,comparable_22_30_months,incident_heart_disease,full,score_categorical,core,PASS_BASELINE_FREE_RISK_SET,27970,19791,16,16,1436.0,PASS,,,,,loss_1,risk_ratio,1.1523966869698865,0.0596206168380887,1.0253044445780009,1.29524272635506,0.017354619821232,6669.0,385.0,6284.0,713.0,48.0,665.0,,,,,,,,,,,,,,,,,,,,,,,,,
share,comparable_22_30_months,incident_heart_disease,full,score_categorical,core,PASS_BASELINE_FREE_RISK_SET,27970,19791,16,16,1436.0,PASS,,,,,loss_2plus,risk_ratio,1.391784660296735,0.1461957442374219,1.0450329943763048,1.8535917536205389,0.0237430501787389,6669.0,385.0,6284.0,713.0,48.0,665.0,,,,,,,,,,,,,,,,,,,,,,,,,
share,comparable_22_30_months,incident_heart_disease,full,mutually_adjusted_components,core,PASS_BASELINE_FREE_RISK_SET,27970,19791,17,17,1436.0,PASS,,,,,alcohol_loss,risk_ratio,1.0388912338866996,0.0817877388210967,0.8850182618862866,1.2195172035730315,0.6408572711781266,,,,,,,3039.0,168.0,2871.0,2717.0,225.0,2492.0,2368.0,89.0,2279.0,,,,,,,,,,,,,,,,
share,comparable_22_30_months,incident_heart_disease,full,mutually_adjusted_components,core,PASS_BASELINE_FREE_RISK_SET,27970,19791,17,17,1436.0,PASS,,,,,activity_loss,risk_ratio,1.3317942891593482,0.0713784190677462,1.1579231262047605,1.531773559485681,5.96482053568784e-05,,,,,,,3039.0,168.0,2871.0,2717.0,225.0,2492.0,2368.0,89.0,2279.0,,,,,,,,,,,,,,,,
share,comparable_22_30_months,incident_heart_disease,full,mutually_adjusted_components,core,PASS_BASELINE_FREE_RISK_SET,27970,19791,17,17,1436.0,PASS,,,,,work_loss,risk_ratio,1.005730690557693,0.1145350200653192,0.8035063574164998,1.2588503035394694,0.9602087906193996,,,,,,,3039.0,168.0,2871.0,2717.0,225.0,2492.0,2368.0,89.0,2279.0,,,,,,,,,,,,,,,,
share,comparable_22_30_months,incident_hypertension,basic,any_withdrawal,core,PASS_BASELINE_FREE_RISK_SET,27732,16671,10,10,3252.0,PASS,6519.0,849.0,5670.0,,any_withdrawal,risk_ratio,1.2480768102053752,0.0384792597824719,1.157411274530482,1.3458446089565892,8.459081203189962e-09,,,,,,,,,,,,,,,,,,,,,,,,,,,,,,,
share,comparable_22_30_months,incident_hypertension,basic,score_categorical,core,PASS_BASELINE_FREE_RISK_SET,27732,16671,11,11,3252.0,PASS,,,,,loss_1,risk_ratio,1.227839425158242,0.0397563487863817,1.1357975008609438,1.327340175365905,2.4321821185519305e-07,5902.0,763.0,5139.0,617.0,86.0,531.0,,,,,,,,,,,,,,,,,,,,,,,,,
share,comparable_22_30_months,incident_hypertension,basic,score_categorical,core,PASS_BASELINE_FREE_RISK_SET,27732,16671,11,11,3252.0,PASS,,,,,loss_2plus,risk_ratio,1.490337907550165,0.103187444973645,1.2174508457165714,1.824391585496577,0.0001102830155027,5902.0,763.0,5139.0,617.0,86.0,531.0,,,,,,,,,,,,,,,,,,,,,,,,,
share,comparable_22_30_months,incident_hypertension,basic,mutually_adjusted_components,core,PASS_BASELINE_FREE_RISK_SET,27732,16671,12,12,3252.0,PASS,,,,,alcohol_loss,risk_ratio,1.1867423286232768,0.0552344809428682,1.064978297358111,1.322428220405905,0.0019369669110995,,,,,,,2599.0,336.0,2263.0,2159.0,363.0,1796.0,2399.0,238.0,2161.0,,,,,,,,,,,,,,,,
share,comparable_22_30_months,incident_hypertension,basic,mutually_adjusted_components,core,PASS_BASELINE_FREE_RISK_SET,27732,16671,12,12,3252.0,PASS,,,,,activity_loss,risk_ratio,1.3606645359146647,0.0521015360877981,1.22857636901241,1.5069539232503086,3.399962230007073e-09,,,,,,,2599.0,336.0,2263.0,2159.0,363.0,1796.0,2399.0,238.0,2161.0,,,,,,,,,,,,,,,,
share,comparable_22_30_months,incident_hypertension,basic,mutually_adjusted_components,core,PASS_BASELINE_FREE_RISK_SET,27732,16671,12,12,3252.0,PASS,,,,,work_loss,risk_ratio,1.0714364866695738,0.0672491521218701,0.939125968389596,1.2223878197462457,0.3048731577005359,,,,,,,2599.0,336.0,2263.0,2159.0,363.0,1796.0,2399.0,238.0,2161.0,,,,,,,,,,,,,,,,
share,comparable_22_30_months,incident_hypertension,full,any_withdrawal,core,PASS_BASELINE_FREE_RISK_SET,15906,11529,15,15,1863.0,PASS,4074.0,507.0,3567.0,,any_withdrawal,risk_ratio,1.081208533779254,0.0507507884227198,0.9788368605252084,1.194286750592775,0.1239295845156543,,,,,,,,,,,,,,,,,,,,,,,,,,,,,,,
share,comparable_22_30_months,incident_hypertension,full,score_categorical,core,PASS_BASELINE_FREE_RISK_SET,15906,11529,16,16,1863.0,PASS,,,,,loss_1,risk_ratio,1.076130856665347,0.0521764211195889,0.9715215406034916,1.192004059887266,0.1596557265928673,3692.0,457.0,3235.0,382.0,50.0,332.0,,,,,,,,,,,,,,,,,,,,,,,,,
share,comparable_22_30_months,incident_hypertension,full,score_categorical,core,PASS_BASELINE_FREE_RISK_SET,15906,11529,16,16,1863.0,PASS,,,,,loss_2plus,risk_ratio,1.137996610652103,0.1359380971348464,0.8718268710589892,1.485428275779825,0.3416334035190502,3692.0,457.0,3235.0,382.0,50.0,332.0,,,,,,,,,,,,,,,,,,,,,,,,,
share,comparable_22_30_months,incident_hypertension,full,mutually_adjusted_components,core,PASS_BASELINE_FREE_RISK_SET,15906,11529,17,17,1863.0,PASS,,,,,alcohol_loss,risk_ratio,1.0203701314882736,0.0713180289339197,0.8872616716536419,1.1734477420769618,0.7773656600975676,,,,,,,1682.0,206.0,1476.0,1335.0,216.0,1119.0,1455.0,137.0,1318.0,,,,,,,,,,,,,,,,
share,comparable_22_30_months,incident_hypertension,full,mutually_adjusted_components,core,PASS_BASELINE_FREE_RISK_SET,15906,11529,17,17,1863.0,PASS,,,,,activity_loss,risk_ratio,1.1909086469850734,0.0684109438436605,1.041470439365856,1.361789400693301,0.0106515460066941,,,,,,,1682.0,206.0,1476.0,1335.0,216.0,1119.0,1455.0,137.0,1318.0,,,,,,,,,,,,,,,,
share,comparable_22_30_months,incident_hypertension,full,mutually_adjusted_components,core,PASS_BASELINE_FREE_RISK_SET,15906,11529,17,17,1863.0,PASS,,,,,work_loss,risk_ratio,0.9671296443651608,0.089170991970501,0.8120489506277204,1.1518268058678696,0.7077972359885834,,,,,,,1682.0,206.0,1476.0,1335.0,216.0,1119.0,1455.0,137.0,1318.0,,,,,,,,,,,,,,,,
share,comparable_22_30_months,incident_any_iadl,basic,any_withdrawal,core,PASS_STRICT_COMPLETE_ITEM_COUNTS,57980,33568,10,10,3385.0,PASS,13834.0,1137.0,12697.0,,any_withdrawal,risk_ratio,1.8391655880185616,0.0347210609339727,1.718170316350792,1.968681467699774,6.077992457375643e-69,,,,,,,,,,,,,,,,,,,,,,,,,,,,,,,
share,comparable_22_30_months,incident_any_iadl,basic,score_categorical,core,PASS_STRICT_COMPLETE_ITEM_COUNTS,57980,33568,11,11,3385.0,PASS,,,,,loss_1,risk_ratio,1.7158475845559746,0.0363068887276468,1.5979906282228575,1.8423968710634893,5.111166117555717e-50,12491.0,978.0,11513.0,1343.0,159.0,1184.0,,,,,,,,,,,,,,,,,,,,,,,,,
share,comparable_22_30_months,incident_any_iadl,basic,score_categorical,core,PASS_STRICT_COMPLETE_ITEM_COUNTS,57980,33568,11,11,3385.0,PASS,,,,,loss_2plus,risk_ratio,3.9915620971820207,0.0794677163420514,3.4158583053704312,4.664294168938699,6.006165285743022e-68,12491.0,978.0,11513.0,1343.0,159.0,1184.0,,,,,,,,,,,,,,,,,,,,,,,,,
share,comparable_22_30_months,incident_any_iadl,basic,mutually_adjusted_components,core,PASS_STRICT_COMPLETE_ITEM_COUNTS,57980,33568,12,12,3385.0,PASS,,,,,alcohol_loss,risk_ratio,1.594860287439517,0.0514050568541819,1.4420043828189038,1.7639192826025536,1.0802854993196281e-19,,,,,,,5571.0,416.0,5155.0,5033.0,743.0,4290.0,4628.0,142.0,4486.0,,,,,,,,,,,,,,,,
share,comparable_22_30_months,incident_any_iadl,basic,mutually_adjusted_components,core,PASS_STRICT_COMPLETE_ITEM_COUNTS,57980,33568,12,12,3385.0,PASS,,,,,activity_loss,risk_ratio,2.058822751944456,0.0386470664426581,1.908633386419092,2.2208304402956784,6.513826921752318e-78,,,,,,,5571.0,416.0,5155.0,5033.0,743.0,4290.0,4628.0,142.0,4486.0,,,,,,,,,,,,,,,,
share,comparable_22_30_months,incident_any_iadl,basic,mutually_adjusted_components,core,PASS_STRICT_COMPLETE_ITEM_COUNTS,57980,33568,12,12,3385.0,PASS,,,,,work_loss,risk_ratio,1.4437091097264991,0.0883491419405626,1.2141623757265525,1.71665341899599,3.2328238876051006e-05,,,,,,,5571.0,416.0,5155.0,5033.0,743.0,4290.0,4628.0,142.0,4486.0,,,,,,,,,,,,,,,,
share,comparable_22_30_months,incident_any_iadl,full,any_withdrawal,core,PASS_STRICT_COMPLETE_ITEM_COUNTS,33008,23329,15,15,1955.0,PASS,8488.0,663.0,7825.0,,any_withdrawal,risk_ratio,1.520861552314228,0.0461034526641515,1.3894609667553854,1.6646886214507457,9.522896460537212e-20,,,,,,,,,,,,,,,,,,,,,,,,,,,,,,,
share,comparable_22_30_months,incident_any_iadl,full,score_categorical,core,PASS_STRICT_COMPLETE_ITEM_COUNTS,33008,23329,16,16,1955.0,PASS,,,,,loss_1,risk_ratio,1.4361552732466,0.0481542551095515,1.3068099151480057,1.578302968906092,5.6100318174202716e-14,7657.0,569.0,7088.0,831.0,94.0,737.0,,,,,,,,,,,,,,,,,,,,,,,,,
share,comparable_22_30_months,incident_any_iadl,full,score_categorical,core,PASS_STRICT_COMPLETE_ITEM_COUNTS,33008,23329,16,16,1955.0,PASS,,,,,loss_2plus,risk_ratio,2.8046712322905902,0.1040462572718171,2.287271008051544,3.439111803344797,3.698981655607135e-23,7657.0,569.0,7088.0,831.0,94.0,737.0,,,,,,,,,,,,,,,,,,,,,,,,,
share,comparable_22_30_months,incident_any_iadl,full,mutually_adjusted_components,core,PASS_STRICT_COMPLETE_ITEM_COUNTS,33008,23329,17,17,1955.0,PASS,,,,,alcohol_loss,risk_ratio,1.3339395244454375,0.0649235317472957,1.1745543845744553,1.5149529713112435,9.075979095247835e-06,,,,,,,3589.0,264.0,3325.0,3037.0,427.0,2610.0,2728.0,70.0,2658.0,,,,,,,,,,,,,,,,
share,comparable_22_30_months,incident_any_iadl,full,mutually_adjusted_components,core,PASS_STRICT_COMPLETE_ITEM_COUNTS,33008,23329,17,17,1955.0,PASS,,,,,activity_loss,risk_ratio,1.768209473560456,0.0512457010188881,1.5992387093511216,1.9550331817928064,9.77758821018336e-29,,,,,,,3589.0,264.0,3325.0,3037.0,427.0,2610.0,2728.0,70.0,2658.0,,,,,,,,,,,,,,,,
share,comparable_22_30_months,incident_any_iadl,full,mutually_adjusted_components,core,PASS_STRICT_COMPLETE_ITEM_COUNTS,33008,23329,17,17,1955.0,PASS,,,,,work_loss,risk_ratio,1.1047115374100454,0.1241988705784275,0.8660253793137619,1.4091822364996978,0.4226612318648194,,,,,,,3589.0,264.0,3325.0,3037.0,427.0,2610.0,2728.0,70.0,2658.0,,,,,,,,,,,,,,,,
share,comparable_22_30_months,iadl_count_increase,basic,any_withdrawal,core,PASS_STRICT_COMPLETE_ITEM_COUNTS,61837,35433,11,11,4252.0,PASS,15765.0,1618.0,14147.0,,any_withdrawal,risk_ratio,1.7667366641324176,0.0312951259561173,1.661626318235488,1.8784960289413155,6.659046907096557e-74,,,,,,,,,,,,,,,,,,,,,,,,,,,,,,,
share,comparable_22_30_months,iadl_count_increase,basic,score_categorical,core,PASS_STRICT_COMPLETE_ITEM_COUNTS,61837,35433,12,12,4252.0,PASS,,,,,loss_1,risk_ratio,1.680883847476782,0.0321358869926676,1.5782783067662738,1.7901598828265195,9.63756081071347e-59,14198.0,1416.0,12782.0,1567.0,202.0,1365.0,,,,,,,,,,,,,,,,,,,,,,,,,
share,comparable_22_30_months,iadl_count_increase,basic,score_categorical,core,PASS_STRICT_COMPLETE_ITEM_COUNTS,61837,35433,12,12,4252.0,PASS,,,,,loss_2plus,risk_ratio,3.315091893496394,0.0737659516585584,2.8688370403501904,3.830762817041713,2.3405091875386742e-59,14198.0,1416.0,12782.0,1567.0,202.0,1365.0,,,,,,,,,,,,,,,,,,,,,,,,,
share,comparable_22_30_months,iadl_count_increase,basic,mutually_adjusted_components,core,PASS_STRICT_COMPLETE_ITEM_COUNTS,61837,35433,13,13,4252.0,PASS,,,,,alcohol_loss,risk_ratio,1.5486174902040986,0.0453056791935357,1.417032776846762,1.692421071799516,4.746293399635115e-22,,,,,,,6168.0,548.0,5620.0,6467.0,1111.0,5356.0,4755.0,166.0,4589.0,,,,,,,,,,,,,,,,
share,comparable_22_30_months,iadl_count_increase,basic,mutually_adjusted_components,core,PASS_STRICT_COMPLETE_ITEM_COUNTS,61837,35433,13,13,4252.0,PASS,,,,,activity_loss,risk_ratio,1.9020791477493493,0.034932670950806,1.77620807884186,2.0368700758651386,1.1904210212759962e-75,,,,,,,6168.0,548.0,5620.0,6467.0,1111.0,5356.0,4755.0,166.0,4589.0,,,,,,,,,,,,,,,,
share,comparable_22_30_months,iadl_count_increase,basic,mutually_adjusted_components,core,PASS_STRICT_COMPLETE_ITEM_COUNTS,61837,35433,13,13,4252.0,PASS,,,,,work_loss,risk_ratio,1.4542662081474114,0.0816084857482166,1.2393062611128731,1.7065113527791902,4.4537160587585e-06,,,,,,,6168.0,548.0,5620.0,6467.0,1111.0,5356.0,4755.0,166.0,4589.0,,,,,,,,,,,,,,,,
share,comparable_22_30_months,iadl_count_increase,full,any_withdrawal,core,PASS_STRICT_COMPLETE_ITEM_COUNTS,35272,24777,16,16,2469.0,PASS,9678.0,974.0,8704.0,,any_withdrawal,risk_ratio,1.5543866133679534,0.0409176969848417,1.4345967432086577,1.684179024701772,4.2922549933842704e-27,,,,,,,,,,,,,,,,,,,,,,,,,,,,,,,
share,comparable_22_30_months,iadl_count_increase,full,score_categorical,core,PASS_STRICT_COMPLETE_ITEM_COUNTS,35272,24777,17,17,2469.0,PASS,,,,,loss_1,risk_ratio,1.49210455771986,0.0420150320538825,1.3741558682442134,1.620177203051255,1.652539249071067e-21,8716.0,853.0,7863.0,962.0,121.0,841.0,,,,,,,,,,,,,,,,,,,,,,,,,
share,comparable_22_30_months,iadl_count_increase,full,score_categorical,core,PASS_STRICT_COMPLETE_ITEM_COUNTS,35272,24777,17,17,2469.0,PASS,,,,,loss_2plus,risk_ratio,2.592424085832695,0.095510795555984,2.1498448119449303,3.1261152449071004,1.9874157597885765e-23,8716.0,853.0,7863.0,962.0,121.0,841.0,,,,,,,,,,,,,,,,,,,,,,,,,
share,comparable_22_30_months,iadl_count_increase,full,mutually_adjusted_components,core,PASS_STRICT_COMPLETE_ITEM_COUNTS,35272,24777,18,18,2469.0,PASS,,,,,alcohol_loss,risk_ratio,1.3701640848546155,0.0574077456337656,1.224354037707196,1.533338855925311,4.1147698591429084e-08,,,,,,,3958.0,347.0,3611.0,3917.0,666.0,3251.0,2802.0,86.0,2716.0,,,,,,,,,,,,,,,,
share,comparable_22_30_months,iadl_count_increase,full,mutually_adjusted_components,core,PASS_STRICT_COMPLETE_ITEM_COUNTS,35272,24777,18,18,2469.0,PASS,,,,,activity_loss,risk_ratio,1.7158127241630627,0.0453350883461779,1.5699310789089698,1.8752500310050717,1.0648873776961951e-32,,,,,,,3958.0,347.0,3611.0,3917.0,666.0,3251.0,2802.0,86.0,2716.0,,,,,,,,,,,,,,,,
share,comparable_22_30_months,iadl_count_increase,full,mutually_adjusted_components,core,PASS_STRICT_COMPLETE_ITEM_COUNTS,35272,24777,18,18,2469.0,PASS,,,,,work_loss,risk_ratio,1.1944795335347025,0.1126095835283395,0.9579112230926804,1.4894713848605106,0.1145398438584359,,,,,,,3958.0,347.0,3611.0,3917.0,666.0,3251.0,2802.0,86.0,2716.0,,,,,,,,,,,,,,,,
share,comparable_22_30_months,word_recall_change,basic,any_withdrawal,core,PASS_BASELINE_ADJUSTED_CHANGE_CANDIDATE,59480,34092,11,11,,PASS,14788.0,,,,any_withdrawal,mean_difference,-0.3730591917761556,0.0274932006284042,-0.426944874827562,-0.3191735087247492,6.103080395402513e-42,,,,,,,,,,,,,,,,-0.1206267943307577,0.0088897867437795,-0.1380504561788073,-0.1032031324827082,,,,,,,,,,,,
share,comparable_22_30_months,word_recall_change,basic,score_categorical,core,PASS_BASELINE_ADJUSTED_CHANGE_CANDIDATE,59480,34092,12,12,,PASS,,,,,loss_1,mean_difference,-0.3445156251543351,0.0283583920213204,-0.4000970521755913,-0.2889341981330789,5.8334574237819315e-34,13367.0,,,1421.0,,,,,,,,,,,,-0.1113973770793994,0.0091695419850675,-0.1293693491248598,-0.0934254050339391,,,,,,,,,,,,
share,comparable_22_30_months,word_recall_change,basic,score_categorical,core,PASS_BASELINE_ADJUSTED_CHANGE_CANDIDATE,59480,34092,12,12,,PASS,,,,,loss_2plus,mean_difference,-0.6734145363318977,0.0759692448207432,-0.8223115201132605,-0.524517552550535,7.698293919404841e-19,13367.0,,,1421.0,,,,,,,,,,,,-0.2177451690352437,0.024564269350461,-0.2658902522686884,-0.169600085801799,,,,,,,,,,,,
share,comparable_22_30_months,word_recall_change,basic,mutually_adjusted_components,core,PASS_BASELINE_ADJUSTED_CHANGE_CANDIDATE,59480,34092,13,13,,PASS,,,,,alcohol_loss,mean_difference,-0.3317324965045707,0.0392820061579369,-0.4087238138146077,-0.2547411791945336,3.043136150465196e-17,,,,,,,5791.0,,,5853.0,,,4620.0,,,-0.1072640173752805,0.0127016371186377,-0.1321587686725076,-0.0823692660780534,,,,,,,,,,,,
share,comparable_22_30_months,word_recall_change,basic,mutually_adjusted_components,core,PASS_BASELINE_ADJUSTED_CHANGE_CANDIDATE,59480,34092,13,13,,PASS,,,,,activity_loss,mean_difference,-0.415713137608834,0.0406893076297031,-0.495462715118923,-0.3359635600987451,1.6681336574699647e-24,,,,,,,5791.0,,,5853.0,,,4620.0,,,-0.134418731012058,0.0131566808997275,-0.1602053517316099,-0.108632110292506,,,,,,,,,,,,
share,comparable_22_30_months,word_recall_change,basic,mutually_adjusted_components,core,PASS_BASELINE_ADJUSTED_CHANGE_CANDIDATE,59480,34092,13,13,,PASS,,,,,work_loss,mean_difference,-0.2412555727850414,0.0445186181663479,-0.328510461032574,-0.1540006845375088,5.986423124393522e-08,,,,,,,5791.0,,,5853.0,,,4620.0,,,-0.07800876375927,0.0143948690069103,-0.1062221885749861,-0.049795338943554,,,,,,,,,,,,
share,comparable_22_30_months,word_recall_change,full,any_withdrawal,core,PASS_BASELINE_ADJUSTED_CHANGE_CANDIDATE,34009,23886,16,16,,PASS,9164.0,,,,any_withdrawal,mean_difference,-0.2482524673576044,0.0349467255459317,-0.3167467908052366,-0.1797581439099723,1.214248140163551e-12,,,,,,,,,,,,,,,,-0.0803685381858141,0.0113135521930648,-0.1025426930214354,-0.0581943833501929,,,,,,,,,,,,
share,comparable_22_30_months,word_recall_change,full,score_categorical,core,PASS_BASELINE_ADJUSTED_CHANGE_CANDIDATE,34009,23886,17,17,,PASS,,,,,loss_1,mean_difference,-0.2357612814295964,0.0359942162594097,-0.3063086489497855,-0.1652139139094073,5.7546022771306315e-11,8264.0,,,900.0,,,,,,,,,,,,-0.076324677659767,0.011652663817217,-0.0991634790654655,-0.0534858762540685,,,,,,,,,,,,
share,comparable_22_30_months,word_recall_change,full,score_categorical,core,PASS_BASELINE_ADJUSTED_CHANGE_CANDIDATE,34009,23886,17,17,,PASS,,,,,loss_2plus,mean_difference,-0.3821530648821168,0.0950349809839508,-0.5684182048821095,-0.1958879248821242,5.790655738311954e-05,8264.0,,,900.0,,,,,,,,,,,,-0.1237171316551812,0.0307663508020429,-0.1840180711629104,-0.063416192147452,,,,,,,,,,,,
share,comparable_22_30_months,word_recall_change,full,mutually_adjusted_components,core,PASS_BASELINE_ADJUSTED_CHANGE_CANDIDATE,34009,23886,18,18,,PASS,,,,,alcohol_loss,mean_difference,-0.1704082547714462,0.0487557260967068,-0.2659677219610913,-0.074848787581801,0.0004738071004348,,,,,,,3764.0,,,3592.0,,,2743.0,,,-0.0551674771918733,0.0157840382264392,-0.0861036236462976,-0.0242313307374489,,,,,,,,,,,,
share,comparable_22_30_months,word_recall_change,full,mutually_adjusted_components,core,PASS_BASELINE_ADJUSTED_CHANGE_CANDIDATE,34009,23886,18,18,,PASS,,,,,activity_loss,mean_difference,-0.3039095513070219,0.0511576704390851,-0.4041767429005982,-0.2036423597134457,2.839030789880388e-09,,,,,,,3764.0,,,3592.0,,,2743.0,,,-0.0983868021100813,0.016561636764151,-0.1308470136928518,-0.0659265905273107,,,,,,,,,,,,
share,comparable_22_30_months,word_recall_change,full,mutually_adjusted_components,core,PASS_BASELINE_ADJUSTED_CHANGE_CANDIDATE,34009,23886,18,18,,PASS,,,,,work_loss,mean_difference,-0.155459625359409,0.0578092172853812,-0.2687636092132066,-0.0421556415056114,0.00716269144604,,,,,,,3764.0,,,3592.0,,,2743.0,,,-0.0503280509959745,0.0187149893668513,-0.0870087561260534,-0.0136473458658957,,,,,,,,,,,,
share,all_primary_wave_intervals,incident_diabetes,basic,any_withdrawal,core,PASS_BASELINE_FREE_RISK_SET,63630,31707,12,12,1981.0,PASS,15414.0,601.0,14813.0,,any_withdrawal,risk_ratio,1.5663937234454846,0.0491213898681469,1.4226194150137024,1.7246983071897533,6.476885816200554e-20,,,,,,,,,,,,,,,,,,,,,,,,,,,,,,,
share,all_primary_wave_intervals,incident_diabetes,basic,score_categorical,core,PASS_BASELINE_FREE_RISK_SET,63630,31707,13,13,1981.0,PASS,,,,,loss_1,risk_ratio,1.4871615338875346,0.0514323968308275,1.3445557308803335,1.6448923440508267,1.1972807533531018e-14,13903.0,521.0,13382.0,1511.0,80.0,1431.0,,,,,,,,,,,,,,,,,,,,,,,,,
share,all_primary_wave_intervals,incident_diabetes,basic,score_categorical,core,PASS_BASELINE_FREE_RISK_SET,63630,31707,13,13,1981.0,PASS,,,,,loss_2plus,risk_ratio,2.594855579388126,0.1154031773717634,2.069578141857739,3.2534531273303937,1.425273585972072e-16,13903.0,521.0,13382.0,1511.0,80.0,1431.0,,,,,,,,,,,,,,,,,,,,,,,,,
share,all_primary_wave_intervals,incident_diabetes,basic,mutually_adjusted_components,core,PASS_BASELINE_FREE_RISK_SET,63630,31707,14,14,1981.0,PASS,,,,,alcohol_loss,risk_ratio,1.4424817736356472,0.0693933694767965,1.2590488804359077,1.6526393054339916,1.2950846121993044e-07,,,,,,,6325.0,243.0,6082.0,5747.0,295.0,5452.0,4915.0,144.0,4771.0,,,,,,,,,,,,,,,,
share,all_primary_wave_intervals,incident_diabetes,basic,mutually_adjusted_components,core,PASS_BASELINE_FREE_RISK_SET,63630,31707,14,14,1981.0,PASS,,,,,activity_loss,risk_ratio,1.6705361007949378,0.0624424119892386,1.4781033043121203,1.8880215313217807,2.071225367588249e-16,,,,,,,6325.0,243.0,6082.0,5747.0,295.0,5452.0,4915.0,144.0,4771.0,,,,,,,,,,,,,,,,
share,all_primary_wave_intervals,incident_diabetes,basic,mutually_adjusted_components,core,PASS_BASELINE_FREE_RISK_SET,63630,31707,14,14,1981.0,PASS,,,,,work_loss,risk_ratio,1.3822268076817223,0.0913999547031145,1.1555254874738377,1.653404419534504,0.0003978112117511,,,,,,,6325.0,243.0,6082.0,5747.0,295.0,5452.0,4915.0,144.0,4771.0,,,,,,,,,,,,,,,,
share,all_primary_wave_intervals,incident_diabetes,full,any_withdrawal,core,PASS_BASELINE_FREE_RISK_SET,39723,22801,17,17,1333.0,PASS,10189.0,405.0,9784.0,,any_withdrawal,risk_ratio,1.3160899019884222,0.0609539898123611,1.1678886201569991,1.4830974462984747,6.602808235518271e-06,,,,,,,,,,,,,,,,,,,,,,,,,,,,,,,
share,all_primary_wave_intervals,incident_diabetes,full,score_categorical,core,PASS_BASELINE_FREE_RISK_SET,39723,22801,18,18,1333.0,PASS,,,,,loss_1,risk_ratio,1.2554282791725124,0.0636768429189506,1.1081283864977547,1.4223082662175348,0.0003537750964523,9192.0,349.0,8843.0,997.0,56.0,941.0,,,,,,,,,,,,,,,,,,,,,,,,,
share,all_primary_wave_intervals,incident_diabetes,full,score_categorical,core,PASS_BASELINE_FREE_RISK_SET,39723,22801,18,18,1333.0,PASS,,,,,loss_2plus,risk_ratio,2.0535312805425145,0.1393130298829153,1.562852013578243,2.698266172055233,2.4035508392303226e-07,9192.0,349.0,8843.0,997.0,56.0,941.0,,,,,,,,,,,,,,,,,,,,,,,,,
share,all_primary_wave_intervals,incident_diabetes,full,mutually_adjusted_components,core,PASS_BASELINE_FREE_RISK_SET,39723,22801,19,19,1333.0,PASS,,,,,alcohol_loss,risk_ratio,1.2051909664465668,0.0842563140244092,1.0217314537147777,1.421592004751847,0.0267516771712461,,,,,,,4366.0,167.0,4199.0,3771.0,202.0,3569.0,3088.0,93.0,2995.0,,,,,,,,,,,,,,,,
share,all_primary_wave_intervals,incident_diabetes,full,mutually_adjusted_components,core,PASS_BASELINE_FREE_RISK_SET,39723,22801,19,19,1333.0,PASS,,,,,activity_loss,risk_ratio,1.46490727560667,0.0769010502917915,1.259945742362914,1.7032109034320917,6.88013403673745e-07,,,,,,,4366.0,167.0,4199.0,3771.0,202.0,3569.0,3088.0,93.0,2995.0,,,,,,,,,,,,,,,,
share,all_primary_wave_intervals,incident_diabetes,full,mutually_adjusted_components,core,PASS_BASELINE_FREE_RISK_SET,39723,22801,19,19,1333.0,PASS,,,,,work_loss,risk_ratio,1.2334205888632914,0.1143101877603892,0.9858485122549326,1.543164421430364,0.0664641159567631,,,,,,,4366.0,167.0,4199.0,3771.0,202.0,3569.0,3088.0,93.0,2995.0,,,,,,,,,,,,,,,,
share,all_primary_wave_intervals,incident_diabetes,full,extended_score_categorical,enrichment,PASS_BASELINE_FREE_RISK_SET,27210,20232,16,16,913.0,PASS,,,,,extended_loss_1,risk_ratio,1.3315880484227238,0.0758617519334957,1.1476150848520914,1.545053523700209,0.0001600572723175,,,,,,,,,,,,,,,,,,,,7509.0,272.0,7237.0,1453.0,64.0,1389.0,,,,,,
share,all_primary_wave_intervals,incident_diabetes,full,extended_score_categorical,enrichment,PASS_BASELINE_FREE_RISK_SET,27210,20232,16,16,913.0,PASS,,,,,extended_loss_2plus,risk_ratio,1.8732266336961745,0.1394443369550735,1.4252632567453505,2.461985885471856,6.7580995254359564e-06,,,,,,,,,,,,,,,,,,,,7509.0,272.0,7237.0,1453.0,64.0,1389.0,,,,,,
share,all_primary_wave_intervals,incident_diabetes,full,work_exit_phenotype,enrichment,PASS_BASELINE_FREE_RISK_SET,10216,6875,18,18,281.0,NOT_EVALUABLE_WORK_EXIT_NO_RETIREMENT_EVENTS,,,,,,,,,,,,,,,,,,,,,,,,,,,,,,,,,,,,,2774.0,81.0,2693.0,314.0,12.0,302.0
share,all_primary_wave_intervals,incident_stroke,basic,any_withdrawal,core,PASS_BASELINE_FREE_RISK_SET,70774,35215,12,12,1597.0,PASS,17454.0,474.0,16980.0,,any_withdrawal,risk_ratio,1.3401258817670174,0.0552971241638569,1.2024764990027663,1.49353220663458,1.1942604150403364e-07,,,,,,,,,,,,,,,,,,,,,,,,,,,,,,,
share,all_primary_wave_intervals,incident_stroke,basic,score_categorical,core,PASS_BASELINE_FREE_RISK_SET,70774,35215,13,13,1597.0,PASS,,,,,loss_1,risk_ratio,1.2944522111873833,0.057585729924587,1.1562958302602038,1.4491157740064151,7.401682564807792e-06,15743.0,416.0,15327.0,1711.0,58.0,1653.0,,,,,,,,,,,,,,,,,,,,,,,,,
share,all_primary_wave_intervals,incident_stroke,basic,score_categorical,core,PASS_BASELINE_FREE_RISK_SET,70774,35215,13,13,1597.0,PASS,,,,,loss_2plus,risk_ratio,1.8806417132340472,0.1360468130776981,1.4404653218782286,2.4553269001604474,3.4402605802112607e-06,15743.0,416.0,15327.0,1711.0,58.0,1653.0,,,,,,,,,,,,,,,,,,,,,,,,,
share,all_primary_wave_intervals,incident_stroke,basic,mutually_adjusted_components,core,PASS_BASELINE_FREE_RISK_SET,70774,35215,14,14,1597.0,PASS,,,,,alcohol_loss,risk_ratio,1.2251620458145975,0.0784597168867637,1.0505301045127884,1.428823440714961,0.0096465814619212,,,,,,,7070.0,188.0,6882.0,6760.0,248.0,6512.0,5400.0,98.0,5302.0,,,,,,,,,,,,,,,,
share,all_primary_wave_intervals,incident_stroke,basic,mutually_adjusted_components,core,PASS_BASELINE_FREE_RISK_SET,70774,35215,14,14,1597.0,PASS,,,,,activity_loss,risk_ratio,1.426094745028152,0.0694193160031895,1.244682405886879,1.6339479148882126,3.171113713410387e-07,,,,,,,7070.0,188.0,6882.0,6760.0,248.0,6512.0,5400.0,98.0,5302.0,,,,,,,,,,,,,,,,
share,all_primary_wave_intervals,incident_stroke,basic,mutually_adjusted_components,core,PASS_BASELINE_FREE_RISK_SET,70774,35215,14,14,1597.0,PASS,,,,,work_loss,risk_ratio,1.2651485195795016,0.1108902055288767,1.0180089532138628,1.5722855595140834,0.0339283323509128,,,,,,,7070.0,188.0,6882.0,6760.0,248.0,6512.0,5400.0,98.0,5302.0,,,,,,,,,,,,,,,,
share,all_primary_wave_intervals,incident_stroke,full,any_withdrawal,core,PASS_BASELINE_FREE_RISK_SET,43953,25198,17,17,1039.0,PASS,11441.0,320.0,11121.0,,any_withdrawal,risk_ratio,1.252430408469761,0.06888518725331,1.0942547131195512,1.4334705706571258,0.0010848160778036,,,,,,,,,,,,,,,,,,,,,,,,,,,,,,,
share,all_primary_wave_intervals,incident_stroke,full,score_categorical,core,PASS_BASELINE_FREE_RISK_SET,43953,25198,18,18,1039.0,PASS,,,,,loss_1,risk_ratio,1.2234302387316889,0.0712058364938005,1.0640663089999434,1.4066619123105384,0.0046250422341739,10333.0,283.0,10050.0,1108.0,37.0,1071.0,,,,,,,,,,,,,,,,,,,,,,,,,
share,all_primary_wave_intervals,incident_stroke,full,score_categorical,core,PASS_BASELINE_FREE_RISK_SET,43953,25198,18,18,1039.0,PASS,,,,,loss_2plus,risk_ratio,1.5968128994472095,0.1713662108216606,1.141265921175063,2.234195719447824,0.006313287616141,10333.0,283.0,10050.0,1108.0,37.0,1071.0,,,,,,,,,,,,,,,,,,,,,,,,,
share,all_primary_wave_intervals,incident_stroke,full,mutually_adjusted_components,core,PASS_BASELINE_FREE_RISK_SET,43953,25198,19,19,1039.0,PASS,,,,,alcohol_loss,risk_ratio,1.2017861720569731,0.0941272406697129,0.9993231543113636,1.4452682269156638,0.0508467603185638,,,,,,,4847.0,134.0,4713.0,4374.0,166.0,4208.0,3369.0,59.0,3310.0,,,,,,,,,,,,,,,,
share,all_primary_wave_intervals,incident_stroke,full,mutually_adjusted_components,core,PASS_BASELINE_FREE_RISK_SET,43953,25198,19,19,1039.0,PASS,,,,,activity_loss,risk_ratio,1.3032698184798872,0.0864664951042734,1.1001044559426516,1.5439554040395067,0.0021888055429523,,,,,,,4847.0,134.0,4713.0,4374.0,166.0,4208.0,3369.0,59.0,3310.0,,,,,,,,,,,,,,,,
share,all_primary_wave_intervals,incident_stroke,full,mutually_adjusted_components,core,PASS_BASELINE_FREE_RISK_SET,43953,25198,19,19,1039.0,PASS,,,,,work_loss,risk_ratio,1.1572104692380412,0.143316711640256,0.8738179221617062,1.5325115635088915,0.3082937003547049,,,,,,,4847.0,134.0,4713.0,4374.0,166.0,4208.0,3369.0,59.0,3310.0,,,,,,,,,,,,,,,,
share,all_primary_wave_intervals,incident_stroke,full,extended_score_categorical,enrichment,PASS_BASELINE_FREE_RISK_SET,30501,22642,16,16,695.0,PASS,,,,,extended_loss_1,risk_ratio,1.2514982060838205,0.0863749423584556,1.056593043937415,1.482356682942344,0.0093960578434157,,,,,,,,,,,,,,,,,,,,8479.0,213.0,8266.0,1641.0,43.0,1598.0,,,,,,
share,all_primary_wave_intervals,incident_stroke,full,extended_score_categorical,enrichment,PASS_BASELINE_FREE_RISK_SET,30501,22642,16,16,695.0,PASS,,,,,extended_loss_2plus,risk_ratio,1.3849610601810285,0.1696985017138125,0.9930930357464506,1.9314576471438256,0.0549689735028708,,,,,,,,,,,,,,,,,,,,8479.0,213.0,8266.0,1641.0,43.0,1598.0,,,,,,
share,all_primary_wave_intervals,incident_stroke,full,work_exit_phenotype,enrichment,PASS_BASELINE_FREE_RISK_SET,11120,7449,18,18,150.0,NOT_EVALUABLE_EPV,,,,,,,,,,,,,,,,,,,,,,,,,,,,,,,,,,,,,,,,,,
share,all_primary_wave_intervals,incident_any_adl,basic,any_withdrawal,core,PASS_STRICT_COMPLETE_ITEM_COUNTS,68990,34979,12,12,5218.0,PASS,16347.0,1638.0,14709.0,,any_withdrawal,risk_ratio,1.6282016953378795,0.0287527525536881,1.538982974249914,1.7225926505088447,1.7958335514883565e-64,,,,,,,,,,,,,,,,,,,,,,,,,,,,,,,
share,all_primary_wave_intervals,incident_any_adl,basic,score_categorical,core,PASS_STRICT_COMPLETE_ITEM_COUNTS,68990,34979,13,13,5218.0,PASS,,,,,loss_1,risk_ratio,1.5690451387778213,0.0297238349852667,1.4802479335605705,1.6631691162712736,7.012475711815308e-52,14788.0,1451.0,13337.0,1559.0,187.0,1372.0,,,,,,,,,,,,,,,,,,,,,,,,,
share,all_primary_wave_intervals,incident_any_adl,basic,score_categorical,core,PASS_STRICT_COMPLETE_ITEM_COUNTS,68990,34979,13,13,5218.0,PASS,,,,,loss_2plus,risk_ratio,2.48546295073659,0.0721896744181404,2.157542361611692,2.863223540542491,1.8124399277047023e-36,14788.0,1451.0,13337.0,1559.0,187.0,1372.0,,,,,,,,,,,,,,,,,,,,,,,,,
share,all_primary_wave_intervals,incident_any_adl,basic,mutually_adjusted_components,core,PASS_STRICT_COMPLETE_ITEM_COUNTS,68990,34979,14,14,5218.0,PASS,,,,,alcohol_loss,risk_ratio,1.3876195868510128,0.0417228607702201,1.278662292165187,1.5058613440082795,4.108775959229231e-15,,,,,,,6803.0,631.0,6172.0,5815.0,949.0,4866.0,5351.0,247.0,5104.0,,,,,,,,,,,,,,,,
share,all_primary_wave_intervals,incident_any_adl,basic,mutually_adjusted_components,core,PASS_STRICT_COMPLETE_ITEM_COUNTS,68990,34979,14,14,5218.0,PASS,,,,,activity_loss,risk_ratio,1.8286051838579769,0.0334831145445556,1.7124546054297345,1.9526339021367232,1.226573164030769e-72,,,,,,,6803.0,631.0,6172.0,5815.0,949.0,4866.0,5351.0,247.0,5104.0,,,,,,,,,,,,,,,,
share,all_primary_wave_intervals,incident_any_adl,basic,mutually_adjusted_components,core,PASS_STRICT_COMPLETE_ITEM_COUNTS,68990,34979,14,14,5218.0,PASS,,,,,work_loss,risk_ratio,1.1925473801877986,0.0674123509410873,1.0449467162131174,1.3609969120212344,0.0089972806499056,,,,,,,6803.0,631.0,6172.0,5815.0,949.0,4866.0,5351.0,247.0,5104.0,,,,,,,,,,,,,,,,
share,all_primary_wave_intervals,incident_any_adl,full,any_withdrawal,core,PASS_STRICT_COMPLETE_ITEM_COUNTS,42816,24861,17,17,3401.0,PASS,10684.0,1122.0,9562.0,,any_withdrawal,risk_ratio,1.5156596011854258,0.0358729033238886,1.412754190883473,1.626060670348451,4.506745911291215e-31,,,,,,,,,,,,,,,,,,,,,,,,,,,,,,,
share,all_primary_wave_intervals,incident_any_adl,full,score_categorical,core,PASS_STRICT_COMPLETE_ITEM_COUNTS,42816,24861,18,18,3401.0,PASS,,,,,loss_1,risk_ratio,1.4802958690603425,0.0368051718700129,1.3772726017434078,1.5910255218780271,1.6129345313390442e-26,9679.0,1002.0,8677.0,1005.0,120.0,885.0,,,,,,,,,,,,,,,,,,,,,,,,,
share,all_primary_wave_intervals,incident_any_adl,full,score_categorical,core,PASS_STRICT_COMPLETE_ITEM_COUNTS,42816,24861,18,18,3401.0,PASS,,,,,loss_2plus,risk_ratio,2.020327803394766,0.0907217824529472,1.6912169371157968,2.413483654043163,9.057805425573476e-15,9679.0,1002.0,8677.0,1005.0,120.0,885.0,,,,,,,,,,,,,,,,,,,,,,,,,
share,all_primary_wave_intervals,incident_any_adl,full,mutually_adjusted_components,core,PASS_STRICT_COMPLETE_ITEM_COUNTS,42816,24861,19,19,3401.0,PASS,,,,,alcohol_loss,risk_ratio,1.310224032045646,0.0500612643458853,1.187772690038628,1.4452992803649334,6.763256812618242e-08,,,,,,,4674.0,457.0,4217.0,3721.0,633.0,3088.0,3333.0,153.0,3180.0,,,,,,,,,,,,,,,,
share,all_primary_wave_intervals,incident_any_adl,full,mutually_adjusted_components,core,PASS_STRICT_COMPLETE_ITEM_COUNTS,42816,24861,19,19,3401.0,PASS,,,,,activity_loss,risk_ratio,1.6637761781632672,0.0414545885029473,1.5339411287129547,1.8046006585312504,1.1505173415711002e-34,,,,,,,4674.0,457.0,4217.0,3721.0,633.0,3088.0,3333.0,153.0,3180.0,,,,,,,,,,,,,,,,
share,all_primary_wave_intervals,incident_any_adl,full,mutually_adjusted_components,core,PASS_STRICT_COMPLETE_ITEM_COUNTS,42816,24861,19,19,3401.0,PASS,,,,,work_loss,risk_ratio,1.1229736444339251,0.086492025317507,0.9478670321748026,1.3304290193528423,0.1799414724508488,,,,,,,4674.0,457.0,4217.0,3721.0,633.0,3088.0,3333.0,153.0,3180.0,,,,,,,,,,,,,,,,
share,all_primary_wave_intervals,incident_any_adl,full,extended_score_categorical,enrichment,PASS_STRICT_COMPLETE_ITEM_COUNTS,29367,21900,16,16,2524.0,PASS,,,,,extended_loss_1,risk_ratio,1.4351791942595884,0.0433705197340763,1.3182235816988812,1.5625113586430308,8.06334347996261e-17,,,,,,,,,,,,,,,,,,,,8036.0,778.0,7258.0,1520.0,166.0,1354.0,,,,,,
share,all_primary_wave_intervals,incident_any_adl,full,extended_score_categorical,enrichment,PASS_STRICT_COMPLETE_ITEM_COUNTS,29367,21900,16,16,2524.0,PASS,,,,,extended_loss_2plus,risk_ratio,1.8882994651532248,0.0819854497291908,1.6079951288617298,2.217466213732892,8.937243977058298e-15,,,,,,,,,,,,,,,,,,,,8036.0,778.0,7258.0,1520.0,166.0,1354.0,,,,,,
share,all_primary_wave_intervals,incident_any_adl,full,work_exit_phenotype,enrichment,PASS_STRICT_COMPLETE_ITEM_COUNTS,10985,7407,18,18,372.0,PASS,,,,,work_exit_retirement,risk_ratio,1.2008699749357914,0.1168117048300454,0.9551370306502236,1.5098238791145655,0.1171100257774648,,,,,,,,,,,,,,,,,,,,,,,,,,3004.0,130.0,2874.0,329.0,23.0,306.0
share,all_primary_wave_intervals,incident_any_adl,full,work_exit_phenotype,enrichment,PASS_STRICT_COMPLETE_ITEM_COUNTS,10985,7407,18,18,372.0,PASS,,,,,work_exit_no_retirement,risk_ratio,1.9459173445285047,0.213826441142107,1.2797201033118346,2.958923831810879,0.0018492680638452,,,,,,,,,,,,,,,,,,,,,,,,,,3004.0,130.0,2874.0,329.0,23.0,306.0
share,all_primary_wave_intervals,multimorbidity_progression,basic,any_withdrawal,core,PASS_STRICT_COMMON_SIX,75993,37496,13,13,16072.0,PASS,19124.0,4241.0,14883.0,,any_withdrawal,risk_ratio,1.1526929508493908,0.0161258024561626,1.1168306635116352,1.189706803679673,1.2291017908126946e-18,,,,,,,,,,,,,,,,,,,,,,,,,,,,,,,
share,all_primary_wave_intervals,multimorbidity_progression,basic,score_categorical,core,PASS_STRICT_COMMON_SIX,75993,37496,14,14,16072.0,PASS,,,,,loss_1,risk_ratio,1.1362420777066369,0.0167065041698155,1.099639333813879,1.174063185493156,2.0844342516732683e-14,17227.0,3789.0,13438.0,1897.0,452.0,1445.0,,,,,,,,,,,,,,,,,,,,,,,,,
share,all_primary_wave_intervals,multimorbidity_progression,basic,score_categorical,core,PASS_STRICT_COMMON_SIX,75993,37496,14,14,16072.0,PASS,,,,,loss_2plus,risk_ratio,1.334898165957923,0.0420717185861136,1.229239831999515,1.4496382781375168,6.613062961269817e-12,17227.0,3789.0,13438.0,1897.0,452.0,1445.0,,,,,,,,,,,,,,,,,,,,,,,,,
share,all_primary_wave_intervals,multimorbidity_progression,basic,mutually_adjusted_components,core,PASS_STRICT_COMMON_SIX,75993,37496,15,15,16072.0,PASS,,,,,alcohol_loss,risk_ratio,1.1001126056109602,0.022858422935214,1.0519134695003205,1.1505202472585772,2.992123174995888e-05,,,,,,,7705.0,1709.0,5996.0,7702.0,1866.0,5836.0,5686.0,1128.0,4558.0,,,,,,,,,,,,,,,,
share,all_primary_wave_intervals,multimorbidity_progression,basic,mutually_adjusted_components,core,PASS_STRICT_COMMON_SIX,75993,37496,15,15,16072.0,PASS,,,,,activity_loss,risk_ratio,1.2097582589742402,0.0215983984504029,1.159615483691563,1.2620692511774474,1.1817749136345538e-18,,,,,,,7705.0,1709.0,5996.0,7702.0,1866.0,5836.0,5686.0,1128.0,4558.0,,,,,,,,,,,,,,,,
share,all_primary_wave_intervals,multimorbidity_progression,basic,mutually_adjusted_components,core,PASS_STRICT_COMMON_SIX,75993,37496,15,15,16072.0,PASS,,,,,work_loss,risk_ratio,1.0862589643855918,0.0291020277512987,1.0260338351077745,1.1500191293244393,0.0044678615467086,,,,,,,7705.0,1709.0,5996.0,7702.0,1866.0,5836.0,5686.0,1128.0,4558.0,,,,,,,,,,,,,,,,
share,all_primary_wave_intervals,multimorbidity_progression,full,any_withdrawal,core,PASS_STRICT_COMMON_SIX,47088,26785,17,17,10485.0,PASS,12515.0,2890.0,9625.0,,any_withdrawal,risk_ratio,1.1304715157189171,0.0196775011867971,1.0877024445968415,1.1749222907423964,4.598262863473231e-10,,,,,,,,,,,,,,,,,,,,,,,,,,,,,,,
share,all_primary_wave_intervals,multimorbidity_progression,full,score_categorical,core,PASS_STRICT_COMMON_SIX,47088,26785,18,18,10485.0,PASS,,,,,loss_1,risk_ratio,1.1154811094615025,0.0203553708014626,1.071854157720881,1.1608837793858602,7.922156622110533e-08,11283.0,2580.0,8703.0,1232.0,310.0,922.0,,,,,,,,,,,,,,,,,,,,,,,,,
share,all_primary_wave_intervals,multimorbidity_progression,full,score_categorical,core,PASS_STRICT_COMMON_SIX,47088,26785,18,18,10485.0,PASS,,,,,loss_2plus,risk_ratio,1.299570111573079,0.0505679113724002,1.1769451684169463,1.4349712460825177,2.1973792824508065e-07,11283.0,2580.0,8703.0,1232.0,310.0,922.0,,,,,,,,,,,,,,,,,,,,,,,,,
share,all_primary_wave_intervals,multimorbidity_progression,full,mutually_adjusted_components,core,PASS_STRICT_COMMON_SIX,47088,26785,19,19,10485.0,PASS,,,,,alcohol_loss,risk_ratio,1.0653499086232867,0.0273286400544743,1.0097877372670203,1.12396931148662,0.0205379636472744,,,,,,,5284.0,1203.0,4081.0,4972.0,1279.0,3693.0,3536.0,726.0,2810.0,,,,,,,,,,,,,,,,
share,all_primary_wave_intervals,multimorbidity_progression,full,mutually_adjusted_components,core,PASS_STRICT_COMMON_SIX,47088,26785,19,19,10485.0,PASS,,,,,activity_loss,risk_ratio,1.2085285148027995,0.0259969459209772,1.1484927589897154,1.2717025507206874,3.20226579277476e-13,,,,,,,5284.0,1203.0,4081.0,4972.0,1279.0,3693.0,3536.0,726.0,2810.0,,,,,,,,,,,,,,,,
share,all_primary_wave_intervals,multimorbidity_progression,full,mutually_adjusted_components,core,PASS_STRICT_COMMON_SIX,47088,26785,19,19,10485.0,PASS,,,,,work_loss,risk_ratio,1.0667381230139596,0.0363921233999529,0.99330079841028,1.1456048609973295,0.0758548387609845,,,,,,,5284.0,1203.0,4081.0,4972.0,1279.0,3693.0,3536.0,726.0,2810.0,,,,,,,,,,,,,,,,
share,all_primary_wave_intervals,multimorbidity_progression,full,extended_score_categorical,enrichment,PASS_STRICT_COMMON_SIX,33117,24488,16,16,6747.0,PASS,,,,,extended_loss_1,risk_ratio,1.1474747436500228,0.0248990900791257,1.0928208980131078,1.2048619217555374,3.297736385787956e-08,,,,,,,,,,,,,,,,,,,,9211.0,1958.0,7253.0,1819.0,403.0,1416.0,,,,,,
share,all_primary_wave_intervals,multimorbidity_progression,full,extended_score_categorical,enrichment,PASS_STRICT_COMMON_SIX,33117,24488,16,16,6747.0,PASS,,,,,extended_loss_2plus,risk_ratio,1.2777260744580026,0.0478067985588008,1.163441461825976,1.4032368408012383,2.951636033006153e-07,,,,,,,,,,,,,,,,,,,,9211.0,1958.0,7253.0,1819.0,403.0,1416.0,,,,,,
share,all_primary_wave_intervals,multimorbidity_progression,full,work_exit_phenotype,enrichment,PASS_STRICT_COMMON_SIX,11493,7687,18,18,2232.0,PASS,,,,,work_exit_retirement,risk_ratio,1.0635493595140522,0.0440762025571977,0.9755284033092644,1.1595123589283691,0.162159157484709,,,,,,,,,,,,,,,,,,,,,,,,,,3178.0,654.0,2524.0,358.0,72.0,286.0
share,all_primary_wave_intervals,multimorbidity_progression,full,work_exit_phenotype,enrichment,PASS_STRICT_COMMON_SIX,11493,7687,18,18,2232.0,PASS,,,,,work_exit_no_retirement,risk_ratio,1.052439079782556,0.1086327686580971,0.850606282137421,1.3021629864645283,0.6380064753588901,,,,,,,,,,,,,,,,,,,,,,,,,,3178.0,654.0,2524.0,358.0,72.0,286.0
share,all_primary_wave_intervals,mortality,basic,any_withdrawal,core,PASS_SOURCE_STATUS,95846,47811,12,12,4433.0,PASS,25117.0,1940.0,23177.0,,any_withdrawal,risk_ratio,2.0177842583615697,0.0295345114010252,1.9042979851473252,2.138033724263361,7.0230063490123e-125,,,,,,,,,,,,,,,,,,,,,,,,,,,,,,,
share,all_primary_wave_intervals,mortality,basic,score_categorical,core,PASS_SOURCE_STATUS,95846,47811,13,13,4433.0,PASS,,,,,loss_1,risk_ratio,1.9090211840454152,0.0305412212732992,1.7981007120840928,2.026784070904545,1.7646668210554872e-99,22541.0,1664.0,20877.0,2576.0,276.0,2300.0,,,,,,,,,,,,,,,,,,,,,,,,,
share,all_primary_wave_intervals,mortality,basic,score_categorical,core,PASS_SOURCE_STATUS,95846,47811,13,13,4433.0,PASS,,,,,loss_2plus,risk_ratio,3.4698917710644643,0.0634588357656135,3.064076965881687,3.929453808428188,1.3959216931954456e-85,22541.0,1664.0,20877.0,2576.0,276.0,2300.0,,,,,,,,,,,,,,,,,,,,,,,,,
share,all_primary_wave_intervals,mortality,basic,mutually_adjusted_components,core,PASS_SOURCE_STATUS,95846,47811,14,14,4433.0,PASS,,,,,alcohol_loss,risk_ratio,1.835362571008751,0.0392466749153366,1.6994760183014948,1.982114328642592,5.324505304390727e-54,,,,,,,10104.0,792.0,9312.0,10708.0,1229.0,9479.0,6975.0,202.0,6773.0,,,,,,,,,,,,,,,,
share,all_primary_wave_intervals,mortality,basic,mutually_adjusted_components,core,PASS_SOURCE_STATUS,95846,47811,14,14,4433.0,PASS,,,,,activity_loss,risk_ratio,1.9677715143240773,0.0325127727227136,1.8462892757074696,2.0972470476499594,2.87803331696324e-96,,,,,,,10104.0,792.0,9312.0,10708.0,1229.0,9479.0,6975.0,202.0,6773.0,,,,,,,,,,,,,,,,
share,all_primary_wave_intervals,mortality,basic,mutually_adjusted_components,core,PASS_SOURCE_STATUS,95846,47811,14,14,4433.0,PASS,,,,,work_loss,risk_ratio,1.582249971946519,0.0748740841970707,1.366287706332715,1.832348312965872,8.88452302467807e-10,,,,,,,10104.0,792.0,9312.0,10708.0,1229.0,9479.0,6975.0,202.0,6773.0,,,,,,,,,,,,,,,,
share,all_primary_wave_intervals,mortality,full,any_withdrawal,core,PASS_SOURCE_STATUS,61130,35541,17,17,2823.0,PASS,16844.0,1285.0,15559.0,,any_withdrawal,risk_ratio,1.838708258309818,0.0377256430066692,1.7076572295752497,1.979816558395418,1.2406259020436905e-58,,,,,,,,,,,,,,,,,,,,,,,,,,,,,,,
share,all_primary_wave_intervals,mortality,full,score_categorical,core,PASS_SOURCE_STATUS,61130,35541,18,18,2823.0,PASS,,,,,loss_1,risk_ratio,1.7593830463793976,0.0388470277882895,1.6303984460799124,1.8985719173922289,6.442990794409577e-48,15131.0,1107.0,14024.0,1713.0,178.0,1535.0,,,,,,,,,,,,,,,,,,,,,,,,,
share,all_primary_wave_intervals,mortality,full,score_categorical,core,PASS_SOURCE_STATUS,61130,35541,18,18,2823.0,PASS,,,,,loss_2plus,risk_ratio,2.8984698259968726,0.080313223872737,2.47631588454537,3.39259114099521,4.4875936747097435e-40,15131.0,1107.0,14024.0,1713.0,178.0,1535.0,,,,,,,,,,,,,,,,,,,,,,,,,
share,all_primary_wave_intervals,mortality,full,mutually_adjusted_components,core,PASS_SOURCE_STATUS,61130,35541,19,19,2823.0,PASS,,,,,alcohol_loss,risk_ratio,1.6169500508457917,0.049000706422201,1.4688827389739751,1.779942944088562,1.0522020443854069e-22,,,,,,,6998.0,511.0,6487.0,7152.0,825.0,6327.0,4470.0,131.0,4339.0,,,,,,,,,,,,,,,,
share,all_primary_wave_intervals,mortality,full,mutually_adjusted_components,core,PASS_SOURCE_STATUS,61130,35541,19,19,2823.0,PASS,,,,,activity_loss,risk_ratio,1.8186278462342216,0.0407024495636676,1.6791823035886415,1.9696534652789888,7.041797095376046e-49,,,,,,,6998.0,511.0,6487.0,7152.0,825.0,6327.0,4470.0,131.0,4339.0,,,,,,,,,,,,,,,,
share,all_primary_wave_intervals,mortality,full,mutually_adjusted_components,core,PASS_SOURCE_STATUS,61130,35541,19,19,2823.0,PASS,,,,,work_loss,risk_ratio,1.6483126499761611,0.0942104780980134,1.3704004333464292,1.9825844519304887,1.1289913358269381e-07,,,,,,,6998.0,511.0,6487.0,7152.0,825.0,6327.0,4470.0,131.0,4339.0,,,,,,,,,,,,,,,,
share,all_primary_wave_intervals,mortality,full,extended_score_categorical,enrichment,PASS_SOURCE_STATUS,42455,31723,16,16,2252.0,PASS,,,,,extended_loss_1,risk_ratio,1.5681827172337717,0.0472889286671392,1.4293686552147682,1.7204777967243103,1.8307472356407826e-21,,,,,,,,,,,,,,,,,,,,11818.0,699.0,11119.0,2399.0,201.0,2198.0,,,,,,
share,all_primary_wave_intervals,mortality,full,extended_score_categorical,enrichment,PASS_SOURCE_STATUS,42455,31723,16,16,2252.0,PASS,,,,,extended_loss_2plus,risk_ratio,2.8994482373300823,0.0802289357240729,2.477561056612498,3.393175743749747,3.524020215438718e-40,,,,,,,,,,,,,,,,,,,,11818.0,699.0,11119.0,2399.0,201.0,2198.0,,,,,,
share,all_primary_wave_intervals,mortality,full,work_exit_phenotype,enrichment,PASS_SOURCE_STATUS,14504,9914,18,18,254.0,NOT_EVALUABLE_WORK_EXIT_NO_RETIREMENT_EVENTS,,,,,,,,,,,,,,,,,,,,,,,,,,,,,,,,,,,,,4001.0,115.0,3886.0,469.0,16.0,453.0
share,all_primary_wave_intervals,incident_heart_disease,basic,any_withdrawal,core,PASS_BASELINE_FREE_RISK_SET,60349,30506,12,12,3206.0,PASS,14554.0,878.0,13676.0,,any_withdrawal,risk_ratio,1.253656752484983,0.0391885745105602,1.1609707260777449,1.3537423621015126,7.991496914776473e-09,,,,,,,,,,,,,,,,,,,,,,,,,,,,,,,
share,all_primary_wave_intervals,incident_heart_disease,basic,score_categorical,core,PASS_BASELINE_FREE_RISK_SET,60349,30506,13,13,3206.0,PASS,,,,,loss_1,risk_ratio,1.2104412227988426,0.0409000232974558,1.1171964387782412,1.311468514393991,3.018517373851631e-06,13137.0,770.0,12367.0,1417.0,108.0,1309.0,,,,,,,,,,,,,,,,,,,,,,,,,
share,all_primary_wave_intervals,incident_heart_disease,basic,score_categorical,core,PASS_BASELINE_FREE_RISK_SET,60349,30506,13,13,3206.0,PASS,,,,,loss_2plus,risk_ratio,1.751595408866959,0.0966446335112697,1.4493381933351537,2.116887894400728,6.636338342200433e-09,13137.0,770.0,12367.0,1417.0,108.0,1309.0,,,,,,,,,,,,,,,,,,,,,,,,,
share,all_primary_wave_intervals,incident_heart_disease,basic,mutually_adjusted_components,core,PASS_BASELINE_FREE_RISK_SET,60349,30506,14,14,3206.0,PASS,,,,,alcohol_loss,risk_ratio,1.1433288256541154,0.0560325153444563,1.0244156145809082,1.2760453715910989,0.0168268377194506,,,,,,,5927.0,350.0,5577.0,5309.0,432.0,4877.0,4786.0,205.0,4581.0,,,,,,,,,,,,,,,,
share,all_primary_wave_intervals,incident_heart_disease,basic,mutually_adjusted_components,core,PASS_BASELINE_FREE_RISK_SET,60349,30506,14,14,3206.0,PASS,,,,,activity_loss,risk_ratio,1.390057279675464,0.0503123962885749,1.2595247534248748,1.5341177182303003,5.909851262642339e-11,,,,,,,5927.0,350.0,5577.0,5309.0,432.0,4877.0,4786.0,205.0,4581.0,,,,,,,,,,,,,,,,
share,all_primary_wave_intervals,incident_heart_disease,basic,mutually_adjusted_components,core,PASS_BASELINE_FREE_RISK_SET,60349,30506,14,14,3206.0,PASS,,,,,work_loss,risk_ratio,1.151232272479081,0.0752120944474848,0.993441515014438,1.334085323762706,0.0611406538662939,,,,,,,5927.0,350.0,5577.0,5309.0,432.0,4877.0,4786.0,205.0,4581.0,,,,,,,,,,,,,,,,
share,all_primary_wave_intervals,incident_heart_disease,full,any_withdrawal,core,PASS_BASELINE_FREE_RISK_SET,37591,21742,17,17,2089.0,PASS,9613.0,600.0,9013.0,,any_withdrawal,risk_ratio,1.181886175770669,0.0483791110712911,1.0749673629248095,1.2994393882593829,0.000551907133061,,,,,,,,,,,,,,,,,,,,,,,,,,,,,,,
share,all_primary_wave_intervals,incident_heart_disease,full,score_categorical,core,PASS_BASELINE_FREE_RISK_SET,37591,21742,18,18,2089.0,PASS,,,,,loss_1,risk_ratio,1.1513396823500952,0.0503007200294934,1.0432476687435694,1.2706312258051609,0.0050838261237769,8693.0,529.0,8164.0,920.0,71.0,849.0,,,,,,,,,,,,,,,,,,,,,,,,,
share,all_primary_wave_intervals,incident_heart_disease,full,score_categorical,core,PASS_BASELINE_FREE_RISK_SET,37591,21742,18,18,2089.0,PASS,,,,,loss_2plus,risk_ratio,1.5393615041336148,0.1185593583856925,1.2201766584620266,1.94204160846292,0.0002743249546023,8693.0,529.0,8164.0,920.0,71.0,849.0,,,,,,,,,,,,,,,,,,,,,,,,,
share,all_primary_wave_intervals,incident_heart_disease,full,mutually_adjusted_components,core,PASS_BASELINE_FREE_RISK_SET,37591,21742,19,19,2089.0,PASS,,,,,alcohol_loss,risk_ratio,1.093604333123789,0.0670375680614649,0.958953924765982,1.2471615231346862,0.181955376240012,,,,,,,4070.0,248.0,3822.0,3482.0,304.0,3178.0,3014.0,120.0,2894.0,,,,,,,,,,,,,,,,
share,all_primary_wave_intervals,incident_heart_disease,full,mutually_adjusted_components,core,PASS_BASELINE_FREE_RISK_SET,37591,21742,19,19,2089.0,PASS,,,,,activity_loss,risk_ratio,1.3262902721695822,0.0605616636518535,1.177845705178865,1.4934433927273514,3.119646526493922e-06,,,,,,,4070.0,248.0,3822.0,3482.0,304.0,3178.0,3014.0,120.0,2894.0,,,,,,,,,,,,,,,,
share,all_primary_wave_intervals,incident_heart_disease,full,mutually_adjusted_components,core,PASS_BASELINE_FREE_RISK_SET,37591,21742,19,19,2089.0,PASS,,,,,work_loss,risk_ratio,1.0265468026306663,0.09860696401571,0.8461441470733297,1.245412311408352,0.7904649482219919,,,,,,,4070.0,248.0,3822.0,3482.0,304.0,3178.0,3014.0,120.0,2894.0,,,,,,,,,,,,,,,,
share,all_primary_wave_intervals,incident_hypertension,basic,any_withdrawal,core,PASS_BASELINE_FREE_RISK_SET,34445,18251,12,12,4237.0,PASS,8010.0,1086.0,6924.0,,any_withdrawal,risk_ratio,1.234075139292168,0.0336717638377254,1.1552610896211533,1.3182660292994068,4.2045926012941367e-10,,,,,,,,,,,,,,,,,,,,,,,,,,,,,,,
share,all_primary_wave_intervals,incident_hypertension,basic,score_categorical,core,PASS_BASELINE_FREE_RISK_SET,34445,18251,13,13,4237.0,PASS,,,,,loss_1,risk_ratio,1.216094026533782,0.0348068960950591,1.1358983574801718,1.3019515977220368,1.900276935088497e-08,7247.0,975.0,6272.0,763.0,111.0,652.0,,,,,,,,,,,,,,,,,,,,,,,,,
share,all_primary_wave_intervals,incident_hypertension,basic,score_categorical,core,PASS_BASELINE_FREE_RISK_SET,34445,18251,13,13,4237.0,PASS,,,,,loss_2plus,risk_ratio,1.439909145637681,0.0906092919263987,1.2056141069524564,1.719736303461152,5.73032172284782e-05,7247.0,975.0,6272.0,763.0,111.0,652.0,,,,,,,,,,,,,,,,,,,,,,,,,
share,all_primary_wave_intervals,incident_hypertension,basic,mutually_adjusted_components,core,PASS_BASELINE_FREE_RISK_SET,34445,18251,14,14,4237.0,PASS,,,,,alcohol_loss,risk_ratio,1.178905310571532,0.0473512967351401,1.0744183751265304,1.293553576026738,0.0005092249857675,,,,,,,3313.0,454.0,2859.0,2610.0,453.0,2157.0,2874.0,292.0,2582.0,,,,,,,,,,,,,,,,
share,all_primary_wave_intervals,incident_hypertension,basic,mutually_adjusted_components,core,PASS_BASELINE_FREE_RISK_SET,34445,18251,14,14,4237.0,PASS,,,,,activity_loss,risk_ratio,1.3516135464545354,0.0462777241747761,1.2344140766891991,1.479940332387649,7.481518224179012e-11,,,,,,,3313.0,454.0,2859.0,2610.0,453.0,2157.0,2874.0,292.0,2582.0,,,,,,,,,,,,,,,,
share,all_primary_wave_intervals,incident_hypertension,basic,mutually_adjusted_components,core,PASS_BASELINE_FREE_RISK_SET,34445,18251,14,14,4237.0,PASS,,,,,work_loss,risk_ratio,1.0410898405770284,0.060177913876189,0.9252618913432874,1.171417591379617,0.5033994051360282,,,,,,,3313.0,454.0,2859.0,2610.0,453.0,2157.0,2874.0,292.0,2582.0,,,,,,,,,,,,,,,,
share,all_primary_wave_intervals,incident_hypertension,full,any_withdrawal,core,PASS_BASELINE_FREE_RISK_SET,21731,13126,17,17,2746.0,PASS,5370.0,715.0,4655.0,,any_withdrawal,risk_ratio,1.085561385632012,0.0419587698996491,0.9998595913157936,1.1786090089154293,0.0503924676507075,,,,,,,,,,,,,,,,,,,,,,,,,,,,,,,
share,all_primary_wave_intervals,incident_hypertension,full,score_categorical,core,PASS_BASELINE_FREE_RISK_SET,21731,13126,18,18,2746.0,PASS,,,,,loss_1,risk_ratio,1.0770782534827952,0.0432559810264633,0.9895271159416617,1.1723757191045412,0.0860571973904945,4861.0,641.0,4220.0,509.0,74.0,435.0,,,,,,,,,,,,,,,,,,,,,,,,,
share,all_primary_wave_intervals,incident_hypertension,full,score_categorical,core,PASS_BASELINE_FREE_RISK_SET,21731,13126,18,18,2746.0,PASS,,,,,loss_2plus,risk_ratio,1.1765599804269484,0.1120084862618358,0.94465292974286,1.465398924787196,0.1466044353574536,4861.0,641.0,4220.0,509.0,74.0,435.0,,,,,,,,,,,,,,,,,,,,,,,,,
share,all_primary_wave_intervals,incident_hypertension,full,mutually_adjusted_components,core,PASS_BASELINE_FREE_RISK_SET,21731,13126,19,19,2746.0,PASS,,,,,alcohol_loss,risk_ratio,1.028283300385109,0.0578021902368452,0.9181454138743088,1.1516329874034996,0.6294365910124116,,,,,,,2315.0,309.0,2006.0,1744.0,302.0,1442.0,1838.0,180.0,1658.0,,,,,,,,,,,,,,,,
share,all_primary_wave_intervals,incident_hypertension,full,mutually_adjusted_components,core,PASS_BASELINE_FREE_RISK_SET,21731,13126,19,19,2746.0,PASS,,,,,activity_loss,risk_ratio,1.2230369609942724,0.0573129583083901,1.0930869346696084,1.3684359043320058,0.0004431748051054,,,,,,,2315.0,309.0,2006.0,1744.0,302.0,1442.0,1838.0,180.0,1658.0,,,,,,,,,,,,,,,,
share,all_primary_wave_intervals,incident_hypertension,full,mutually_adjusted_components,core,PASS_BASELINE_FREE_RISK_SET,21731,13126,19,19,2746.0,PASS,,,,,work_loss,risk_ratio,0.937594578804187,0.0767012871023009,0.8067274480977407,1.0896909436710944,0.4008458083924788,,,,,,,2315.0,309.0,2006.0,1744.0,302.0,1442.0,1838.0,180.0,1658.0,,,,,,,,,,,,,,,,
share,all_primary_wave_intervals,incident_any_iadl,basic,any_withdrawal,core,PASS_STRICT_COMPLETE_ITEM_COUNTS,71241,35637,12,12,4363.0,PASS,16813.0,1456.0,15357.0,,any_withdrawal,risk_ratio,1.8563185027646416,0.0305125722112613,1.748558412421319,1.9707196277959167,2.2061621822817028e-91,,,,,,,,,,,,,,,,,,,,,,,,,,,,,,,
share,all_primary_wave_intervals,incident_any_iadl,basic,score_categorical,core,PASS_STRICT_COMPLETE_ITEM_COUNTS,71241,35637,13,13,4363.0,PASS,,,,,loss_1,risk_ratio,1.74851246291926,0.0317651530073229,1.642972086259712,1.860832486779508,2.9121815758492384e-69,15189.0,1265.0,13924.0,1624.0,191.0,1433.0,,,,,,,,,,,,,,,,,,,,,,,,,
share,all_primary_wave_intervals,incident_any_iadl,basic,score_categorical,core,PASS_STRICT_COMPLETE_ITEM_COUNTS,71241,35637,13,13,4363.0,PASS,,,,,loss_2plus,risk_ratio,3.665943692965537,0.0722150803752739,3.1821174289485508,4.223333506719273,2.3709045577672797e-72,15189.0,1265.0,13924.0,1624.0,191.0,1433.0,,,,,,,,,,,,,,,,,,,,,,,,,
share,all_primary_wave_intervals,incident_any_iadl,basic,mutually_adjusted_components,core,PASS_STRICT_COMPLETE_ITEM_COUNTS,71241,35637,14,14,4363.0,PASS,,,,,alcohol_loss,risk_ratio,1.6374571843513737,0.0441719061514298,1.5016570464906691,1.7855382071758477,6.10297166791217e-29,,,,,,,6973.0,564.0,6409.0,6004.0,912.0,5092.0,5526.0,177.0,5349.0,,,,,,,,,,,,,,,,
share,all_primary_wave_intervals,incident_any_iadl,basic,mutually_adjusted_components,core,PASS_STRICT_COMPLETE_ITEM_COUNTS,71241,35637,14,14,4363.0,PASS,,,,,activity_loss,risk_ratio,2.000132813970989,0.0344227509964052,1.8696406247859576,2.1397327488973987,3.412555842562149e-90,,,,,,,6973.0,564.0,6409.0,6004.0,912.0,5092.0,5526.0,177.0,5349.0,,,,,,,,,,,,,,,,
share,all_primary_wave_intervals,incident_any_iadl,basic,mutually_adjusted_components,core,PASS_STRICT_COMPLETE_ITEM_COUNTS,71241,35637,14,14,4363.0,PASS,,,,,work_loss,risk_ratio,1.485249930060946,0.0793584099400553,1.2713043692594292,1.7352000103886085,6.203701765996626e-07,,,,,,,6973.0,564.0,6409.0,6004.0,912.0,5092.0,5526.0,177.0,5349.0,,,,,,,,,,,,,,,,
share,all_primary_wave_intervals,incident_any_iadl,full,any_withdrawal,core,PASS_STRICT_COMPLETE_ITEM_COUNTS,44192,25438,17,17,2816.0,PASS,11021.0,946.0,10075.0,,any_withdrawal,risk_ratio,1.581209144836531,0.038399954780758,1.4665714174860922,1.7048077781308486,8.057339028135696e-33,,,,,,,,,,,,,,,,,,,,,,,,,,,,,,,
share,all_primary_wave_intervals,incident_any_iadl,full,score_categorical,core,PASS_STRICT_COMPLETE_ITEM_COUNTS,44192,25438,18,18,2816.0,PASS,,,,,loss_1,risk_ratio,1.5057935936757942,0.0398613248364769,1.3926289655604989,1.6281539468357136,9.7609234244384e-25,9959.0,823.0,9136.0,1062.0,123.0,939.0,,,,,,,,,,,,,,,,,,,,,,,,,
share,all_primary_wave_intervals,incident_any_iadl,full,score_categorical,core,PASS_STRICT_COMPLETE_ITEM_COUNTS,44192,25438,18,18,2816.0,PASS,,,,,loss_2plus,risk_ratio,2.7307359175169283,0.0905984112126793,2.286452561509186,3.261348508492579,1.4317717403296683e-28,9959.0,823.0,9136.0,1062.0,123.0,939.0,,,,,,,,,,,,,,,,,,,,,,,,,
share,all_primary_wave_intervals,incident_any_iadl,full,mutually_adjusted_components,core,PASS_STRICT_COMPLETE_ITEM_COUNTS,44192,25438,19,19,2816.0,PASS,,,,,alcohol_loss,risk_ratio,1.4497612249616427,0.0527186963636349,1.3074414348442116,1.60757304563529,1.8557132622774014e-12,,,,,,,4810.0,400.0,4410.0,3878.0,576.0,3302.0,3436.0,98.0,3338.0,,,,,,,,,,,,,,,,
share,all_primary_wave_intervals,incident_any_iadl,full,mutually_adjusted_components,core,PASS_STRICT_COMPLETE_ITEM_COUNTS,44192,25438,19,19,2816.0,PASS,,,,,activity_loss,risk_ratio,1.7142205583005925,0.04365732343789,1.5736404776983657,1.8673592628974391,5.170407602126892e-35,,,,,,,4810.0,400.0,4410.0,3878.0,576.0,3302.0,3436.0,98.0,3338.0,,,,,,,,,,,,,,,,
share,all_primary_wave_intervals,incident_any_iadl,full,mutually_adjusted_components,core,PASS_STRICT_COMPLETE_ITEM_COUNTS,44192,25438,19,19,2816.0,PASS,,,,,work_loss,risk_ratio,1.2322086031611117,0.105979919141766,1.0010919426592673,1.5166819120239798,0.0488083899497687,,,,,,,4810.0,400.0,4410.0,3878.0,576.0,3302.0,3436.0,98.0,3338.0,,,,,,,,,,,,,,,,
share,all_primary_wave_intervals,iadl_count_increase,basic,any_withdrawal,core,PASS_STRICT_COMPLETE_ITEM_COUNTS,75840,37409,13,13,5451.0,PASS,19102.0,2041.0,17061.0,,any_withdrawal,risk_ratio,1.762571951310636,0.0275657738519009,1.66987062664677,1.8604195043453136,6.162200381746494e-94,,,,,,,,,,,,,,,,,,,,,,,,,,,,,,,
share,all_primary_wave_intervals,iadl_count_increase,basic,score_categorical,core,PASS_STRICT_COMPLETE_ITEM_COUNTS,75840,37409,14,14,5451.0,PASS,,,,,loss_1,risk_ratio,1.689293465727465,0.0282286809421168,1.5983681074648648,1.785391237488915,5.2483687302174885e-77,17207.0,1802.0,15405.0,1895.0,239.0,1656.0,,,,,,,,,,,,,,,,,,,,,,,,,
share,all_primary_wave_intervals,iadl_count_increase,basic,score_categorical,core,PASS_STRICT_COMPLETE_ITEM_COUNTS,75840,37409,14,14,5451.0,PASS,,,,,loss_2plus,risk_ratio,3.022285452613086,0.0671037045063771,2.649822014772349,3.4471029775414634,4.930008186846955e-61,17207.0,1802.0,15405.0,1895.0,239.0,1656.0,,,,,,,,,,,,,,,,,,,,,,,,,
share,all_primary_wave_intervals,iadl_count_increase,basic,mutually_adjusted_components,core,PASS_STRICT_COMPLETE_ITEM_COUNTS,75840,37409,15,15,5451.0,PASS,,,,,alcohol_loss,risk_ratio,1.55508691910197,0.0394685862198966,1.439325258208664,1.6801590274124605,4.7262903023678364e-29,,,,,,,7697.0,724.0,6973.0,7692.0,1360.0,6332.0,5680.0,202.0,5478.0,,,,,,,,,,,,,,,,
share,all_primary_wave_intervals,iadl_count_increase,basic,mutually_adjusted_components,core,PASS_STRICT_COMPLETE_ITEM_COUNTS,75840,37409,15,15,5451.0,PASS,,,,,activity_loss,risk_ratio,1.8502290826785053,0.0308591225889149,1.7416391169355248,1.9655895558965424,1.8562544073220128e-88,,,,,,,7697.0,724.0,6973.0,7692.0,1360.0,6332.0,5680.0,202.0,5478.0,,,,,,,,,,,,,,,,
share,all_primary_wave_intervals,iadl_count_increase,basic,mutually_adjusted_components,core,PASS_STRICT_COMPLETE_ITEM_COUNTS,75840,37409,15,15,5451.0,PASS,,,,,work_loss,risk_ratio,1.4535650056846452,0.0739008234713942,1.2575636162032355,1.6801147858666607,4.168532013544063e-07,,,,,,,7697.0,724.0,6973.0,7692.0,1360.0,6332.0,5680.0,202.0,5478.0,,,,,,,,,,,,,,,,
share,all_primary_wave_intervals,iadl_count_increase,full,any_withdrawal,core,PASS_STRICT_COMPLETE_ITEM_COUNTS,47077,26781,18,18,3515.0,PASS,12508.0,1346.0,11162.0,,any_withdrawal,risk_ratio,1.5739955224399549,0.034271455528213,1.4717416372907115,1.6833538182841097,5.436149186355211e-40,,,,,,,,,,,,,,,,,,,,,,,,,,,,,,,
share,all_primary_wave_intervals,iadl_count_increase,full,score_categorical,core,PASS_STRICT_COMPLETE_ITEM_COUNTS,47077,26781,19,19,3515.0,PASS,,,,,loss_1,risk_ratio,1.521454365821937,0.0350729396565292,1.4203807911690018,1.6297202846382388,5.3845496208019525e-33,11278.0,1192.0,10086.0,1230.0,154.0,1076.0,,,,,,,,,,,,,,,,,,,,,,,,,
share,all_primary_wave_intervals,iadl_count_increase,full,score_categorical,core,PASS_STRICT_COMPLETE_ITEM_COUNTS,47077,26781,19,19,3515.0,PASS,,,,,loss_2plus,risk_ratio,2.436020179119127,0.0839105655053799,2.0665983517072246,2.8714792635798454,2.6521564062171024e-26,11278.0,1192.0,10086.0,1230.0,154.0,1076.0,,,,,,,,,,,,,,,,,,,,,,,,,
share,all_primary_wave_intervals,iadl_count_increase,full,mutually_adjusted_components,core,PASS_STRICT_COMPLETE_ITEM_COUNTS,47077,26781,20,20,3515.0,PASS,,,,,alcohol_loss,risk_ratio,1.4336646084718183,0.0473777469904937,1.3065305016017763,1.5731697094440484,2.8836225088225905e-14,,,,,,,5281.0,508.0,4773.0,4968.0,882.0,4086.0,3534.0,115.0,3419.0,,,,,,,,,,,,,,,,
share,all_primary_wave_intervals,iadl_count_increase,full,mutually_adjusted_components,core,PASS_STRICT_COMPLETE_ITEM_COUNTS,47077,26781,20,20,3515.0,PASS,,,,,activity_loss,risk_ratio,1.6539652777206066,0.0382708860992779,1.5344408461325008,1.7827999996222608,1.7534053599381355e-39,,,,,,,5281.0,508.0,4773.0,4968.0,882.0,4086.0,3534.0,115.0,3419.0,,,,,,,,,,,,,,,,
share,all_primary_wave_intervals,iadl_count_increase,full,mutually_adjusted_components,core,PASS_STRICT_COMPLETE_ITEM_COUNTS,47077,26781,20,20,3515.0,PASS,,,,,work_loss,risk_ratio,1.2563598892149903,0.0978556048269773,1.037096624495757,1.5219798560194435,0.0196903218767468,,,,,,,5281.0,508.0,4773.0,4968.0,882.0,4086.0,3534.0,115.0,3419.0,,,,,,,,,,,,,,,,
share,all_primary_wave_intervals,word_recall_change,basic,any_withdrawal,core,PASS_BASELINE_ADJUSTED_CHANGE_CANDIDATE,73127,36049,13,13,,PASS,17983.0,,,,any_withdrawal,mean_difference,-0.3865831050302645,0.024891560990079,-0.4353696680898016,-0.3377965419707275,2.150549961226334e-54,,,,,,,,,,,,,,,,-0.1249003869401185,0.0080421662476973,-0.1406627431432889,-0.1091380307369481,,,,,,,,,,,,
share,all_primary_wave_intervals,word_recall_change,basic,score_categorical,core,PASS_BASELINE_ADJUSTED_CHANGE_CANDIDATE,73127,36049,14,14,,PASS,,,,,loss_1,mean_difference,-0.3600819973922199,0.0256583704738236,-0.4103714794229001,-0.3097925153615397,9.695149933587288e-45,16249.0,,,1734.0,,,,,,,,,,,,-0.1163381953821756,0.0082899132391794,-0.132586126765929,-0.1000902639984221,,,,,,,,,,,,
share,all_primary_wave_intervals,word_recall_change,basic,score_categorical,core,PASS_BASELINE_ADJUSTED_CHANGE_CANDIDATE,73127,36049,14,14,,PASS,,,,,loss_2plus,mean_difference,-0.6639023888253671,0.0691094646192116,-0.7993544504698671,-0.5284503271808672,7.503256134657875e-22,16249.0,,,1734.0,,,,,,,,,,,,-0.2144989374232112,0.0223284431208865,-0.2582618817709999,-0.1707359930754224,,,,,,,,,,,,
share,all_primary_wave_intervals,word_recall_change,basic,mutually_adjusted_components,core,PASS_BASELINE_ADJUSTED_CHANGE_CANDIDATE,73127,36049,15,15,,PASS,,,,,alcohol_loss,mean_difference,-0.3529618560050816,0.0351770178819946,-0.4219075441373127,-0.2840161678728505,1.081838454599442e-23,,,,,,,7266.0,,,6986.0,,,5533.0,,,-0.1140377626867211,0.0113652746012183,-0.136313291579517,-0.0917622337939252,,,,,,,,,,,,
share,all_primary_wave_intervals,word_recall_change,basic,mutually_adjusted_components,core,PASS_BASELINE_ADJUSTED_CHANGE_CANDIDATE,73127,36049,15,15,,PASS,,,,,activity_loss,mean_difference,-0.4123355050870132,0.0370764219527234,-0.4850039567899613,-0.3396670533840651,9.889634491962324e-29,,,,,,,7266.0,,,6986.0,,,5533.0,,,-0.1332206800151944,0.0119789493849911,-0.1566989893824053,-0.1097423706479835,,,,,,,,,,,,
share,all_primary_wave_intervals,word_recall_change,basic,mutually_adjusted_components,core,PASS_BASELINE_ADJUSTED_CHANGE_CANDIDATE,73127,36049,15,15,,PASS,,,,,work_loss,mean_difference,-0.25126245103436,0.0406774344075049,-0.3309887574565602,-0.1715361446121599,6.535203711038265e-10,,,,,,,7266.0,,,6986.0,,,5533.0,,,-0.0811798988350959,0.0131423935270811,-0.1069385168188272,-0.0554212808513647,,,,,,,,,,,,
share,all_primary_wave_intervals,word_recall_change,full,any_withdrawal,core,PASS_BASELINE_ADJUSTED_CHANGE_CANDIDATE,45512,25873,18,18,,PASS,11872.0,,,,any_withdrawal,mean_difference,-0.2632889041158867,0.0303882672031251,-0.3228488133865916,-0.2037289948451817,4.54841728965885e-18,,,,,,,,,,,,,,,,-0.0849533498217366,0.0098051420087464,-0.1041710750221803,-0.0657356246212929,,,,,,,,,,,,
share,all_primary_wave_intervals,word_recall_change,full,score_categorical,core,PASS_BASELINE_ADJUSTED_CHANGE_CANDIDATE,45512,25873,19,19,,PASS,,,,,loss_1,mean_difference,-0.2522285821510776,0.0312920964664777,-0.3135599642261271,-0.190897200076028,7.601006222306175e-16,10718.0,,,1154.0,,,,,,,,,,,,-0.0813846031471563,0.0100967734538563,-0.1011739154767748,-0.0615952908175377,,,,,,,,,,,,
share,all_primary_wave_intervals,word_recall_change,full,score_categorical,core,PASS_BASELINE_ADJUSTED_CHANGE_CANDIDATE,45512,25873,19,19,,PASS,,,,,loss_2plus,mean_difference,-0.382146428619069,0.0839837432714695,-0.5467515407180075,-0.2175413165201307,5.358403210686713e-06,10718.0,,,1154.0,,,,,,,,,,,,-0.1233041678783157,0.0270983706869003,-0.1764159984643565,-0.0701923372922751,,,,,,,,,,,,
share,all_primary_wave_intervals,word_recall_change,full,mutually_adjusted_components,core,PASS_BASELINE_ADJUSTED_CHANGE_CANDIDATE,45512,25873,20,20,,PASS,,,,,alcohol_loss,mean_difference,-0.2074127923608579,0.042098258562804,-0.2899238629558088,-0.124901721765907,8.355583282258307e-07,,,,,,,5039.0,,,4565.0,,,3464.0,,,-0.0669242464512654,0.0135835123723925,-0.0935474414847089,-0.0403010514178218,,,,,,,,,,,,
share,all_primary_wave_intervals,word_recall_change,full,mutually_adjusted_components,core,PASS_BASELINE_ADJUSTED_CHANGE_CANDIDATE,45512,25873,20,20,,PASS,,,,,activity_loss,mean_difference,-0.2992317944176485,0.0450433497628994,-0.3875151376959722,-0.2109484511393248,3.0695351750678975e-11,,,,,,,5039.0,,,4565.0,,,3464.0,,,-0.0965507581654847,0.014533781673785,-0.1250364468052717,-0.0680650695256977,,,,,,,,,,,,
share,all_primary_wave_intervals,word_recall_change,full,mutually_adjusted_components,core,PASS_BASELINE_ADJUSTED_CHANGE_CANDIDATE,45512,25873,20,20,,PASS,,,,,work_loss,mean_difference,-0.1544052573548638,0.0510844226185919,-0.2545288858583273,-0.0542816288514003,0.0025065409082257,,,,,,,5039.0,,,4565.0,,,3464.0,,,-0.0498207240689849,0.016483006907304,-0.0821268239642258,-0.017514624173744,,,,,,,,,,,,
