cohort,outcome_id,analysis_family,model_id,outcome_coding_status,n,people,events,nonevents,parameters,matrix_rank,model_status,any_withdrawal_n,any_withdrawal_events,any_withdrawal_nonevents,warnings,term,estimate_scale,estimate,standard_error,ci_low,ci_high,p_value,two_domain_any_n,two_domain_any_events,two_domain_any_nonevents,alcohol_loss_n,alcohol_loss_events,alcohol_loss_nonevents,activity_loss_n,activity_loss_events,activity_loss_nonevents,work_loss_n,work_loss_events,work_loss_nonevents,loss_1_n,loss_1_events,loss_1_nonevents,loss_2plus_n,loss_2plus_events,loss_2plus_nonevents,direction_expansion_n,direction_expansion_events,direction_expansion_nonevents,direction_mixed_n,direction_mixed_events,direction_mixed_nonevents,direction_contraction_1_n,direction_contraction_1_events,direction_contraction_1_nonevents,direction_contraction_2_plus_n,direction_contraction_2_plus_events,direction_contraction_2_plus_nonevents
charls,incident_diabetes,specificity,any_withdrawal,PASS_BASELINE_FREE_RISK_SET,1087,1087,24,1063,15,15,NOT_EVALUABLE_EPV,,,,,,,,,,,,,,,,,,,,,,,,,,,,,,,,,,,,,,,,,
charls,incident_diabetes,specificity,two_domain_any_current_adjusted,PASS_BASELINE_FREE_RISK_SET,1087,1087,24,1063,15,15,NOT_EVALUABLE_EPV,,,,,,,,,,,,,,,,,,,,,,,,,,,,,,,,,,,,,,,,,
charls,incident_diabetes,specificity,domain_specific_current_adjusted,PASS_BASELINE_FREE_RISK_SET,1087,1087,24,1063,17,17,NOT_EVALUABLE_EPV,,,,,,,,,,,,,,,,,,,,,,,,,,,,,,,,,,,,,,,,,
charls,incident_diabetes,specificity,withdrawal_gradient,PASS_BASELINE_FREE_RISK_SET,1087,1087,24,1063,16,16,NOT_EVALUABLE_EPV,,,,,,,,,,,,,,,,,,,,,,,,,,,,,,,,,,,,,,,,,
charls,incident_diabetes,specificity,direction_symmetry,PASS_BASELINE_FREE_RISK_SET,1087,1087,24,1063,18,18,NOT_EVALUABLE_EPV,,,,,,,,,,,,,,,,,,,,,,,,,,,,,,,,,,,,,,,,,
charls,incident_diabetes,current_state_decomposition,three_domain_any_without_current_states,PASS_BASELINE_FREE_RISK_SET,1087,1087,24,1063,12,12,NOT_EVALUABLE_EPV,,,,,,,,,,,,,,,,,,,,,,,,,,,,,,,,,,,,,,,,,
charls,incident_diabetes,current_state_decomposition,two_domain_any_without_current_states,PASS_BASELINE_FREE_RISK_SET,1087,1087,24,1063,12,12,NOT_EVALUABLE_EPV,,,,,,,,,,,,,,,,,,,,,,,,,,,,,,,,,,,,,,,,,
charls,incident_diabetes,current_state_decomposition,domain_specific_without_current_states,PASS_BASELINE_FREE_RISK_SET,1087,1087,24,1063,14,14,NOT_EVALUABLE_EPV,,,,,,,,,,,,,,,,,,,,,,,,,,,,,,,,,,,,,,,,,
charls,incident_stroke,specificity,any_withdrawal,PASS_BASELINE_FREE_RISK_SET,1156,1156,7,1149,15,15,NOT_EVALUABLE_EPV,,,,,,,,,,,,,,,,,,,,,,,,,,,,,,,,,,,,,,,,,
charls,incident_stroke,specificity,two_domain_any_current_adjusted,PASS_BASELINE_FREE_RISK_SET,1156,1156,7,1149,15,15,NOT_EVALUABLE_EPV,,,,,,,,,,,,,,,,,,,,,,,,,,,,,,,,,,,,,,,,,
charls,incident_stroke,specificity,domain_specific_current_adjusted,PASS_BASELINE_FREE_RISK_SET,1156,1156,7,1149,17,17,NOT_EVALUABLE_EPV,,,,,,,,,,,,,,,,,,,,,,,,,,,,,,,,,,,,,,,,,
charls,incident_stroke,specificity,withdrawal_gradient,PASS_BASELINE_FREE_RISK_SET,1156,1156,7,1149,16,16,NOT_EVALUABLE_EPV,,,,,,,,,,,,,,,,,,,,,,,,,,,,,,,,,,,,,,,,,
charls,incident_stroke,specificity,direction_symmetry,PASS_BASELINE_FREE_RISK_SET,1156,1156,7,1149,18,18,NOT_EVALUABLE_EPV,,,,,,,,,,,,,,,,,,,,,,,,,,,,,,,,,,,,,,,,,
charls,incident_stroke,current_state_decomposition,three_domain_any_without_current_states,PASS_BASELINE_FREE_RISK_SET,1156,1156,7,1149,12,12,NOT_EVALUABLE_EPV,,,,,,,,,,,,,,,,,,,,,,,,,,,,,,,,,,,,,,,,,
charls,incident_stroke,current_state_decomposition,two_domain_any_without_current_states,PASS_BASELINE_FREE_RISK_SET,1156,1156,7,1149,12,12,NOT_EVALUABLE_EPV,,,,,,,,,,,,,,,,,,,,,,,,,,,,,,,,,,,,,,,,,
charls,incident_stroke,current_state_decomposition,domain_specific_without_current_states,PASS_BASELINE_FREE_RISK_SET,1156,1156,7,1149,14,14,NOT_EVALUABLE_EPV,,,,,,,,,,,,,,,,,,,,,,,,,,,,,,,,,,,,,,,,,
charls,incident_heart_disease,specificity,any_withdrawal,PASS_BASELINE_FREE_RISK_SET,1005,1005,34,971,15,15,NOT_EVALUABLE_EPV,,,,,,,,,,,,,,,,,,,,,,,,,,,,,,,,,,,,,,,,,
charls,incident_heart_disease,specificity,two_domain_any_current_adjusted,PASS_BASELINE_FREE_RISK_SET,1005,1005,34,971,15,15,NOT_EVALUABLE_EPV,,,,,,,,,,,,,,,,,,,,,,,,,,,,,,,,,,,,,,,,,
charls,incident_heart_disease,specificity,domain_specific_current_adjusted,PASS_BASELINE_FREE_RISK_SET,1005,1005,34,971,17,17,NOT_EVALUABLE_EPV,,,,,,,,,,,,,,,,,,,,,,,,,,,,,,,,,,,,,,,,,
charls,incident_heart_disease,specificity,withdrawal_gradient,PASS_BASELINE_FREE_RISK_SET,1005,1005,34,971,16,16,NOT_EVALUABLE_EPV,,,,,,,,,,,,,,,,,,,,,,,,,,,,,,,,,,,,,,,,,
charls,incident_heart_disease,specificity,direction_symmetry,PASS_BASELINE_FREE_RISK_SET,1005,1005,34,971,18,18,NOT_EVALUABLE_EPV,,,,,,,,,,,,,,,,,,,,,,,,,,,,,,,,,,,,,,,,,
charls,incident_heart_disease,current_state_decomposition,three_domain_any_without_current_states,PASS_BASELINE_FREE_RISK_SET,1005,1005,34,971,12,12,NOT_EVALUABLE_EPV,,,,,,,,,,,,,,,,,,,,,,,,,,,,,,,,,,,,,,,,,
charls,incident_heart_disease,current_state_decomposition,two_domain_any_without_current_states,PASS_BASELINE_FREE_RISK_SET,1005,1005,34,971,12,12,NOT_EVALUABLE_EPV,,,,,,,,,,,,,,,,,,,,,,,,,,,,,,,,,,,,,,,,,
charls,incident_heart_disease,current_state_decomposition,domain_specific_without_current_states,PASS_BASELINE_FREE_RISK_SET,1005,1005,34,971,14,14,NOT_EVALUABLE_EPV,,,,,,,,,,,,,,,,,,,,,,,,,,,,,,,,,,,,,,,,,
charls,incident_hypertension,specificity,any_withdrawal,PASS_BASELINE_FREE_RISK_SET,777,777,51,726,15,15,NOT_EVALUABLE_EPV,,,,,,,,,,,,,,,,,,,,,,,,,,,,,,,,,,,,,,,,,
charls,incident_hypertension,specificity,two_domain_any_current_adjusted,PASS_BASELINE_FREE_RISK_SET,777,777,51,726,15,15,NOT_EVALUABLE_EPV,,,,,,,,,,,,,,,,,,,,,,,,,,,,,,,,,,,,,,,,,
charls,incident_hypertension,specificity,domain_specific_current_adjusted,PASS_BASELINE_FREE_RISK_SET,777,777,51,726,17,17,NOT_EVALUABLE_EPV,,,,,,,,,,,,,,,,,,,,,,,,,,,,,,,,,,,,,,,,,
charls,incident_hypertension,specificity,withdrawal_gradient,PASS_BASELINE_FREE_RISK_SET,777,777,51,726,16,16,NOT_EVALUABLE_EPV,,,,,,,,,,,,,,,,,,,,,,,,,,,,,,,,,,,,,,,,,
charls,incident_hypertension,specificity,direction_symmetry,PASS_BASELINE_FREE_RISK_SET,777,777,51,726,18,18,NOT_EVALUABLE_EPV,,,,,,,,,,,,,,,,,,,,,,,,,,,,,,,,,,,,,,,,,
charls,incident_hypertension,current_state_decomposition,three_domain_any_without_current_states,PASS_BASELINE_FREE_RISK_SET,777,777,51,726,12,12,NOT_EVALUABLE_EPV,,,,,,,,,,,,,,,,,,,,,,,,,,,,,,,,,,,,,,,,,
charls,incident_hypertension,current_state_decomposition,two_domain_any_without_current_states,PASS_BASELINE_FREE_RISK_SET,777,777,51,726,12,12,NOT_EVALUABLE_EPV,,,,,,,,,,,,,,,,,,,,,,,,,,,,,,,,,,,,,,,,,
charls,incident_hypertension,current_state_decomposition,domain_specific_without_current_states,PASS_BASELINE_FREE_RISK_SET,777,777,51,726,14,14,NOT_EVALUABLE_EPV,,,,,,,,,,,,,,,,,,,,,,,,,,,,,,,,,,,,,,,,,
charls,incident_cancer,specificity,any_withdrawal,PASS_BASELINE_FREE_RISK_SET,1183,1183,2,1181,15,15,NOT_EVALUABLE_EPV,,,,,,,,,,,,,,,,,,,,,,,,,,,,,,,,,,,,,,,,,
charls,incident_cancer,specificity,two_domain_any_current_adjusted,PASS_BASELINE_FREE_RISK_SET,1183,1183,2,1181,15,15,NOT_EVALUABLE_EPV,,,,,,,,,,,,,,,,,,,,,,,,,,,,,,,,,,,,,,,,,
charls,incident_cancer,specificity,domain_specific_current_adjusted,PASS_BASELINE_FREE_RISK_SET,1183,1183,2,1181,17,17,NOT_EVALUABLE_EPV,,,,,,,,,,,,,,,,,,,,,,,,,,,,,,,,,,,,,,,,,
charls,incident_cancer,specificity,withdrawal_gradient,PASS_BASELINE_FREE_RISK_SET,1183,1183,2,1181,16,16,NOT_EVALUABLE_EPV,,,,,,,,,,,,,,,,,,,,,,,,,,,,,,,,,,,,,,,,,
charls,incident_cancer,specificity,direction_symmetry,PASS_BASELINE_FREE_RISK_SET,1183,1183,2,1181,18,18,NOT_EVALUABLE_EPV,,,,,,,,,,,,,,,,,,,,,,,,,,,,,,,,,,,,,,,,,
charls,incident_cancer,current_state_decomposition,three_domain_any_without_current_states,PASS_BASELINE_FREE_RISK_SET,1183,1183,2,1181,12,12,NOT_EVALUABLE_EPV,,,,,,,,,,,,,,,,,,,,,,,,,,,,,,,,,,,,,,,,,
charls,incident_cancer,current_state_decomposition,two_domain_any_without_current_states,PASS_BASELINE_FREE_RISK_SET,1183,1183,2,1181,12,12,NOT_EVALUABLE_EPV,,,,,,,,,,,,,,,,,,,,,,,,,,,,,,,,,,,,,,,,,
charls,incident_cancer,current_state_decomposition,domain_specific_without_current_states,PASS_BASELINE_FREE_RISK_SET,1183,1183,2,1181,14,14,NOT_EVALUABLE_EPV,,,,,,,,,,,,,,,,,,,,,,,,,,,,,,,,,,,,,,,,,
charls,incident_arthritis,specificity,any_withdrawal,PASS_BASELINE_FREE_RISK_SET,713,713,22,691,15,15,NOT_EVALUABLE_EPV,,,,,,,,,,,,,,,,,,,,,,,,,,,,,,,,,,,,,,,,,
charls,incident_arthritis,specificity,two_domain_any_current_adjusted,PASS_BASELINE_FREE_RISK_SET,713,713,22,691,15,15,NOT_EVALUABLE_EPV,,,,,,,,,,,,,,,,,,,,,,,,,,,,,,,,,,,,,,,,,
charls,incident_arthritis,specificity,domain_specific_current_adjusted,PASS_BASELINE_FREE_RISK_SET,713,713,22,691,17,17,NOT_EVALUABLE_EPV,,,,,,,,,,,,,,,,,,,,,,,,,,,,,,,,,,,,,,,,,
charls,incident_arthritis,specificity,withdrawal_gradient,PASS_BASELINE_FREE_RISK_SET,713,713,22,691,16,16,NOT_EVALUABLE_EPV,,,,,,,,,,,,,,,,,,,,,,,,,,,,,,,,,,,,,,,,,
charls,incident_arthritis,specificity,direction_symmetry,PASS_BASELINE_FREE_RISK_SET,713,713,22,691,18,18,NOT_EVALUABLE_EPV,,,,,,,,,,,,,,,,,,,,,,,,,,,,,,,,,,,,,,,,,
charls,incident_arthritis,current_state_decomposition,three_domain_any_without_current_states,PASS_BASELINE_FREE_RISK_SET,713,713,22,691,12,12,NOT_EVALUABLE_EPV,,,,,,,,,,,,,,,,,,,,,,,,,,,,,,,,,,,,,,,,,
charls,incident_arthritis,current_state_decomposition,two_domain_any_without_current_states,PASS_BASELINE_FREE_RISK_SET,713,713,22,691,12,12,NOT_EVALUABLE_EPV,,,,,,,,,,,,,,,,,,,,,,,,,,,,,,,,,,,,,,,,,
charls,incident_arthritis,current_state_decomposition,domain_specific_without_current_states,PASS_BASELINE_FREE_RISK_SET,713,713,22,691,14,14,NOT_EVALUABLE_EPV,,,,,,,,,,,,,,,,,,,,,,,,,,,,,,,,,,,,,,,,,
elsa,incident_diabetes,specificity,any_withdrawal,PASS_BASELINE_FREE_RISK_SET,24700,7582,428,24272,21,21,PASS,5013.0,106.0,4907.0,,any_withdrawal,risk_ratio,0.9874906722446958,0.1989573932366257,0.6686212295335179,1.4584308494820202,0.9495507287311648,,,,,,,,,,,,,,,,,,,,,,,,,,,,,,
elsa,incident_diabetes,specificity,two_domain_any_current_adjusted,PASS_BASELINE_FREE_RISK_SET,24700,7582,428,24272,21,21,PASS,,,,,two_domain_any,risk_ratio,0.9740119003902692,0.2132013116833003,0.641338006563073,1.479249900042471,0.9017059919649918,3198.0,80.0,3118.0,,,,,,,,,,,,,,,,,,,,,,,,,,,
elsa,incident_diabetes,specificity,domain_specific_current_adjusted,PASS_BASELINE_FREE_RISK_SET,24700,7582,428,24272,23,23,PASS,,,,,alcohol_loss,risk_ratio,1.8702837789053304,0.2878008080764849,1.063973999676896,3.2876380576016437,0.0295979966429682,,,,815.0,28.0,787.0,2518.0,61.0,2457.0,2024.0,36.0,1988.0,,,,,,,,,,,,,,,,,,
elsa,incident_diabetes,specificity,domain_specific_current_adjusted,PASS_BASELINE_FREE_RISK_SET,24700,7582,428,24272,23,23,PASS,,,,,activity_loss,risk_ratio,1.1298597883396668,0.2233438911838909,0.7293128868555774,1.7503915868138948,0.5846111941140668,,,,815.0,28.0,787.0,2518.0,61.0,2457.0,2024.0,36.0,1988.0,,,,,,,,,,,,,,,,,,
elsa,incident_diabetes,specificity,domain_specific_current_adjusted,PASS_BASELINE_FREE_RISK_SET,24700,7582,428,24272,23,23,PASS,,,,,work_loss,risk_ratio,1.4764616123926015,0.2263648999243239,0.9474144575137352,2.3009347974166388,0.0851911752255827,,,,815.0,28.0,787.0,2518.0,61.0,2457.0,2024.0,36.0,1988.0,,,,,,,,,,,,,,,,,,
elsa,incident_diabetes,specificity,withdrawal_gradient,PASS_BASELINE_FREE_RISK_SET,24700,7582,428,24272,22,22,NOT_EVALUABLE_LOSS_2PLUS_EVENTS,,,,,,,,,,,,,,,,,,,,,,,,4677.0,88.0,4589.0,336.0,18.0,318.0,,,,,,,,,,,,
elsa,incident_diabetes,specificity,direction_symmetry,PASS_BASELINE_FREE_RISK_SET,24700,7582,428,24272,24,24,NOT_EVALUABLE_DIRECTION_MIXED_EVENTS,,,,,,,,,,,,,,,,,,,,,,,,,,,,,,2178.0,52.0,2126.0,320.0,5.0,315.0,,,,,,
elsa,incident_diabetes,current_state_decomposition,three_domain_any_without_current_states,PASS_BASELINE_FREE_RISK_SET,24700,7582,428,24272,18,18,PASS,5013.0,106.0,4907.0,,any_withdrawal,risk_ratio,1.291270880952551,0.1151629361138108,1.0303635542953664,1.618244823436371,0.0264392903569466,,,,,,,,,,,,,,,,,,,,,,,,,,,,,,
elsa,incident_diabetes,current_state_decomposition,two_domain_any_without_current_states,PASS_BASELINE_FREE_RISK_SET,24700,7582,428,24272,18,18,PASS,,,,,two_domain_any,risk_ratio,1.4022055437621137,0.1273341182419967,1.0925081409635091,1.7996940372665629,0.007935587026606,3198.0,80.0,3118.0,,,,,,,,,,,,,,,,,,,,,,,,,,,
elsa,incident_diabetes,current_state_decomposition,domain_specific_without_current_states,PASS_BASELINE_FREE_RISK_SET,24700,7582,428,24272,20,20,PASS,,,,,alcohol_loss,risk_ratio,1.7658218027216404,0.1965138524318922,1.201362247758463,2.59549244600036,0.0038095354527612,,,,815.0,28.0,787.0,2518.0,61.0,2457.0,2024.0,36.0,1988.0,,,,,,,,,,,,,,,,,,
elsa,incident_diabetes,current_state_decomposition,domain_specific_without_current_states,PASS_BASELINE_FREE_RISK_SET,24700,7582,428,24272,20,20,PASS,,,,,activity_loss,risk_ratio,1.3458294353692448,0.1405499903960395,1.021771192224607,1.7726638633868896,0.0345834927000971,,,,815.0,28.0,787.0,2518.0,61.0,2457.0,2024.0,36.0,1988.0,,,,,,,,,,,,,,,,,,
elsa,incident_diabetes,current_state_decomposition,domain_specific_without_current_states,PASS_BASELINE_FREE_RISK_SET,24700,7582,428,24272,20,20,PASS,,,,,work_loss,risk_ratio,1.231141980383169,0.1911154448010592,0.8465066591848137,1.790547728616123,0.2765753026358608,,,,815.0,28.0,787.0,2518.0,61.0,2457.0,2024.0,36.0,1988.0,,,,,,,,,,,,,,,,,,
elsa,incident_stroke,specificity,any_withdrawal,PASS_BASELINE_FREE_RISK_SET,26379,8029,292,26087,21,21,PASS,5443.0,70.0,5373.0,,any_withdrawal,risk_ratio,0.6932107752033355,0.260269370065324,0.4162206424928095,1.154534710195953,0.1591744164733132,,,,,,,,,,,,,,,,,,,,,,,,,,,,,,
elsa,incident_stroke,specificity,two_domain_any_current_adjusted,PASS_BASELINE_FREE_RISK_SET,26379,8029,292,26087,21,21,PASS,,,,,two_domain_any,risk_ratio,0.7718919539601065,0.2539834866277095,0.4692079675445215,1.269836042440639,0.3080132397683697,3528.0,60.0,3468.0,,,,,,,,,,,,,,,,,,,,,,,,,,,
elsa,incident_stroke,specificity,domain_specific_current_adjusted,PASS_BASELINE_FREE_RISK_SET,26379,8029,292,26087,23,23,NOT_EVALUABLE_ALCOHOL_LOSS_EVENTS,,,,,,,,,,,,,,,931.0,11.0,920.0,,,,,,,,,,,,,,,,,,,,,,,,
elsa,incident_stroke,specificity,withdrawal_gradient,PASS_BASELINE_FREE_RISK_SET,26379,8029,292,26087,22,22,NOT_EVALUABLE_LOSS_2PLUS_EVENTS,,,,,,,,,,,,,,,,,,,,,,,,5082.0,63.0,5019.0,361.0,7.0,354.0,,,,,,,,,,,,
elsa,incident_stroke,specificity,direction_symmetry,PASS_BASELINE_FREE_RISK_SET,26379,8029,292,26087,24,24,NOT_EVALUABLE_DIRECTION_MIXED_EVENTS,,,,,,,,,,,,,,,,,,,,,,,,,,,,,,2359.0,20.0,2339.0,372.0,5.0,367.0,,,,,,
elsa,incident_stroke,current_state_decomposition,three_domain_any_without_current_states,PASS_BASELINE_FREE_RISK_SET,26379,8029,292,26087,18,18,PASS,5443.0,70.0,5373.0,,any_withdrawal,risk_ratio,1.1727346773683631,0.1430891057112336,0.8859354901965946,1.5523778409611853,0.2654678505480657,,,,,,,,,,,,,,,,,,,,,,,,,,,,,,
elsa,incident_stroke,current_state_decomposition,two_domain_any_without_current_states,PASS_BASELINE_FREE_RISK_SET,26379,8029,292,26087,18,18,PASS,,,,,two_domain_any,risk_ratio,1.2669892244016472,0.1511618128817185,0.942114640659762,1.703892101311284,0.1174663708058359,3528.0,60.0,3468.0,,,,,,,,,,,,,,,,,,,,,,,,,,,
elsa,incident_stroke,current_state_decomposition,domain_specific_without_current_states,PASS_BASELINE_FREE_RISK_SET,26379,8029,292,26087,20,20,NOT_EVALUABLE_ALCOHOL_LOSS_EVENTS,,,,,,,,,,,,,,,931.0,11.0,920.0,,,,,,,,,,,,,,,,,,,,,,,,
elsa,incident_heart_disease,specificity,any_withdrawal,PASS_BASELINE_FREE_RISK_SET,22487,7020,891,21596,21,21,PASS,4600.0,209.0,4391.0,,any_withdrawal,risk_ratio,1.021829027403877,0.1407069314673243,0.7755472789709048,1.3463196758689482,0.8780282470623266,,,,,,,,,,,,,,,,,,,,,,,,,,,,,,
elsa,incident_heart_disease,specificity,two_domain_any_current_adjusted,PASS_BASELINE_FREE_RISK_SET,22487,7020,891,21596,21,21,PASS,,,,,two_domain_any,risk_ratio,0.7661580592190784,0.1488162075566858,0.5723290481331215,1.025630576712946,0.0734692790097593,2910.0,147.0,2763.0,,,,,,,,,,,,,,,,,,,,,,,,,,,
elsa,incident_heart_disease,specificity,domain_specific_current_adjusted,PASS_BASELINE_FREE_RISK_SET,22487,7020,891,21596,23,23,PASS,,,,,alcohol_loss,risk_ratio,0.8663784140535571,0.2193667885785125,0.5636146514269793,1.3317814830354964,0.5132069123038321,,,,751.0,42.0,709.0,2276.0,109.0,2167.0,1885.0,66.0,1819.0,,,,,,,,,,,,,,,,,,
elsa,incident_heart_disease,specificity,domain_specific_current_adjusted,PASS_BASELINE_FREE_RISK_SET,22487,7020,891,21596,23,23,PASS,,,,,activity_loss,risk_ratio,0.6936732791770144,0.1705144315149015,0.496606978611913,0.9689405082247652,0.0319524939053284,,,,751.0,42.0,709.0,2276.0,109.0,2167.0,1885.0,66.0,1819.0,,,,,,,,,,,,,,,,,,
elsa,incident_heart_disease,specificity,domain_specific_current_adjusted,PASS_BASELINE_FREE_RISK_SET,22487,7020,891,21596,23,23,PASS,,,,,work_loss,risk_ratio,1.100062990456418,0.1803432374971138,0.7725188971853284,1.566484117580884,0.5969367414608138,,,,751.0,42.0,709.0,2276.0,109.0,2167.0,1885.0,66.0,1819.0,,,,,,,,,,,,,,,,,,
elsa,incident_heart_disease,specificity,withdrawal_gradient,PASS_BASELINE_FREE_RISK_SET,22487,7020,891,21596,22,22,NOT_EVALUABLE_LOSS_2PLUS_EVENTS,,,,,,,,,,,,,,,,,,,,,,,,4295.0,201.0,4094.0,305.0,8.0,297.0,,,,,,,,,,,,
elsa,incident_heart_disease,specificity,direction_symmetry,PASS_BASELINE_FREE_RISK_SET,22487,7020,891,21596,24,24,NOT_EVALUABLE_DIRECTION_MIXED_EVENTS,,,,,,,,,,,,,,,,,,,,,,,,,,,,,,1984.0,68.0,1916.0,319.0,11.0,308.0,,,,,,
elsa,incident_heart_disease,current_state_decomposition,three_domain_any_without_current_states,PASS_BASELINE_FREE_RISK_SET,22487,7020,891,21596,18,18,PASS,4600.0,209.0,4391.0,,any_withdrawal,risk_ratio,1.2387070678229093,0.0806797556272237,1.0575328899793832,1.4509196020412596,0.0079707373739738,,,,,,,,,,,,,,,,,,,,,,,,,,,,,,
elsa,incident_heart_disease,current_state_decomposition,two_domain_any_without_current_states,PASS_BASELINE_FREE_RISK_SET,22487,7020,891,21596,18,18,PASS,,,,,two_domain_any,risk_ratio,1.1391964557945746,0.0904254571985115,0.9541756653866674,1.360093965893603,0.1495219991782315,2910.0,147.0,2763.0,,,,,,,,,,,,,,,,,,,,,,,,,,,
elsa,incident_heart_disease,current_state_decomposition,domain_specific_without_current_states,PASS_BASELINE_FREE_RISK_SET,22487,7020,891,21596,20,20,PASS,,,,,alcohol_loss,risk_ratio,1.2667497136943986,0.1559403810427777,0.933155718483608,1.719600282525653,0.1294403680519056,,,,751.0,42.0,709.0,2276.0,109.0,2167.0,1885.0,66.0,1819.0,,,,,,,,,,,,,,,,,,
elsa,incident_heart_disease,current_state_decomposition,domain_specific_without_current_states,PASS_BASELINE_FREE_RISK_SET,22487,7020,891,21596,20,20,PASS,,,,,activity_loss,risk_ratio,1.0594749254327098,0.1014434671663023,0.8684440558273772,1.2925266861907865,0.569007658338456,,,,751.0,42.0,709.0,2276.0,109.0,2167.0,1885.0,66.0,1819.0,,,,,,,,,,,,,,,,,,
elsa,incident_heart_disease,current_state_decomposition,domain_specific_without_current_states,PASS_BASELINE_FREE_RISK_SET,22487,7020,891,21596,20,20,PASS,,,,,work_loss,risk_ratio,1.3407865172943214,0.1383547179275716,1.0223318348847583,1.75843930866232,0.0340399542374352,,,,751.0,42.0,709.0,2276.0,109.0,2167.0,1885.0,66.0,1819.0,,,,,,,,,,,,,,,,,,
elsa,incident_hypertension,specificity,any_withdrawal,PASS_BASELINE_FREE_RISK_SET,15226,4927,813,14413,21,21,PASS,3029.0,176.0,2853.0,,any_withdrawal,risk_ratio,0.970024618330163,0.1428997693423916,0.7330713593376458,1.2835691207698463,0.8313478286193408,,,,,,,,,,,,,,,,,,,,,,,,,,,,,,
elsa,incident_hypertension,specificity,two_domain_any_current_adjusted,PASS_BASELINE_FREE_RISK_SET,15226,4927,813,14413,21,21,PASS,,,,,two_domain_any,risk_ratio,1.163279777681311,0.1552107126530827,0.8581606178647374,1.5768841088622103,0.3298384900209419,1792.0,128.0,1664.0,,,,,,,,,,,,,,,,,,,,,,,,,,,
elsa,incident_hypertension,specificity,domain_specific_current_adjusted,PASS_BASELINE_FREE_RISK_SET,15226,4927,813,14413,23,23,PASS,,,,,alcohol_loss,risk_ratio,1.1856261382148874,0.2218348339741768,0.7675763977851157,1.831360817860736,0.4427500365057519,,,,473.0,36.0,437.0,1373.0,95.0,1278.0,1366.0,64.0,1302.0,,,,,,,,,,,,,,,,,,
elsa,incident_hypertension,specificity,domain_specific_current_adjusted,PASS_BASELINE_FREE_RISK_SET,15226,4927,813,14413,23,23,PASS,,,,,activity_loss,risk_ratio,1.1255411264702722,0.1864868028040384,0.7809505122328579,1.622180672823775,0.5259713337999978,,,,473.0,36.0,437.0,1373.0,95.0,1278.0,1366.0,64.0,1302.0,,,,,,,,,,,,,,,,,,
elsa,incident_hypertension,specificity,domain_specific_current_adjusted,PASS_BASELINE_FREE_RISK_SET,15226,4927,813,14413,23,23,PASS,,,,,work_loss,risk_ratio,1.1070314883050605,0.1682775206667051,0.7960161679313676,1.5395651061758098,0.5456758386136039,,,,473.0,36.0,437.0,1373.0,95.0,1278.0,1366.0,64.0,1302.0,,,,,,,,,,,,,,,,,,
elsa,incident_hypertension,specificity,withdrawal_gradient,PASS_BASELINE_FREE_RISK_SET,15226,4927,813,14413,22,22,NOT_EVALUABLE_LOSS_2PLUS_EVENTS,,,,,,,,,,,,,,,,,,,,,,,,2851.0,157.0,2694.0,178.0,19.0,159.0,,,,,,,,,,,,
elsa,incident_hypertension,specificity,direction_symmetry,PASS_BASELINE_FREE_RISK_SET,15226,4927,813,14413,24,24,NOT_EVALUABLE_DIRECTION_MIXED_EVENTS,,,,,,,,,,,,,,,,,,,,,,,,,,,,,,1256.0,80.0,1176.0,211.0,8.0,203.0,,,,,,
elsa,incident_hypertension,current_state_decomposition,three_domain_any_without_current_states,PASS_BASELINE_FREE_RISK_SET,15226,4927,813,14413,18,18,PASS,3029.0,176.0,2853.0,,any_withdrawal,risk_ratio,1.1333289699266158,0.0855825924403044,0.95831427075308,1.340306195237567,0.1436210384552493,,,,,,,,,,,,,,,,,,,,,,,,,,,,,,
elsa,incident_hypertension,current_state_decomposition,two_domain_any_without_current_states,PASS_BASELINE_FREE_RISK_SET,15226,4927,813,14413,18,18,PASS,,,,,two_domain_any,risk_ratio,1.2836558636753963,0.094602296979059,1.0664070015615468,1.5451627511216484,0.0083004119321268,1792.0,128.0,1664.0,,,,,,,,,,,,,,,,,,,,,,,,,,,
elsa,incident_hypertension,current_state_decomposition,domain_specific_without_current_states,PASS_BASELINE_FREE_RISK_SET,15226,4927,813,14413,20,20,PASS,,,,,alcohol_loss,risk_ratio,1.2912603410080394,0.1643107444134124,0.9357336627140824,1.7818673568118344,0.1197786866538969,,,,473.0,36.0,437.0,1373.0,95.0,1278.0,1366.0,64.0,1302.0,,,,,,,,,,,,,,,,,,
elsa,incident_hypertension,current_state_decomposition,domain_specific_without_current_states,PASS_BASELINE_FREE_RISK_SET,15226,4927,813,14413,20,20,PASS,,,,,activity_loss,risk_ratio,1.2330749124902751,0.1079057633941544,0.9980215283976256,1.5234879173940248,0.0521842535083321,,,,473.0,36.0,437.0,1373.0,95.0,1278.0,1366.0,64.0,1302.0,,,,,,,,,,,,,,,,,,
elsa,incident_hypertension,current_state_decomposition,domain_specific_without_current_states,PASS_BASELINE_FREE_RISK_SET,15226,4927,813,14413,20,20,PASS,,,,,work_loss,risk_ratio,1.037820184984374,0.1373298610136413,0.7929151640880009,1.3583681901201003,0.7869167155777144,,,,473.0,36.0,437.0,1373.0,95.0,1278.0,1366.0,64.0,1302.0,,,,,,,,,,,,,,,,,,
elsa,incident_cancer,specificity,any_withdrawal,PASS_BASELINE_FREE_RISK_SET,24554,7661,670,23884,21,21,PASS,5146.0,144.0,5002.0,,any_withdrawal,risk_ratio,0.8241862575560034,0.1699485621810305,0.5906971703630088,1.149968242994498,0.2552254851709363,,,,,,,,,,,,,,,,,,,,,,,,,,,,,,
elsa,incident_cancer,specificity,two_domain_any_current_adjusted,PASS_BASELINE_FREE_RISK_SET,24554,7661,670,23884,21,21,PASS,,,,,two_domain_any,risk_ratio,1.0120249696136454,0.1742349949192881,0.7192537442485355,1.4239683106433625,0.945304713760466,3342.0,105.0,3237.0,,,,,,,,,,,,,,,,,,,,,,,,,,,
elsa,incident_cancer,specificity,domain_specific_current_adjusted,PASS_BASELINE_FREE_RISK_SET,24554,7661,670,23884,23,23,PASS,,,,,alcohol_loss,risk_ratio,1.2414740884135798,0.2756731798548159,0.7232429741390576,2.131037517560443,0.4326747744769939,,,,896.0,30.0,866.0,2593.0,80.0,2513.0,2011.0,47.0,1964.0,,,,,,,,,,,,,,,,,,
elsa,incident_cancer,specificity,domain_specific_current_adjusted,PASS_BASELINE_FREE_RISK_SET,24554,7661,670,23884,23,23,PASS,,,,,activity_loss,risk_ratio,0.8434252532745088,0.2040711581721098,0.5653806170244485,1.2582075445122802,0.4040362351992532,,,,896.0,30.0,866.0,2593.0,80.0,2513.0,2011.0,47.0,1964.0,,,,,,,,,,,,,,,,,,
elsa,incident_cancer,specificity,domain_specific_current_adjusted,PASS_BASELINE_FREE_RISK_SET,24554,7661,670,23884,23,23,PASS,,,,,work_loss,risk_ratio,0.8065561129234724,0.2107726906109209,0.533610722197882,1.2191148645116248,0.3077427187083699,,,,896.0,30.0,866.0,2593.0,80.0,2513.0,2011.0,47.0,1964.0,,,,,,,,,,,,,,,,,,
elsa,incident_cancer,specificity,withdrawal_gradient,PASS_BASELINE_FREE_RISK_SET,24554,7661,670,23884,22,22,NOT_EVALUABLE_LOSS_2PLUS_EVENTS,,,,,,,,,,,,,,,,,,,,,,,,4800.0,132.0,4668.0,346.0,12.0,334.0,,,,,,,,,,,,
elsa,incident_cancer,specificity,direction_symmetry,PASS_BASELINE_FREE_RISK_SET,24554,7661,670,23884,24,24,NOT_EVALUABLE_DIRECTION_MIXED_EVENTS,,,,,,,,,,,,,,,,,,,,,,,,,,,,,,2204.0,51.0,2153.0,355.0,10.0,345.0,,,,,,
elsa,incident_cancer,current_state_decomposition,three_domain_any_without_current_states,PASS_BASELINE_FREE_RISK_SET,24554,7661,670,23884,18,18,PASS,5146.0,144.0,5002.0,,any_withdrawal,risk_ratio,1.084628975010334,0.0965072679205435,0.8977058735305672,1.3104737844760352,0.3999106331103489,,,,,,,,,,,,,,,,,,,,,,,,,,,,,,
elsa,incident_cancer,current_state_decomposition,two_domain_any_without_current_states,PASS_BASELINE_FREE_RISK_SET,24554,7661,670,23884,18,18,PASS,,,,,two_domain_any,risk_ratio,1.137672281135267,0.1071155115359365,0.9222322136830056,1.4034406953695993,0.2285273752267494,3342.0,105.0,3237.0,,,,,,,,,,,,,,,,,,,,,,,,,,,
elsa,incident_cancer,current_state_decomposition,domain_specific_without_current_states,PASS_BASELINE_FREE_RISK_SET,24554,7661,670,23884,20,20,PASS,,,,,alcohol_loss,risk_ratio,1.220242362117322,0.1870817385497631,0.845671770125547,1.7607202639442583,0.2873419531908242,,,,896.0,30.0,866.0,2593.0,80.0,2513.0,2011.0,47.0,1964.0,,,,,,,,,,,,,,,,,,
elsa,incident_cancer,current_state_decomposition,domain_specific_without_current_states,PASS_BASELINE_FREE_RISK_SET,24554,7661,670,23884,20,20,PASS,,,,,activity_loss,risk_ratio,1.097619497780295,0.1196658130971815,0.8681446402192073,1.3877509646356418,0.4363535645350538,,,,896.0,30.0,866.0,2593.0,80.0,2513.0,2011.0,47.0,1964.0,,,,,,,,,,,,,,,,,,
elsa,incident_cancer,current_state_decomposition,domain_specific_without_current_states,PASS_BASELINE_FREE_RISK_SET,24554,7661,670,23884,20,20,PASS,,,,,work_loss,risk_ratio,1.0326345526859304,0.1613777189229617,0.7526302841498543,1.416810008655666,0.8422666773398015,,,,896.0,30.0,866.0,2593.0,80.0,2513.0,2011.0,47.0,1964.0,,,,,,,,,,,,,,,,,,
elsa,incident_arthritis,specificity,any_withdrawal,PASS_BASELINE_FREE_RISK_SET,16581,5405,874,15707,21,21,PASS,3238.0,189.0,3049.0,,any_withdrawal,risk_ratio,1.1341252340270698,0.1368860179683516,0.8672482332272404,1.4831278948479902,0.3578534266630752,,,,,,,,,,,,,,,,,,,,,,,,,,,,,,
elsa,incident_arthritis,specificity,two_domain_any_current_adjusted,PASS_BASELINE_FREE_RISK_SET,16581,5405,874,15707,21,21,PASS,,,,,two_domain_any,risk_ratio,1.1915521787116912,0.1617939437308261,0.867748377886268,1.6361846714724302,0.2787152460434943,1905.0,124.0,1781.0,,,,,,,,,,,,,,,,,,,,,,,,,,,
elsa,incident_arthritis,specificity,domain_specific_current_adjusted,PASS_BASELINE_FREE_RISK_SET,16581,5405,874,15707,23,23,PASS,,,,,alcohol_loss,risk_ratio,1.3594196352289758,0.2357381140202005,0.8564320118629261,2.1578148867021354,0.1927325100433016,,,,510.0,36.0,474.0,1468.0,94.0,1374.0,1475.0,69.0,1406.0,,,,,,,,,,,,,,,,,,
elsa,incident_arthritis,specificity,domain_specific_current_adjusted,PASS_BASELINE_FREE_RISK_SET,16581,5405,874,15707,23,23,PASS,,,,,activity_loss,risk_ratio,1.1067654030697247,0.1884259037141066,0.7650100751494768,1.6011941505381464,0.5903258236838733,,,,510.0,36.0,474.0,1468.0,94.0,1374.0,1475.0,69.0,1406.0,,,,,,,,,,,,,,,,,,
elsa,incident_arthritis,specificity,domain_specific_current_adjusted,PASS_BASELINE_FREE_RISK_SET,16581,5405,874,15707,23,23,PASS,,,,,work_loss,risk_ratio,0.963075093233654,0.1642888052113119,0.697938678615341,1.3289328470047397,0.8188606115201732,,,,510.0,36.0,474.0,1468.0,94.0,1374.0,1475.0,69.0,1406.0,,,,,,,,,,,,,,,,,,
elsa,incident_arthritis,specificity,withdrawal_gradient,PASS_BASELINE_FREE_RISK_SET,16581,5405,874,15707,22,22,NOT_EVALUABLE_LOSS_2PLUS_EVENTS,,,,,,,,,,,,,,,,,,,,,,,,3028.0,179.0,2849.0,210.0,10.0,200.0,,,,,,,,,,,,
elsa,incident_arthritis,specificity,direction_symmetry,PASS_BASELINE_FREE_RISK_SET,16581,5405,874,15707,24,24,NOT_EVALUABLE_DIRECTION_MIXED_EVENTS,,,,,,,,,,,,,,,,,,,,,,,,,,,,,,1397.0,80.0,1317.0,217.0,11.0,206.0,,,,,,
elsa,incident_arthritis,current_state_decomposition,three_domain_any_without_current_states,PASS_BASELINE_FREE_RISK_SET,16581,5405,874,15707,18,18,PASS,3238.0,189.0,3049.0,,any_withdrawal,risk_ratio,1.1267103833838368,0.0833909735794385,0.9568189571019702,1.3267674920132897,0.1525342444343,,,,,,,,,,,,,,,,,,,,,,,,,,,,,,
elsa,incident_arthritis,current_state_decomposition,two_domain_any_without_current_states,PASS_BASELINE_FREE_RISK_SET,16581,5405,874,15707,18,18,PASS,,,,,two_domain_any,risk_ratio,1.1900528590662054,0.096397491322827,0.9851731310691554,1.4375400249037409,0.0710742702269427,1905.0,124.0,1781.0,,,,,,,,,,,,,,,,,,,,,,,,,,,
elsa,incident_arthritis,current_state_decomposition,domain_specific_without_current_states,PASS_BASELINE_FREE_RISK_SET,16581,5405,874,15707,20,20,PASS,,,,,alcohol_loss,risk_ratio,1.197951348625696,0.1647107633950728,0.8674353662088938,1.6544027250654307,0.2728400114928613,,,,510.0,36.0,474.0,1468.0,94.0,1374.0,1475.0,69.0,1406.0,,,,,,,,,,,,,,,,,,
elsa,incident_arthritis,current_state_decomposition,domain_specific_without_current_states,PASS_BASELINE_FREE_RISK_SET,16581,5405,874,15707,20,20,PASS,,,,,activity_loss,risk_ratio,1.172476247948138,0.1079855106974511,0.9488260946730386,1.4488435338366823,0.1406129864215545,,,,510.0,36.0,474.0,1468.0,94.0,1374.0,1475.0,69.0,1406.0,,,,,,,,,,,,,,,,,,
elsa,incident_arthritis,current_state_decomposition,domain_specific_without_current_states,PASS_BASELINE_FREE_RISK_SET,16581,5405,874,15707,20,20,PASS,,,,,work_loss,risk_ratio,0.9379384558163004,0.1308465077143704,0.7257676280935582,1.2121352797312432,0.6243710317244395,,,,510.0,36.0,474.0,1468.0,94.0,1374.0,1475.0,69.0,1406.0,,,,,,,,,,,,,,,,,,
hrs,incident_diabetes,specificity,any_withdrawal,PASS_BASELINE_FREE_RISK_SET,48067,14955,1689,46378,21,21,PASS,13210.0,542.0,12668.0,,any_withdrawal,risk_ratio,1.077888147566245,0.0870762540189292,0.9087705709132924,1.278477644248721,0.3890416600665594,,,,,,,,,,,,,,,,,,,,,,,,,,,,,,
hrs,incident_diabetes,specificity,two_domain_any_current_adjusted,PASS_BASELINE_FREE_RISK_SET,48067,14955,1689,46378,21,21,PASS,,,,,two_domain_any,risk_ratio,1.1243548149861784,0.0886969050138527,0.9449404531497064,1.3378343003189437,0.1863481769766073,9577.0,419.0,9158.0,,,,,,,,,,,,,,,,,,,,,,,,,,,
hrs,incident_diabetes,specificity,domain_specific_current_adjusted,PASS_BASELINE_FREE_RISK_SET,48067,14955,1689,46378,23,23,PASS,,,,,alcohol_loss,risk_ratio,1.1348246238067905,0.1087050999954811,0.9170622190232456,1.4042961318043123,0.2446276728984948,,,,3498.0,153.0,3345.0,6608.0,285.0,6323.0,4399.0,173.0,4226.0,,,,,,,,,,,,,,,,,,
hrs,incident_diabetes,specificity,domain_specific_current_adjusted,PASS_BASELINE_FREE_RISK_SET,48067,14955,1689,46378,23,23,PASS,,,,,activity_loss,risk_ratio,1.1165850593557891,0.109625083424479,0.9006971161457422,1.3842191480657884,0.3144500638351193,,,,3498.0,153.0,3345.0,6608.0,285.0,6323.0,4399.0,173.0,4226.0,,,,,,,,,,,,,,,,,,
hrs,incident_diabetes,specificity,domain_specific_current_adjusted,PASS_BASELINE_FREE_RISK_SET,48067,14955,1689,46378,23,23,PASS,,,,,work_loss,risk_ratio,1.1886107629843192,0.1045430645395121,0.9683947819596992,1.4589045420331066,0.0983785420326445,,,,3498.0,153.0,3345.0,6608.0,285.0,6323.0,4399.0,173.0,4226.0,,,,,,,,,,,,,,,,,,
hrs,incident_diabetes,specificity,withdrawal_gradient,PASS_BASELINE_FREE_RISK_SET,48067,14955,1689,46378,22,22,PASS,,,,,loss_1,risk_ratio,1.1161138035560871,0.0881870219334025,0.938952343347297,1.3267020752592935,0.2128817999396747,,,,,,,,,,,,,11977.0,475.0,11502.0,1233.0,67.0,1166.0,,,,,,,,,,,,
hrs,incident_diabetes,specificity,withdrawal_gradient,PASS_BASELINE_FREE_RISK_SET,48067,14955,1689,46378,22,22,PASS,,,,,loss_2plus,risk_ratio,1.5042260561467893,0.1878547969627088,1.0409043276684198,2.1737790571581765,0.0297522657130399,,,,,,,,,,,,,11977.0,475.0,11502.0,1233.0,67.0,1166.0,,,,,,,,,,,,
hrs,incident_diabetes,specificity,direction_symmetry,PASS_BASELINE_FREE_RISK_SET,48067,14955,1689,46378,24,24,PASS,,,,,direction_expansion,risk_ratio,1.612892602496695,0.2411904886415947,1.005318637317748,2.587659723616899,0.0474840362472057,,,,,,,,,,,,,,,,,,,5413.0,183.0,5230.0,1518.0,84.0,1434.0,10531.0,400.0,10131.0,1161.0,58.0,1103.0
hrs,incident_diabetes,specificity,direction_symmetry,PASS_BASELINE_FREE_RISK_SET,48067,14955,1689,46378,24,24,PASS,,,,,direction_mixed,risk_ratio,1.4094921460618122,0.1123572614133332,1.1308994319997494,1.7567151009148028,0.0022520732725709,,,,,,,,,,,,,,,,,,,5413.0,183.0,5230.0,1518.0,84.0,1434.0,10531.0,400.0,10131.0,1161.0,58.0,1103.0
hrs,incident_diabetes,specificity,direction_symmetry,PASS_BASELINE_FREE_RISK_SET,48067,14955,1689,46378,24,24,PASS,,,,,direction_contraction_1,risk_ratio,0.609920628819917,0.2271942092602515,0.3907376505668208,0.9520535656608444,0.0295382006450614,,,,,,,,,,,,,,,,,,,5413.0,183.0,5230.0,1518.0,84.0,1434.0,10531.0,400.0,10131.0,1161.0,58.0,1103.0
hrs,incident_diabetes,specificity,direction_symmetry,PASS_BASELINE_FREE_RISK_SET,48067,14955,1689,46378,24,24,PASS,,,,,direction_contraction_2_plus,risk_ratio,0.4362761589933623,0.4861433105807182,0.1682501827935219,1.1312729873202254,0.0879623774789973,,,,,,,,,,,,,,,,,,,5413.0,183.0,5230.0,1518.0,84.0,1434.0,10531.0,400.0,10131.0,1161.0,58.0,1103.0
hrs,incident_diabetes,current_state_decomposition,three_domain_any_without_current_states,PASS_BASELINE_FREE_RISK_SET,48067,14955,1689,46378,18,18,PASS,13210.0,542.0,12668.0,,any_withdrawal,risk_ratio,1.2358394706333178,0.0529565492344892,1.1140004475184062,1.371004114565227,6.372631746717067e-05,,,,,,,,,,,,,,,,,,,,,,,,,,,,,,
hrs,incident_diabetes,current_state_decomposition,two_domain_any_without_current_states,PASS_BASELINE_FREE_RISK_SET,48067,14955,1689,46378,18,18,PASS,,,,,two_domain_any,risk_ratio,1.3112345597321755,0.0569737380164284,1.1726927860048155,1.466143640649097,1.9743202573668123e-06,9577.0,419.0,9158.0,,,,,,,,,,,,,,,,,,,,,,,,,,,
hrs,incident_diabetes,current_state_decomposition,domain_specific_without_current_states,PASS_BASELINE_FREE_RISK_SET,48067,14955,1689,46378,20,20,PASS,,,,,alcohol_loss,risk_ratio,1.2617044251408118,0.084674787836599,1.0687652291576788,1.4894740332023355,0.0060442920292831,,,,3498.0,153.0,3345.0,6608.0,285.0,6323.0,4399.0,173.0,4226.0,,,,,,,,,,,,,,,,,,
hrs,incident_diabetes,current_state_decomposition,domain_specific_without_current_states,PASS_BASELINE_FREE_RISK_SET,48067,14955,1689,46378,20,20,PASS,,,,,activity_loss,risk_ratio,1.2654539688791324,0.0650749968920231,1.113921058934425,1.4376007478338,0.0002970719473536,,,,3498.0,153.0,3345.0,6608.0,285.0,6323.0,4399.0,173.0,4226.0,,,,,,,,,,,,,,,,,,
hrs,incident_diabetes,current_state_decomposition,domain_specific_without_current_states,PASS_BASELINE_FREE_RISK_SET,48067,14955,1689,46378,20,20,PASS,,,,,work_loss,risk_ratio,1.159712436070416,0.0829581530341914,0.985680594307512,1.3644713532391888,0.0740820586908899,,,,3498.0,153.0,3345.0,6608.0,285.0,6323.0,4399.0,173.0,4226.0,,,,,,,,,,,,,,,,,,
hrs,incident_stroke,specificity,any_withdrawal,PASS_BASELINE_FREE_RISK_SET,57907,17573,1108,56799,21,21,PASS,16514.0,385.0,16129.0,,any_withdrawal,risk_ratio,1.0071994792174752,0.1094280417542395,0.8127746963929016,1.2481328410420394,0.9477311606861856,,,,,,,,,,,,,,,,,,,,,,,,,,,,,,
hrs,incident_stroke,specificity,two_domain_any_current_adjusted,PASS_BASELINE_FREE_RISK_SET,57907,17573,1108,56799,21,21,PASS,,,,,two_domain_any,risk_ratio,0.9937310941282412,0.1107241207253415,0.7998717098887653,1.2345748389759137,0.9547080542256108,12136.0,320.0,11816.0,,,,,,,,,,,,,,,,,,,,,,,,,,,
hrs,incident_stroke,specificity,domain_specific_current_adjusted,PASS_BASELINE_FREE_RISK_SET,57907,17573,1108,56799,23,23,PASS,,,,,alcohol_loss,risk_ratio,1.2278093538166557,0.1281994097350791,0.9550088633186912,1.57853593534305,0.1094040232278369,,,,4406.0,116.0,4290.0,8416.0,230.0,8186.0,5371.0,92.0,5279.0,,,,,,,,,,,,,,,,,,
hrs,incident_stroke,specificity,domain_specific_current_adjusted,PASS_BASELINE_FREE_RISK_SET,57907,17573,1108,56799,23,23,PASS,,,,,activity_loss,risk_ratio,1.016865667250096,0.1278960278121455,0.7914040858734422,1.3065585630516163,0.8959568999144693,,,,4406.0,116.0,4290.0,8416.0,230.0,8186.0,5371.0,92.0,5279.0,,,,,,,,,,,,,,,,,,
hrs,incident_stroke,specificity,domain_specific_current_adjusted,PASS_BASELINE_FREE_RISK_SET,57907,17573,1108,56799,23,23,PASS,,,,,work_loss,risk_ratio,1.20346722254166,0.1329202679223727,0.9274538944851932,1.5616230244373186,0.1635087762713606,,,,4406.0,116.0,4290.0,8416.0,230.0,8186.0,5371.0,92.0,5279.0,,,,,,,,,,,,,,,,,,
hrs,incident_stroke,specificity,withdrawal_gradient,PASS_BASELINE_FREE_RISK_SET,57907,17573,1108,56799,22,22,PASS,,,,,loss_1,risk_ratio,1.046314038797489,0.1095489535373504,0.8441387057375314,1.2969113492174258,0.6794071161635161,,,,,,,,,,,,,14917.0,338.0,14579.0,1597.0,47.0,1550.0,,,,,,,,,,,,
hrs,incident_stroke,specificity,withdrawal_gradient,PASS_BASELINE_FREE_RISK_SET,57907,17573,1108,56799,22,22,PASS,,,,,loss_2plus,risk_ratio,1.3647398227066918,0.2241452974928879,0.8795429283943048,2.117593949713976,0.1653407393115397,,,,,,,,,,,,,14917.0,338.0,14579.0,1597.0,47.0,1550.0,,,,,,,,,,,,
hrs,incident_stroke,specificity,direction_symmetry,PASS_BASELINE_FREE_RISK_SET,57907,17573,1108,56799,24,24,PASS,,,,,direction_expansion,risk_ratio,1.6896567420807,0.3608723854533217,0.8329584805012835,3.427469643313591,0.1460869902913578,,,,,,,,,,,,,,,,,,,6616.0,123.0,6493.0,2043.0,39.0,2004.0,12979.0,300.0,12679.0,1492.0,46.0,1446.0
hrs,incident_stroke,specificity,direction_symmetry,PASS_BASELINE_FREE_RISK_SET,57907,17573,1108,56799,24,24,PASS,,,,,direction_mixed,risk_ratio,0.9614282370875752,0.1657516706783948,0.6947503837101208,1.3304695855410975,0.8124124475355132,,,,,,,,,,,,,,,,,,,6616.0,123.0,6493.0,2043.0,39.0,2004.0,12979.0,300.0,12679.0,1492.0,46.0,1446.0
hrs,incident_stroke,specificity,direction_symmetry,PASS_BASELINE_FREE_RISK_SET,57907,17573,1108,56799,24,24,PASS,,,,,direction_contraction_1,risk_ratio,0.7029080048182812,0.3512589591485574,0.3531069950788607,1.3992349914429538,0.3155635403422422,,,,,,,,,,,,,,,,,,,6616.0,123.0,6493.0,2043.0,39.0,2004.0,12979.0,300.0,12679.0,1492.0,46.0,1446.0
hrs,incident_stroke,specificity,direction_symmetry,PASS_BASELINE_FREE_RISK_SET,57907,17573,1108,56799,24,24,PASS,,,,,direction_contraction_2_plus,risk_ratio,0.6022388424394851,0.7112373227426769,0.149404079441869,2.4275884881976677,0.47585536841632,,,,,,,,,,,,,,,,,,,6616.0,123.0,6493.0,2043.0,39.0,2004.0,12979.0,300.0,12679.0,1492.0,46.0,1446.0
hrs,incident_stroke,current_state_decomposition,three_domain_any_without_current_states,PASS_BASELINE_FREE_RISK_SET,57907,17573,1108,56799,18,18,PASS,16514.0,385.0,16129.0,,any_withdrawal,risk_ratio,1.2414650772908695,0.063577017289106,1.0960179125850515,1.4062138222701943,0.000668823830542,,,,,,,,,,,,,,,,,,,,,,,,,,,,,,
hrs,incident_stroke,current_state_decomposition,two_domain_any_without_current_states,PASS_BASELINE_FREE_RISK_SET,57907,17573,1108,56799,18,18,PASS,,,,,two_domain_any,risk_ratio,1.2650049325865425,0.0669876403246069,1.1093593194530622,1.442487976084461,0.0004493812601331,12136.0,320.0,11816.0,,,,,,,,,,,,,,,,,,,,,,,,,,,
hrs,incident_stroke,current_state_decomposition,domain_specific_without_current_states,PASS_BASELINE_FREE_RISK_SET,57907,17573,1108,56799,20,20,PASS,,,,,alcohol_loss,risk_ratio,1.3004839428232358,0.0982059673642636,1.0727831001200268,1.5765148475510522,0.0074648721625133,,,,4406.0,116.0,4290.0,8416.0,230.0,8186.0,5371.0,92.0,5279.0,,,,,,,,,,,,,,,,,,
hrs,incident_stroke,current_state_decomposition,domain_specific_without_current_states,PASS_BASELINE_FREE_RISK_SET,57907,17573,1108,56799,20,20,PASS,,,,,activity_loss,risk_ratio,1.253014709530504,0.0744698025214756,1.082847650375824,1.4499231371605203,0.0024554596548588,,,,4406.0,116.0,4290.0,8416.0,230.0,8186.0,5371.0,92.0,5279.0,,,,,,,,,,,,,,,,,,
hrs,incident_stroke,current_state_decomposition,domain_specific_without_current_states,PASS_BASELINE_FREE_RISK_SET,57907,17573,1108,56799,20,20,PASS,,,,,work_loss,risk_ratio,1.2076903747273935,0.112717862076568,0.9683001226133904,1.5062644392450717,0.0940956402315194,,,,4406.0,116.0,4290.0,8416.0,230.0,8186.0,5371.0,92.0,5279.0,,,,,,,,,,,,,,,,,,
hrs,incident_heart_disease,specificity,any_withdrawal,PASS_BASELINE_FREE_RISK_SET,47072,14864,2312,44760,21,21,PASS,13240.0,727.0,12513.0,,any_withdrawal,risk_ratio,0.93869874758231,0.0746234688940984,0.8109734317413431,1.086540328233143,0.396587454954564,,,,,,,,,,,,,,,,,,,,,,,,,,,,,,
hrs,incident_heart_disease,specificity,two_domain_any_current_adjusted,PASS_BASELINE_FREE_RISK_SET,47072,14864,2312,44760,21,21,PASS,,,,,two_domain_any,risk_ratio,0.9069021623401634,0.0791102610344805,0.7766434092999616,1.0590079336392106,0.2167386316167354,9588.0,552.0,9036.0,,,,,,,,,,,,,,,,,,,,,,,,,,,
hrs,incident_heart_disease,specificity,domain_specific_current_adjusted,PASS_BASELINE_FREE_RISK_SET,47072,14864,2312,44760,23,23,PASS,,,,,alcohol_loss,risk_ratio,1.0521481970526831,0.0928386040560865,0.8771069500074337,1.2621218296717744,0.5839994612466287,,,,3515.0,217.0,3298.0,6600.0,364.0,6236.0,4469.0,231.0,4238.0,,,,,,,,,,,,,,,,,,
hrs,incident_heart_disease,specificity,domain_specific_current_adjusted,PASS_BASELINE_FREE_RISK_SET,47072,14864,2312,44760,23,23,PASS,,,,,activity_loss,risk_ratio,0.7708125101409691,0.0939136649050849,0.6412233047585613,0.9265912847842244,0.0055746882539436,,,,3515.0,217.0,3298.0,6600.0,364.0,6236.0,4469.0,231.0,4238.0,,,,,,,,,,,,,,,,,,
hrs,incident_heart_disease,specificity,domain_specific_current_adjusted,PASS_BASELINE_FREE_RISK_SET,47072,14864,2312,44760,23,23,PASS,,,,,work_loss,risk_ratio,1.0558491238229697,0.0872434626862136,0.889897719435347,1.2527477573322694,0.5333400914746989,,,,3515.0,217.0,3298.0,6600.0,364.0,6236.0,4469.0,231.0,4238.0,,,,,,,,,,,,,,,,,,
hrs,incident_heart_disease,specificity,withdrawal_gradient,PASS_BASELINE_FREE_RISK_SET,47072,14864,2312,44760,22,22,PASS,,,,,loss_1,risk_ratio,0.9479790838736556,0.0763934933363258,0.8161547184989761,1.1010955681475518,0.4843574473048623,,,,,,,,,,,,,11959.0,644.0,11315.0,1281.0,83.0,1198.0,,,,,,,,,,,,
hrs,incident_heart_disease,specificity,withdrawal_gradient,PASS_BASELINE_FREE_RISK_SET,47072,14864,2312,44760,22,22,PASS,,,,,loss_2plus,risk_ratio,1.0193793849176809,0.1638899085099375,0.7393200828165435,1.4055269896584186,0.9067687814722174,,,,,,,,,,,,,11959.0,644.0,11315.0,1281.0,83.0,1198.0,,,,,,,,,,,,
hrs,incident_heart_disease,specificity,direction_symmetry,PASS_BASELINE_FREE_RISK_SET,47072,14864,2312,44760,24,24,PASS,,,,,direction_expansion,risk_ratio,1.089306627857339,0.2213253776148507,0.705923505583083,1.6809029875182029,0.6991293662856599,,,,,,,,,,,,,,,,,,,5486.0,233.0,5253.0,1665.0,76.0,1589.0,10382.0,572.0,9810.0,1193.0,79.0,1114.0
hrs,incident_heart_disease,specificity,direction_symmetry,PASS_BASELINE_FREE_RISK_SET,47072,14864,2312,44760,24,24,PASS,,,,,direction_mixed,risk_ratio,0.9204293754165906,0.1165743312368501,0.7324234152239971,1.156694635261871,0.4769212919230559,,,,,,,,,,,,,,,,,,,5486.0,233.0,5253.0,1665.0,76.0,1589.0,10382.0,572.0,9810.0,1193.0,79.0,1114.0
hrs,incident_heart_disease,specificity,direction_symmetry,PASS_BASELINE_FREE_RISK_SET,47072,14864,2312,44760,24,24,PASS,,,,,direction_contraction_1,risk_ratio,0.896101425061733,0.2102262060785445,0.593488484794398,1.353013216888026,0.6017909069015862,,,,,,,,,,,,,,,,,,,5486.0,233.0,5253.0,1665.0,76.0,1589.0,10382.0,572.0,9810.0,1193.0,79.0,1114.0
hrs,incident_heart_disease,specificity,direction_symmetry,PASS_BASELINE_FREE_RISK_SET,47072,14864,2312,44760,24,24,PASS,,,,,direction_contraction_2_plus,risk_ratio,0.9043039004859696,0.4381949573534116,0.3831088461402038,2.134551453648413,0.8184376513634781,,,,,,,,,,,,,,,,,,,5486.0,233.0,5253.0,1665.0,76.0,1589.0,10382.0,572.0,9810.0,1193.0,79.0,1114.0
hrs,incident_heart_disease,current_state_decomposition,three_domain_any_without_current_states,PASS_BASELINE_FREE_RISK_SET,47072,14864,2312,44760,18,18,PASS,13240.0,727.0,12513.0,,any_withdrawal,risk_ratio,1.119629229025075,0.0440869782771889,1.0269453285239365,1.2206780396859902,0.0103754018786819,,,,,,,,,,,,,,,,,,,,,,,,,,,,,,
hrs,incident_heart_disease,current_state_decomposition,two_domain_any_without_current_states,PASS_BASELINE_FREE_RISK_SET,47072,14864,2312,44760,18,18,PASS,,,,,two_domain_any,risk_ratio,1.0879410355538903,0.0478661096738745,0.9905163567616164,1.1949481588691495,0.0782570304408465,9588.0,552.0,9036.0,,,,,,,,,,,,,,,,,,,,,,,,,,,
hrs,incident_heart_disease,current_state_decomposition,domain_specific_without_current_states,PASS_BASELINE_FREE_RISK_SET,47072,14864,2312,44760,20,20,PASS,,,,,alcohol_loss,risk_ratio,1.2111247535293466,0.069177732537427,1.0575592004791583,1.3869891803191088,0.0056237779607706,,,,3515.0,217.0,3298.0,6600.0,364.0,6236.0,4469.0,231.0,4238.0,,,,,,,,,,,,,,,,,,
hrs,incident_heart_disease,current_state_decomposition,domain_specific_without_current_states,PASS_BASELINE_FREE_RISK_SET,47072,14864,2312,44760,20,20,PASS,,,,,activity_loss,risk_ratio,1.0055030614719065,0.0559349448626616,0.9010968797528648,1.1220063339989192,0.9218421431109024,,,,3515.0,217.0,3298.0,6600.0,364.0,6236.0,4469.0,231.0,4238.0,,,,,,,,,,,,,,,,,,
hrs,incident_heart_disease,current_state_decomposition,domain_specific_without_current_states,PASS_BASELINE_FREE_RISK_SET,47072,14864,2312,44760,20,20,PASS,,,,,work_loss,risk_ratio,1.2454513092706094,0.0697791979476913,1.08625200868606,1.427982596451222,0.001657423266557,,,,3515.0,217.0,3298.0,6600.0,364.0,6236.0,4469.0,231.0,4238.0,,,,,,,,,,,,,,,,,,
hrs,incident_hypertension,specificity,any_withdrawal,PASS_BASELINE_FREE_RISK_SET,23819,8134,2268,21551,21,21,PASS,6086.0,641.0,5445.0,,any_withdrawal,risk_ratio,1.1387763071069557,0.0723186983211065,0.9882814305585188,1.312188449089116,0.0723409538751465,,,,,,,,,,,,,,,,,,,,,,,,,,,,,,
hrs,incident_hypertension,specificity,two_domain_any_current_adjusted,PASS_BASELINE_FREE_RISK_SET,23819,8134,2268,21551,21,21,PASS,,,,,two_domain_any,risk_ratio,1.0296856436474071,0.0795169064485201,0.8810889287171441,1.203343374518724,0.7129545011297508,4244.0,467.0,3777.0,,,,,,,,,,,,,,,,,,,,,,,,,,,
hrs,incident_hypertension,specificity,domain_specific_current_adjusted,PASS_BASELINE_FREE_RISK_SET,23819,8134,2268,21551,23,23,PASS,,,,,alcohol_loss,risk_ratio,1.1573759074638936,0.094409958307175,0.9618614859257916,1.3926319025951894,0.1216001665799578,,,,1597.0,167.0,1430.0,2877.0,332.0,2545.0,2209.0,215.0,1994.0,,,,,,,,,,,,,,,,,,
hrs,incident_hypertension,specificity,domain_specific_current_adjusted,PASS_BASELINE_FREE_RISK_SET,23819,8134,2268,21551,23,23,PASS,,,,,activity_loss,risk_ratio,1.1339167536167905,0.096211416494031,0.9390438350886748,1.3692302276937105,0.1914617938983871,,,,1597.0,167.0,1430.0,2877.0,332.0,2545.0,2209.0,215.0,1994.0,,,,,,,,,,,,,,,,,,
hrs,incident_hypertension,specificity,domain_specific_current_adjusted,PASS_BASELINE_FREE_RISK_SET,23819,8134,2268,21551,23,23,PASS,,,,,work_loss,risk_ratio,1.2580693059688788,0.0841434109683992,1.066796458854714,1.4836367007818947,0.0063639249740545,,,,1597.0,167.0,1430.0,2877.0,332.0,2545.0,2209.0,215.0,1994.0,,,,,,,,,,,,,,,,,,
hrs,incident_hypertension,specificity,withdrawal_gradient,PASS_BASELINE_FREE_RISK_SET,23819,8134,2268,21551,22,22,PASS,,,,,loss_1,risk_ratio,1.1650328787139963,0.0722838870294961,1.0111370537892057,1.3423517646773748,0.0345848385536844,,,,,,,,,,,,,5523.0,572.0,4951.0,563.0,69.0,494.0,,,,,,,,,,,,
hrs,incident_hypertension,specificity,withdrawal_gradient,PASS_BASELINE_FREE_RISK_SET,23819,8134,2268,21551,22,22,PASS,,,,,loss_2plus,risk_ratio,1.5474539269751926,0.1570067483371285,1.1375574550603025,2.10504853663326,0.005421812569091,,,,,,,,,,,,,5523.0,572.0,4951.0,563.0,69.0,494.0,,,,,,,,,,,,
hrs,incident_hypertension,specificity,direction_symmetry,PASS_BASELINE_FREE_RISK_SET,23819,8134,2268,21551,24,24,PASS,,,,,direction_expansion,risk_ratio,0.9306625849274603,0.1970790887542013,0.6324675236764878,1.3694503109805465,0.7153969310267467,,,,,,,,,,,,,,,,,,,2670.0,284.0,2386.0,725.0,95.0,630.0,4837.0,481.0,4356.0,524.0,65.0,459.0
hrs,incident_hypertension,specificity,direction_symmetry,PASS_BASELINE_FREE_RISK_SET,23819,8134,2268,21551,24,24,PASS,,,,,direction_mixed,risk_ratio,1.2579612694595634,0.1000687417121847,1.0339239671825904,1.5305444168902351,0.0218280228142913,,,,,,,,,,,,,,,,,,,2670.0,284.0,2386.0,725.0,95.0,630.0,4837.0,481.0,4356.0,524.0,65.0,459.0
hrs,incident_hypertension,specificity,direction_symmetry,PASS_BASELINE_FREE_RISK_SET,23819,8134,2268,21551,24,24,PASS,,,,,direction_contraction_1,risk_ratio,1.187337000391298,0.1877665911942743,0.8217633904218473,1.7155414428653342,0.3604529554287441,,,,,,,,,,,,,,,,,,,2670.0,284.0,2386.0,725.0,95.0,630.0,4837.0,481.0,4356.0,524.0,65.0,459.0
hrs,incident_hypertension,specificity,direction_symmetry,PASS_BASELINE_FREE_RISK_SET,23819,8134,2268,21551,24,24,PASS,,,,,direction_contraction_2_plus,risk_ratio,1.7048456252847608,0.3876857229654954,0.7974186226838457,3.644884284581016,0.1688064531728116,,,,,,,,,,,,,,,,,,,2670.0,284.0,2386.0,725.0,95.0,630.0,4837.0,481.0,4356.0,524.0,65.0,459.0
hrs,incident_hypertension,current_state_decomposition,three_domain_any_without_current_states,PASS_BASELINE_FREE_RISK_SET,23819,8134,2268,21551,18,18,PASS,6086.0,641.0,5445.0,,any_withdrawal,risk_ratio,1.1079216877139573,0.0455513158230845,1.013294565620711,1.2113856204834403,0.0244552920055126,,,,,,,,,,,,,,,,,,,,,,,,,,,,,,
hrs,incident_hypertension,current_state_decomposition,two_domain_any_without_current_states,PASS_BASELINE_FREE_RISK_SET,23819,8134,2268,21551,18,18,PASS,,,,,two_domain_any,risk_ratio,1.1087168595216184,0.0503679550301625,1.0044940545240864,1.223753459815032,0.0404632324225878,4244.0,467.0,3777.0,,,,,,,,,,,,,,,,,,,,,,,,,,,
hrs,incident_hypertension,current_state_decomposition,domain_specific_without_current_states,PASS_BASELINE_FREE_RISK_SET,23819,8134,2268,21551,20,20,PASS,,,,,alcohol_loss,risk_ratio,1.0654090226834965,0.0769636256183956,0.916230645098458,1.2388762498698411,0.4103770731609953,,,,1597.0,167.0,1430.0,2877.0,332.0,2545.0,2209.0,215.0,1994.0,,,,,,,,,,,,,,,,,,
hrs,incident_hypertension,current_state_decomposition,domain_specific_without_current_states,PASS_BASELINE_FREE_RISK_SET,23819,8134,2268,21551,20,20,PASS,,,,,activity_loss,risk_ratio,1.1460648005474503,0.0571906465515573,1.024538793922659,1.2820056544906382,0.0171323896296081,,,,1597.0,167.0,1430.0,2877.0,332.0,2545.0,2209.0,215.0,1994.0,,,,,,,,,,,,,,,,,,
hrs,incident_hypertension,current_state_decomposition,domain_specific_without_current_states,PASS_BASELINE_FREE_RISK_SET,23819,8134,2268,21551,20,20,PASS,,,,,work_loss,risk_ratio,1.0903702254226109,0.0705433033665216,0.9495709395127506,1.252046770827058,0.2200322564555406,,,,1597.0,167.0,1430.0,2877.0,332.0,2545.0,2209.0,215.0,1994.0,,,,,,,,,,,,,,,,,,
hrs,incident_cancer,specificity,any_withdrawal,PASS_BASELINE_FREE_RISK_SET,52672,16471,1549,51123,21,21,PASS,15332.0,492.0,14840.0,,any_withdrawal,risk_ratio,1.200916145360989,0.0881213423350571,1.0104240181786628,1.427321166403317,0.0377422212885611,,,,,,,,,,,,,,,,,,,,,,,,,,,,,,
hrs,incident_cancer,specificity,two_domain_any_current_adjusted,PASS_BASELINE_FREE_RISK_SET,52672,16471,1549,51123,21,21,PASS,,,,,two_domain_any,risk_ratio,1.0323527824856868,0.0966094845208934,0.8542677086996705,1.247562393676547,0.7417181327468119,11321.0,354.0,10967.0,,,,,,,,,,,,,,,,,,,,,,,,,,,
hrs,incident_cancer,specificity,domain_specific_current_adjusted,PASS_BASELINE_FREE_RISK_SET,52672,16471,1549,51123,23,23,PASS,,,,,alcohol_loss,risk_ratio,1.0769962314607735,0.1159421961116925,0.8580725468699095,1.3517748432948775,0.5223246051933426,,,,4118.0,122.0,3996.0,7842.0,247.0,7595.0,4939.0,169.0,4770.0,,,,,,,,,,,,,,,,,,
hrs,incident_cancer,specificity,domain_specific_current_adjusted,PASS_BASELINE_FREE_RISK_SET,52672,16471,1549,51123,23,23,PASS,,,,,activity_loss,risk_ratio,1.0586224152062866,0.1160567028999675,0.8432443517590248,1.3290114729371472,0.6235202197878538,,,,4118.0,122.0,3996.0,7842.0,247.0,7595.0,4939.0,169.0,4770.0,,,,,,,,,,,,,,,,,,
hrs,incident_cancer,specificity,domain_specific_current_adjusted,PASS_BASELINE_FREE_RISK_SET,52672,16471,1549,51123,23,23,PASS,,,,,work_loss,risk_ratio,1.2607164088238156,0.105878331253445,1.0244566984952683,1.5514622197425747,0.0286569809837556,,,,4118.0,122.0,3996.0,7842.0,247.0,7595.0,4939.0,169.0,4770.0,,,,,,,,,,,,,,,,,,
hrs,incident_cancer,specificity,withdrawal_gradient,PASS_BASELINE_FREE_RISK_SET,52672,16471,1549,51123,22,22,PASS,,,,,loss_1,risk_ratio,1.1924830828508788,0.0900256702190954,0.9995907698351698,1.422598072929408,0.0505338300535059,,,,,,,,,,,,,13838.0,449.0,13389.0,1494.0,43.0,1451.0,,,,,,,,,,,,
hrs,incident_cancer,specificity,withdrawal_gradient,PASS_BASELINE_FREE_RISK_SET,52672,16471,1549,51123,22,22,PASS,,,,,loss_2plus,risk_ratio,1.1117034631132852,0.2099411823327729,0.7366932661897152,1.6776108139147874,0.6139831357237546,,,,,,,,,,,,,13838.0,449.0,13389.0,1494.0,43.0,1451.0,,,,,,,,,,,,
hrs,incident_cancer,specificity,direction_symmetry,PASS_BASELINE_FREE_RISK_SET,52672,16471,1549,51123,24,24,PASS,,,,,direction_expansion,risk_ratio,1.3602052900564303,0.2921373975041341,0.7672495739954533,2.411416693870282,0.2923175270442784,,,,,,,,,,,,,,,,,,,6081.0,183.0,5898.0,1880.0,58.0,1822.0,12049.0,394.0,11655.0,1403.0,40.0,1363.0
hrs,incident_cancer,specificity,direction_symmetry,PASS_BASELINE_FREE_RISK_SET,52672,16471,1549,51123,24,24,PASS,,,,,direction_mixed,risk_ratio,1.11321056211546,0.1352541639642759,0.853982095014853,1.4511284988754531,0.4278136342668523,,,,,,,,,,,,,,,,,,,6081.0,183.0,5898.0,1880.0,58.0,1822.0,12049.0,394.0,11655.0,1403.0,40.0,1363.0
hrs,incident_cancer,specificity,direction_symmetry,PASS_BASELINE_FREE_RISK_SET,52672,16471,1549,51123,24,24,PASS,,,,,direction_contraction_1,risk_ratio,0.9470531169002032,0.2818957334368721,0.5450348275228202,1.6456005395230222,0.8469750228658077,,,,,,,,,,,,,,,,,,,6081.0,183.0,5898.0,1880.0,58.0,1822.0,12049.0,394.0,11655.0,1403.0,40.0,1363.0
hrs,incident_cancer,specificity,direction_symmetry,PASS_BASELINE_FREE_RISK_SET,52672,16471,1549,51123,24,24,PASS,,,,,direction_contraction_2_plus,risk_ratio,0.6616646037578866,0.5860652454589904,0.2097868495291675,2.086880320900248,0.4810008663963511,,,,,,,,,,,,,,,,,,,6081.0,183.0,5898.0,1880.0,58.0,1822.0,12049.0,394.0,11655.0,1403.0,40.0,1363.0
hrs,incident_cancer,current_state_decomposition,three_domain_any_without_current_states,PASS_BASELINE_FREE_RISK_SET,52672,16471,1549,51123,18,18,PASS,15332.0,492.0,14840.0,,any_withdrawal,risk_ratio,1.171619282663681,0.0551907497706309,1.0514970518579585,1.3054641865936387,0.0041072254473618,,,,,,,,,,,,,,,,,,,,,,,,,,,,,,
hrs,incident_cancer,current_state_decomposition,two_domain_any_without_current_states,PASS_BASELINE_FREE_RISK_SET,52672,16471,1549,51123,18,18,PASS,,,,,two_domain_any,risk_ratio,1.0907053293871636,0.0607685029772543,0.968235923205662,1.228665542190249,0.1530686279294402,11321.0,354.0,10967.0,,,,,,,,,,,,,,,,,,,,,,,,,,,
hrs,incident_cancer,current_state_decomposition,domain_specific_without_current_states,PASS_BASELINE_FREE_RISK_SET,52672,16471,1549,51123,20,20,PASS,,,,,alcohol_loss,risk_ratio,1.0205346817475185,0.093676459657916,0.849356903996951,1.2262113038092732,0.8282175294197264,,,,4118.0,122.0,3996.0,7842.0,247.0,7595.0,4939.0,169.0,4770.0,,,,,,,,,,,,,,,,,,
hrs,incident_cancer,current_state_decomposition,domain_specific_without_current_states,PASS_BASELINE_FREE_RISK_SET,52672,16471,1549,51123,20,20,PASS,,,,,activity_loss,risk_ratio,1.0958147897547128,0.0690300520573992,0.9571470624269288,1.2545721557149307,0.1850108779032861,,,,4118.0,122.0,3996.0,7842.0,247.0,7595.0,4939.0,169.0,4770.0,,,,,,,,,,,,,,,,,,
hrs,incident_cancer,current_state_decomposition,domain_specific_without_current_states,PASS_BASELINE_FREE_RISK_SET,52672,16471,1549,51123,20,20,PASS,,,,,work_loss,risk_ratio,1.2916478604251305,0.0840046924996877,1.0955676628810809,1.5228216858404209,0.0023153605995609,,,,4118.0,122.0,3996.0,7842.0,247.0,7595.0,4939.0,169.0,4770.0,,,,,,,,,,,,,,,,,,
hrs,incident_arthritis,specificity,any_withdrawal,PASS_BASELINE_FREE_RISK_SET,23314,8185,2155,21159,21,21,PASS,6102.0,643.0,5459.0,,any_withdrawal,risk_ratio,1.170347076160254,0.0738142408461657,1.01270715591429,1.3525255259406703,0.0330866825474038,,,,,,,,,,,,,,,,,,,,,,,,,,,,,,
hrs,incident_arthritis,specificity,two_domain_any_current_adjusted,PASS_BASELINE_FREE_RISK_SET,23314,8185,2155,21159,21,21,PASS,,,,,two_domain_any,risk_ratio,1.159231498683431,0.0799790213692322,0.991041650308231,1.3559648750603792,0.0646818733626546,4266.0,467.0,3799.0,,,,,,,,,,,,,,,,,,,,,,,,,,,
hrs,incident_arthritis,specificity,domain_specific_current_adjusted,PASS_BASELINE_FREE_RISK_SET,23314,8185,2155,21159,23,23,PASS,,,,,alcohol_loss,risk_ratio,1.2321401312217444,0.0932826684483207,1.0262608261663069,1.479321108492858,0.0252308511890458,,,,1665.0,190.0,1475.0,2828.0,307.0,2521.0,2229.0,207.0,2022.0,,,,,,,,,,,,,,,,,,
hrs,incident_arthritis,specificity,domain_specific_current_adjusted,PASS_BASELINE_FREE_RISK_SET,23314,8185,2155,21159,23,23,PASS,,,,,activity_loss,risk_ratio,1.119216787767604,0.1043464338859339,0.9122090366828272,1.3732008428418758,0.2804196857624986,,,,1665.0,190.0,1475.0,2828.0,307.0,2521.0,2229.0,207.0,2022.0,,,,,,,,,,,,,,,,,,
hrs,incident_arthritis,specificity,domain_specific_current_adjusted,PASS_BASELINE_FREE_RISK_SET,23314,8185,2155,21159,23,23,PASS,,,,,work_loss,risk_ratio,1.0231112415650103,0.0911343608094966,0.8557544141594964,1.223197444613592,0.8020389565784567,,,,1665.0,190.0,1475.0,2828.0,307.0,2521.0,2229.0,207.0,2022.0,,,,,,,,,,,,,,,,,,
hrs,incident_arthritis,specificity,withdrawal_gradient,PASS_BASELINE_FREE_RISK_SET,23314,8185,2155,21159,22,22,PASS,,,,,loss_1,risk_ratio,1.1611308238764804,0.075512219869646,1.0013941179748045,1.346347822456449,0.0478821030445396,,,,,,,,,,,,,5520.0,586.0,4934.0,582.0,57.0,525.0,,,,,,,,,,,,
hrs,incident_arthritis,specificity,withdrawal_gradient,PASS_BASELINE_FREE_RISK_SET,23314,8185,2155,21159,22,22,PASS,,,,,loss_2plus,risk_ratio,1.0729800860409606,0.1766558950675317,0.7589652491700224,1.5169156510123134,0.6900842374939348,,,,,,,,,,,,,5520.0,586.0,4934.0,582.0,57.0,525.0,,,,,,,,,,,,
hrs,incident_arthritis,specificity,direction_symmetry,PASS_BASELINE_FREE_RISK_SET,23314,8185,2155,21159,24,24,PASS,,,,,direction_expansion,risk_ratio,0.9795075142028092,0.2422228972362351,0.6092945143473056,1.5746653675481417,0.9318792800004247,,,,,,,,,,,,,,,,,,,2707.0,242.0,2465.0,735.0,75.0,660.0,4823.0,515.0,4308.0,544.0,53.0,491.0
hrs,incident_arthritis,specificity,direction_symmetry,PASS_BASELINE_FREE_RISK_SET,23314,8185,2155,21159,24,24,PASS,,,,,direction_mixed,risk_ratio,1.1038391510424364,0.1150433101331646,0.8810098225380912,1.3830275670069565,0.3904746299870146,,,,,,,,,,,,,,,,,,,2707.0,242.0,2465.0,735.0,75.0,660.0,4823.0,515.0,4308.0,544.0,53.0,491.0
hrs,incident_arthritis,specificity,direction_symmetry,PASS_BASELINE_FREE_RISK_SET,23314,8185,2155,21159,24,24,PASS,,,,,direction_contraction_1,risk_ratio,1.2141262122807752,0.2301418193483969,0.7733333928424139,1.9061668266116725,0.3991917559348866,,,,,,,,,,,,,,,,,,,2707.0,242.0,2465.0,735.0,75.0,660.0,4823.0,515.0,4308.0,544.0,53.0,491.0
hrs,incident_arthritis,specificity,direction_symmetry,PASS_BASELINE_FREE_RISK_SET,23314,8185,2155,21159,24,24,PASS,,,,,direction_contraction_2_plus,risk_ratio,1.1469832227379595,0.4791885071364229,0.4484056422304434,2.933884834050017,0.7747385925603112,,,,,,,,,,,,,,,,,,,2707.0,242.0,2465.0,735.0,75.0,660.0,4823.0,515.0,4308.0,544.0,53.0,491.0
hrs,incident_arthritis,current_state_decomposition,three_domain_any_without_current_states,PASS_BASELINE_FREE_RISK_SET,23314,8185,2155,21159,18,18,PASS,6102.0,643.0,5459.0,,any_withdrawal,risk_ratio,1.1484794758679644,0.0456031064501925,1.0502817131072495,1.255858394970706,0.0023995144143512,,,,,,,,,,,,,,,,,,,,,,,,,,,,,,
hrs,incident_arthritis,current_state_decomposition,two_domain_any_without_current_states,PASS_BASELINE_FREE_RISK_SET,23314,8185,2155,21159,18,18,PASS,,,,,two_domain_any,risk_ratio,1.1564480733483735,0.0504378237926486,1.0475949192667922,1.2766119057614251,0.0039537128806854,4266.0,467.0,3799.0,,,,,,,,,,,,,,,,,,,,,,,,,,,
hrs,incident_arthritis,current_state_decomposition,domain_specific_without_current_states,PASS_BASELINE_FREE_RISK_SET,23314,8185,2155,21159,20,20,PASS,,,,,alcohol_loss,risk_ratio,1.197079740779706,0.0723950826630965,1.0387242597664672,1.379576814839565,0.0129635602980184,,,,1665.0,190.0,1475.0,2828.0,307.0,2521.0,2229.0,207.0,2022.0,,,,,,,,,,,,,,,,,,
hrs,incident_arthritis,current_state_decomposition,domain_specific_without_current_states,PASS_BASELINE_FREE_RISK_SET,23314,8185,2155,21159,20,20,PASS,,,,,activity_loss,risk_ratio,1.1222758903423662,0.0591377812557016,0.9994508978698649,1.2601951498849382,0.0510955641477751,,,,1665.0,190.0,1475.0,2828.0,307.0,2521.0,2229.0,207.0,2022.0,,,,,,,,,,,,,,,,,,
hrs,incident_arthritis,current_state_decomposition,domain_specific_without_current_states,PASS_BASELINE_FREE_RISK_SET,23314,8185,2155,21159,20,20,PASS,,,,,work_loss,risk_ratio,1.0181920873890982,0.0718706357916749,0.8844093424808792,1.1722118673166126,0.8019317793464797,,,,1665.0,190.0,1475.0,2828.0,307.0,2521.0,2229.0,207.0,2022.0,,,,,,,,,,,,,,,,,,
klosa,incident_diabetes,specificity,any_withdrawal,PASS_BASELINE_FREE_RISK_SET,13119,4585,378,12741,19,19,PASS,3897.0,135.0,3762.0,,any_withdrawal,risk_ratio,1.220650574202547,0.1760087209439015,0.8645148643414309,1.7234959001382228,0.2572951608386036,,,,,,,,,,,,,,,,,,,,,,,,,,,,,,
klosa,incident_diabetes,specificity,two_domain_any_current_adjusted,PASS_BASELINE_FREE_RISK_SET,13119,4585,378,12741,19,19,PASS,,,,,two_domain_any,risk_ratio,1.292434179901824,0.1740550800072893,0.9188666351609088,1.8178765508076025,0.1405276737200985,2666.0,96.0,2570.0,,,,,,,,,,,,,,,,,,,,,,,,,,,
klosa,incident_diabetes,specificity,domain_specific_current_adjusted,PASS_BASELINE_FREE_RISK_SET,13119,4585,378,12741,21,21,PASS,,,,,alcohol_loss,risk_ratio,1.3452798266960853,0.2542567233419731,0.8173139554228801,2.214299413472105,0.243393956403411,,,,616.0,26.0,590.0,2144.0,73.0,2071.0,1429.0,48.0,1381.0,,,,,,,,,,,,,,,,,,
klosa,incident_diabetes,specificity,domain_specific_current_adjusted,PASS_BASELINE_FREE_RISK_SET,13119,4585,378,12741,21,21,PASS,,,,,activity_loss,risk_ratio,1.299566864612249,0.2072680845238108,0.8657085685955525,1.9508574789065427,0.2061535497719236,,,,616.0,26.0,590.0,2144.0,73.0,2071.0,1429.0,48.0,1381.0,,,,,,,,,,,,,,,,,,
klosa,incident_diabetes,specificity,domain_specific_current_adjusted,PASS_BASELINE_FREE_RISK_SET,13119,4585,378,12741,21,21,PASS,,,,,work_loss,risk_ratio,1.106656329780793,0.2006202828775108,0.7468690761928265,1.639762940094879,0.6134541233678615,,,,616.0,26.0,590.0,2144.0,73.0,2071.0,1429.0,48.0,1381.0,,,,,,,,,,,,,,,,,,
klosa,incident_diabetes,specificity,withdrawal_gradient,PASS_BASELINE_FREE_RISK_SET,13119,4585,378,12741,20,20,NOT_EVALUABLE_LOSS_2PLUS_EVENTS,,,,,,,,,,,,,,,,,,,,,,,,3617.0,124.0,3493.0,280.0,11.0,269.0,,,,,,,,,,,,
klosa,incident_diabetes,specificity,direction_symmetry,PASS_BASELINE_FREE_RISK_SET,13119,4585,378,12741,22,22,NOT_EVALUABLE_DIRECTION_MIXED_EVENTS,,,,,,,,,,,,,,,,,,,,,,,,,,,,,,1198.0,38.0,1160.0,489.0,12.0,477.0,,,,,,
klosa,incident_diabetes,current_state_decomposition,three_domain_any_without_current_states,PASS_BASELINE_FREE_RISK_SET,13119,4585,378,12741,16,16,PASS,3897.0,135.0,3762.0,,any_withdrawal,risk_ratio,1.2674783811757544,0.1068572087835493,1.0279773352440036,1.56277905326248,0.0265420026770317,,,,,,,,,,,,,,,,,,,,,,,,,,,,,,
klosa,incident_diabetes,current_state_decomposition,two_domain_any_without_current_states,PASS_BASELINE_FREE_RISK_SET,13119,4585,378,12741,16,16,PASS,,,,,two_domain_any,risk_ratio,1.2952270362183191,0.1196517806169335,1.0244673475909745,1.637546652214717,0.0306189185556171,2666.0,96.0,2570.0,,,,,,,,,,,,,,,,,,,,,,,,,,,
klosa,incident_diabetes,current_state_decomposition,domain_specific_without_current_states,PASS_BASELINE_FREE_RISK_SET,13119,4585,378,12741,18,18,PASS,,,,,alcohol_loss,risk_ratio,1.3438998946815266,0.204153131974786,0.900723427866464,2.0051292894679493,0.1476690850888544,,,,616.0,26.0,590.0,2144.0,73.0,2071.0,1429.0,48.0,1381.0,,,,,,,,,,,,,,,,,,
klosa,incident_diabetes,current_state_decomposition,domain_specific_without_current_states,PASS_BASELINE_FREE_RISK_SET,13119,4585,378,12741,18,18,PASS,,,,,activity_loss,risk_ratio,1.2490901691592855,0.1315806042518517,0.9651441372432258,1.6165733080521008,0.0909637069992548,,,,616.0,26.0,590.0,2144.0,73.0,2071.0,1429.0,48.0,1381.0,,,,,,,,,,,,,,,,,,
klosa,incident_diabetes,current_state_decomposition,domain_specific_without_current_states,PASS_BASELINE_FREE_RISK_SET,13119,4585,378,12741,18,18,PASS,,,,,work_loss,risk_ratio,1.1686927627065349,0.1535529645198068,0.8649596220576246,1.5790826979338912,0.3100140458326108,,,,616.0,26.0,590.0,2144.0,73.0,2071.0,1429.0,48.0,1381.0,,,,,,,,,,,,,,,,,,
klosa,incident_stroke,specificity,any_withdrawal,PASS_BASELINE_FREE_RISK_SET,15472,5292,190,15282,19,19,PASS,4653.0,61.0,4592.0,,any_withdrawal,risk_ratio,1.1311977051375697,0.2504531557936213,0.6923925761068923,1.848096430067668,0.6225668327404696,,,,,,,,,,,,,,,,,,,,,,,,,,,,,,
klosa,incident_stroke,specificity,two_domain_any_current_adjusted,PASS_BASELINE_FREE_RISK_SET,15472,5292,190,15282,19,19,PASS,,,,,two_domain_any,risk_ratio,1.3677870969041792,0.2450729214737088,0.8460812164059072,2.211184347531983,0.2012624003508342,3204.0,45.0,3159.0,,,,,,,,,,,,,,,,,,,,,,,,,,,
klosa,incident_stroke,specificity,domain_specific_current_adjusted,PASS_BASELINE_FREE_RISK_SET,15472,5292,190,15282,21,21,NOT_EVALUABLE_EPV,,,,,,,,,,,,,,,,,,,,,,,,,,,,,,,,,,,,,,,,,
klosa,incident_stroke,specificity,withdrawal_gradient,PASS_BASELINE_FREE_RISK_SET,15472,5292,190,15282,20,20,NOT_EVALUABLE_EPV,,,,,,,,,,,,,,,,,,,,,,,,,,,,,,,,,,,,,,,,,
klosa,incident_stroke,specificity,direction_symmetry,PASS_BASELINE_FREE_RISK_SET,15472,5292,190,15282,22,22,NOT_EVALUABLE_EPV,,,,,,,,,,,,,,,,,,,,,,,,,,,,,,,,,,,,,,,,,
klosa,incident_stroke,current_state_decomposition,three_domain_any_without_current_states,PASS_BASELINE_FREE_RISK_SET,15472,5292,190,15282,16,16,PASS,4653.0,61.0,4592.0,,any_withdrawal,risk_ratio,1.051103138829231,0.161501093670771,0.7659057902898394,1.442498310449603,0.7576211875747221,,,,,,,,,,,,,,,,,,,,,,,,,,,,,,
klosa,incident_stroke,current_state_decomposition,two_domain_any_without_current_states,PASS_BASELINE_FREE_RISK_SET,15472,5292,190,15282,16,16,PASS,,,,,two_domain_any,risk_ratio,1.1369608361115917,0.1790599914877376,0.8004410704797806,1.6149595398406316,0.4734679853931767,3204.0,45.0,3159.0,,,,,,,,,,,,,,,,,,,,,,,,,,,
klosa,incident_stroke,current_state_decomposition,domain_specific_without_current_states,PASS_BASELINE_FREE_RISK_SET,15472,5292,190,15282,18,18,NOT_EVALUABLE_ALCOHOL_LOSS_EVENTS,,,,,,,,,,,,,,,717.0,14.0,703.0,,,,,,,,,,,,,,,,,,,,,,,,
klosa,incident_heart_disease,specificity,any_withdrawal,PASS_BASELINE_FREE_RISK_SET,14866,5099,198,14668,19,19,PASS,4482.0,66.0,4416.0,,any_withdrawal,risk_ratio,1.18798969587298,0.2387526151403414,0.7440225172436615,1.896877426141364,0.4705954089441323,,,,,,,,,,,,,,,,,,,,,,,,,,,,,,
klosa,incident_heart_disease,specificity,two_domain_any_current_adjusted,PASS_BASELINE_FREE_RISK_SET,14866,5099,198,14668,19,19,PASS,,,,,two_domain_any,risk_ratio,0.9486471381799606,0.238231877402421,0.5947320719569144,1.513171115551046,0.8248664977344273,3091.0,45.0,3046.0,,,,,,,,,,,,,,,,,,,,,,,,,,,
klosa,incident_heart_disease,specificity,domain_specific_current_adjusted,PASS_BASELINE_FREE_RISK_SET,14866,5099,198,14668,21,21,NOT_EVALUABLE_EPV,,,,,,,,,,,,,,,,,,,,,,,,,,,,,,,,,,,,,,,,,
klosa,incident_heart_disease,specificity,withdrawal_gradient,PASS_BASELINE_FREE_RISK_SET,14866,5099,198,14668,20,20,NOT_EVALUABLE_EPV,,,,,,,,,,,,,,,,,,,,,,,,,,,,,,,,,,,,,,,,,
klosa,incident_heart_disease,specificity,direction_symmetry,PASS_BASELINE_FREE_RISK_SET,14866,5099,198,14668,22,22,NOT_EVALUABLE_EPV,,,,,,,,,,,,,,,,,,,,,,,,,,,,,,,,,,,,,,,,,
klosa,incident_heart_disease,current_state_decomposition,three_domain_any_without_current_states,PASS_BASELINE_FREE_RISK_SET,14866,5099,198,14668,16,16,PASS,4482.0,66.0,4416.0,,any_withdrawal,risk_ratio,1.1347607764446537,0.1532634977964433,0.8403228827631503,1.532365768171296,0.4094476315227076,,,,,,,,,,,,,,,,,,,,,,,,,,,,,,
klosa,incident_heart_disease,current_state_decomposition,two_domain_any_without_current_states,PASS_BASELINE_FREE_RISK_SET,14866,5099,198,14668,16,16,PASS,,,,,two_domain_any,risk_ratio,1.0546020921239372,0.1709061802860699,0.7544197063072966,1.4742265656819429,0.7557485349904804,3091.0,45.0,3046.0,,,,,,,,,,,,,,,,,,,,,,,,,,,
klosa,incident_heart_disease,current_state_decomposition,domain_specific_without_current_states,PASS_BASELINE_FREE_RISK_SET,14866,5099,198,14668,18,18,NOT_EVALUABLE_ALCOHOL_LOSS_EVENTS,,,,,,,,,,,,,,,727.0,9.0,718.0,,,,,,,,,,,,,,,,,,,,,,,,
klosa,incident_hypertension,specificity,any_withdrawal,PASS_BASELINE_FREE_RISK_SET,8857,3246,589,8268,19,19,PASS,2517.0,153.0,2364.0,,any_withdrawal,risk_ratio,1.2296959760088209,0.1351536960070283,0.9435278359981512,1.60265774439245,0.126050046275549,,,,,,,,,,,,,,,,,,,,,,,,,,,,,,
klosa,incident_hypertension,specificity,two_domain_any_current_adjusted,PASS_BASELINE_FREE_RISK_SET,8857,3246,589,8268,19,19,PASS,,,,,two_domain_any,risk_ratio,1.1399426641303232,0.143346317748332,0.8607289318345123,1.5097311469883077,0.3608655721828058,1675.0,100.0,1575.0,,,,,,,,,,,,,,,,,,,,,,,,,,,
klosa,incident_hypertension,specificity,domain_specific_current_adjusted,PASS_BASELINE_FREE_RISK_SET,8857,3246,589,8268,21,21,PASS,,,,,alcohol_loss,risk_ratio,1.4446384191112405,0.2100612693624711,0.9570941986001535,2.1805378875189527,0.0799116570032198,,,,394.0,31.0,363.0,1336.0,72.0,1264.0,974.0,59.0,915.0,,,,,,,,,,,,,,,,,,
klosa,incident_hypertension,specificity,domain_specific_current_adjusted,PASS_BASELINE_FREE_RISK_SET,8857,3246,589,8268,21,21,PASS,,,,,activity_loss,risk_ratio,1.111817090978393,0.164940884402812,0.8047026109267178,1.5361417087588258,0.5204652538976305,,,,394.0,31.0,363.0,1336.0,72.0,1264.0,974.0,59.0,915.0,,,,,,,,,,,,,,,,,,
klosa,incident_hypertension,specificity,domain_specific_current_adjusted,PASS_BASELINE_FREE_RISK_SET,8857,3246,589,8268,21,21,PASS,,,,,work_loss,risk_ratio,1.1638287474924596,0.1675299175072419,0.8380836266764233,1.6161840064354662,0.3651472262372962,,,,394.0,31.0,363.0,1336.0,72.0,1264.0,974.0,59.0,915.0,,,,,,,,,,,,,,,,,,
klosa,incident_hypertension,specificity,withdrawal_gradient,PASS_BASELINE_FREE_RISK_SET,8857,3246,589,8268,20,20,NOT_EVALUABLE_LOSS_2PLUS_EVENTS,,,,,,,,,,,,,,,,,,,,,,,,2334.0,144.0,2190.0,183.0,9.0,174.0,,,,,,,,,,,,
klosa,incident_hypertension,specificity,direction_symmetry,PASS_BASELINE_FREE_RISK_SET,8857,3246,589,8268,22,22,NOT_EVALUABLE_DIRECTION_CONTRACTION_2_PLUS_EVENTS,,,,,,,,,,,,,,,,,,,,,,,,,,,,,,797.0,72.0,725.0,355.0,26.0,329.0,1998.0,120.0,1878.0,164.0,7.0,157.0
klosa,incident_hypertension,current_state_decomposition,three_domain_any_without_current_states,PASS_BASELINE_FREE_RISK_SET,8857,3246,589,8268,16,16,PASS,2517.0,153.0,2364.0,,any_withdrawal,risk_ratio,0.8536260887413221,0.0933543061444808,0.7108931838757695,1.0250168603489462,0.0900216504861151,,,,,,,,,,,,,,,,,,,,,,,,,,,,,,
klosa,incident_hypertension,current_state_decomposition,two_domain_any_without_current_states,PASS_BASELINE_FREE_RISK_SET,8857,3246,589,8268,16,16,PASS,,,,,two_domain_any,risk_ratio,0.8529868222963636,0.10910760977999,0.6887629160026703,1.056367150592102,0.1450116868537325,1675.0,100.0,1575.0,,,,,,,,,,,,,,,,,,,,,,,,,,,
klosa,incident_hypertension,current_state_decomposition,domain_specific_without_current_states,PASS_BASELINE_FREE_RISK_SET,8857,3246,589,8268,18,18,PASS,,,,,alcohol_loss,risk_ratio,1.0409467764762028,0.1805950212207715,0.7306439018035334,1.483034606573045,0.8241476453721217,,,,394.0,31.0,363.0,1336.0,72.0,1264.0,974.0,59.0,915.0,,,,,,,,,,,,,,,,,,
klosa,incident_hypertension,current_state_decomposition,domain_specific_without_current_states,PASS_BASELINE_FREE_RISK_SET,8857,3246,589,8268,18,18,PASS,,,,,activity_loss,risk_ratio,0.7792451304176984,0.1243262767764231,0.6107273627346516,0.994261941303458,0.0448295674236968,,,,394.0,31.0,363.0,1336.0,72.0,1264.0,974.0,59.0,915.0,,,,,,,,,,,,,,,,,,
klosa,incident_hypertension,current_state_decomposition,domain_specific_without_current_states,PASS_BASELINE_FREE_RISK_SET,8857,3246,589,8268,18,18,PASS,,,,,work_loss,risk_ratio,0.8389195959148937,0.1332958856630339,0.6460389095380903,1.0893865338748818,0.1876130844717646,,,,394.0,31.0,363.0,1336.0,72.0,1264.0,974.0,59.0,915.0,,,,,,,,,,,,,,,,,,
klosa,incident_cancer,specificity,any_withdrawal,PASS_BASELINE_FREE_RISK_SET,15382,5265,222,15160,19,19,PASS,4645.0,55.0,4590.0,,any_withdrawal,risk_ratio,0.8497181478559879,0.2412766859215628,0.529541262355806,1.3634837964915276,0.4997052252097314,,,,,,,,,,,,,,,,,,,,,,,,,,,,,,
klosa,incident_cancer,specificity,two_domain_any_current_adjusted,PASS_BASELINE_FREE_RISK_SET,15382,5265,222,15160,19,19,PASS,,,,,two_domain_any,risk_ratio,0.7257478836918991,0.2413455199813396,0.4522224296916386,1.1647144327680146,0.1841155032317752,3211.0,33.0,3178.0,,,,,,,,,,,,,,,,,,,,,,,,,,,
klosa,incident_cancer,specificity,domain_specific_current_adjusted,PASS_BASELINE_FREE_RISK_SET,15382,5265,222,15160,21,21,NOT_EVALUABLE_ALCOHOL_LOSS_EVENTS,,,,,,,,,,,,,,,720.0,10.0,710.0,,,,,,,,,,,,,,,,,,,,,,,,
klosa,incident_cancer,specificity,withdrawal_gradient,PASS_BASELINE_FREE_RISK_SET,15382,5265,222,15160,20,20,NOT_EVALUABLE_LOSS_2PLUS_EVENTS,,,,,,,,,,,,,,,,,,,,,,,,4327.0,49.0,4278.0,318.0,6.0,312.0,,,,,,,,,,,,
klosa,incident_cancer,specificity,direction_symmetry,PASS_BASELINE_FREE_RISK_SET,15382,5265,222,15160,22,22,NOT_EVALUABLE_DIRECTION_MIXED_EVENTS,,,,,,,,,,,,,,,,,,,,,,,,,,,,,,1406.0,28.0,1378.0,561.0,7.0,554.0,,,,,,
klosa,incident_cancer,current_state_decomposition,three_domain_any_without_current_states,PASS_BASELINE_FREE_RISK_SET,15382,5265,222,15160,16,16,PASS,4645.0,55.0,4590.0,,any_withdrawal,risk_ratio,0.8046645424363043,0.1624110719780594,0.5852889291742631,1.106265629810752,0.1808486884169803,,,,,,,,,,,,,,,,,,,,,,,,,,,,,,
klosa,incident_cancer,current_state_decomposition,two_domain_any_without_current_states,PASS_BASELINE_FREE_RISK_SET,15382,5265,222,15160,16,16,PASS,,,,,two_domain_any,risk_ratio,0.6931121647219882,0.1951585543630117,0.4728073927729557,1.0160680231078638,0.0603421497864322,3211.0,33.0,3178.0,,,,,,,,,,,,,,,,,,,,,,,,,,,
klosa,incident_cancer,current_state_decomposition,domain_specific_without_current_states,PASS_BASELINE_FREE_RISK_SET,15382,5265,222,15160,18,18,NOT_EVALUABLE_ALCOHOL_LOSS_EVENTS,,,,,,,,,,,,,,,720.0,10.0,710.0,,,,,,,,,,,,,,,,,,,,,,,,
klosa,incident_arthritis,specificity,any_withdrawal,PASS_BASELINE_FREE_RISK_SET,12426,4282,219,12207,19,19,PASS,3638.0,63.0,3575.0,,any_withdrawal,risk_ratio,0.9933445006389454,0.2542450361658185,0.6035122984604077,1.6349845719247904,0.9790459709614056,,,,,,,,,,,,,,,,,,,,,,,,,,,,,,
klosa,incident_arthritis,specificity,two_domain_any_current_adjusted,PASS_BASELINE_FREE_RISK_SET,12426,4282,219,12207,19,19,PASS,,,,,two_domain_any,risk_ratio,0.7770775285138939,0.2409716772064437,0.4845614795556561,1.2461772361166488,0.2952569188691287,2502.0,38.0,2464.0,,,,,,,,,,,,,,,,,,,,,,,,,,,
klosa,incident_arthritis,specificity,domain_specific_current_adjusted,PASS_BASELINE_FREE_RISK_SET,12426,4282,219,12207,21,21,NOT_EVALUABLE_ALCOHOL_LOSS_EVENTS,,,,,,,,,,,,,,,603.0,10.0,593.0,,,,,,,,,,,,,,,,,,,,,,,,
klosa,incident_arthritis,specificity,withdrawal_gradient,PASS_BASELINE_FREE_RISK_SET,12426,4282,219,12207,20,20,NOT_EVALUABLE_LOSS_2PLUS_EVENTS,,,,,,,,,,,,,,,,,,,,,,,,3353.0,60.0,3293.0,285.0,3.0,282.0,,,,,,,,,,,,
klosa,incident_arthritis,specificity,direction_symmetry,PASS_BASELINE_FREE_RISK_SET,12426,4282,219,12207,22,22,NOT_EVALUABLE_EPV,,,,,,,,,,,,,,,,,,,,,,,,,,,,,,,,,,,,,,,,,
klosa,incident_arthritis,current_state_decomposition,three_domain_any_without_current_states,PASS_BASELINE_FREE_RISK_SET,12426,4282,219,12207,16,16,PASS,3638.0,63.0,3575.0,,any_withdrawal,risk_ratio,0.971335577035754,0.153788038633726,0.7185627173762459,1.3130277711324116,0.8500044891312926,,,,,,,,,,,,,,,,,,,,,,,,,,,,,,
klosa,incident_arthritis,current_state_decomposition,two_domain_any_without_current_states,PASS_BASELINE_FREE_RISK_SET,12426,4282,219,12207,16,16,PASS,,,,,two_domain_any,risk_ratio,0.8046934557346966,0.1818054383435071,0.5634785647209207,1.1491680398223438,0.2320088673906604,2502.0,38.0,2464.0,,,,,,,,,,,,,,,,,,,,,,,,,,,
klosa,incident_arthritis,current_state_decomposition,domain_specific_without_current_states,PASS_BASELINE_FREE_RISK_SET,12426,4282,219,12207,18,18,NOT_EVALUABLE_ALCOHOL_LOSS_EVENTS,,,,,,,,,,,,,,,603.0,10.0,593.0,,,,,,,,,,,,,,,,,,,,,,,,
mhas,incident_diabetes,specificity,any_withdrawal,PASS_BASELINE_FREE_RISK_SET,0,0,0,0,18,0,NOT_EVALUABLE_CLUSTERS,,,,,,,,,,,,,,,,,,,,,,,,,,,,,,,,,,,,,,,,,
mhas,incident_diabetes,specificity,two_domain_any_current_adjusted,PASS_BASELINE_FREE_RISK_SET,0,0,0,0,18,0,NOT_EVALUABLE_CLUSTERS,,,,,,,,,,,,,,,,,,,,,,,,,,,,,,,,,,,,,,,,,
mhas,incident_diabetes,specificity,domain_specific_current_adjusted,PASS_BASELINE_FREE_RISK_SET,0,0,0,0,20,0,NOT_EVALUABLE_CLUSTERS,,,,,,,,,,,,,,,,,,,,,,,,,,,,,,,,,,,,,,,,,
mhas,incident_diabetes,specificity,withdrawal_gradient,PASS_BASELINE_FREE_RISK_SET,0,0,0,0,19,0,NOT_EVALUABLE_CLUSTERS,,,,,,,,,,,,,,,,,,,,,,,,,,,,,,,,,,,,,,,,,
mhas,incident_diabetes,specificity,direction_symmetry,PASS_BASELINE_FREE_RISK_SET,0,0,0,0,21,0,NOT_EVALUABLE_CLUSTERS,,,,,,,,,,,,,,,,,,,,,,,,,,,,,,,,,,,,,,,,,
mhas,incident_diabetes,current_state_decomposition,three_domain_any_without_current_states,PASS_BASELINE_FREE_RISK_SET,0,0,0,0,15,0,NOT_EVALUABLE_CLUSTERS,,,,,,,,,,,,,,,,,,,,,,,,,,,,,,,,,,,,,,,,,
mhas,incident_diabetes,current_state_decomposition,two_domain_any_without_current_states,PASS_BASELINE_FREE_RISK_SET,0,0,0,0,15,0,NOT_EVALUABLE_CLUSTERS,,,,,,,,,,,,,,,,,,,,,,,,,,,,,,,,,,,,,,,,,
mhas,incident_diabetes,current_state_decomposition,domain_specific_without_current_states,PASS_BASELINE_FREE_RISK_SET,0,0,0,0,17,0,NOT_EVALUABLE_CLUSTERS,,,,,,,,,,,,,,,,,,,,,,,,,,,,,,,,,,,,,,,,,
mhas,incident_stroke,specificity,any_withdrawal,PASS_BASELINE_FREE_RISK_SET,0,0,0,0,18,0,NOT_EVALUABLE_CLUSTERS,,,,,,,,,,,,,,,,,,,,,,,,,,,,,,,,,,,,,,,,,
mhas,incident_stroke,specificity,two_domain_any_current_adjusted,PASS_BASELINE_FREE_RISK_SET,0,0,0,0,18,0,NOT_EVALUABLE_CLUSTERS,,,,,,,,,,,,,,,,,,,,,,,,,,,,,,,,,,,,,,,,,
mhas,incident_stroke,specificity,domain_specific_current_adjusted,PASS_BASELINE_FREE_RISK_SET,0,0,0,0,20,0,NOT_EVALUABLE_CLUSTERS,,,,,,,,,,,,,,,,,,,,,,,,,,,,,,,,,,,,,,,,,
mhas,incident_stroke,specificity,withdrawal_gradient,PASS_BASELINE_FREE_RISK_SET,0,0,0,0,19,0,NOT_EVALUABLE_CLUSTERS,,,,,,,,,,,,,,,,,,,,,,,,,,,,,,,,,,,,,,,,,
mhas,incident_stroke,specificity,direction_symmetry,PASS_BASELINE_FREE_RISK_SET,0,0,0,0,21,0,NOT_EVALUABLE_CLUSTERS,,,,,,,,,,,,,,,,,,,,,,,,,,,,,,,,,,,,,,,,,
mhas,incident_stroke,current_state_decomposition,three_domain_any_without_current_states,PASS_BASELINE_FREE_RISK_SET,0,0,0,0,15,0,NOT_EVALUABLE_CLUSTERS,,,,,,,,,,,,,,,,,,,,,,,,,,,,,,,,,,,,,,,,,
mhas,incident_stroke,current_state_decomposition,two_domain_any_without_current_states,PASS_BASELINE_FREE_RISK_SET,0,0,0,0,15,0,NOT_EVALUABLE_CLUSTERS,,,,,,,,,,,,,,,,,,,,,,,,,,,,,,,,,,,,,,,,,
mhas,incident_stroke,current_state_decomposition,domain_specific_without_current_states,PASS_BASELINE_FREE_RISK_SET,0,0,0,0,17,0,NOT_EVALUABLE_CLUSTERS,,,,,,,,,,,,,,,,,,,,,,,,,,,,,,,,,,,,,,,,,
mhas,incident_heart_disease,specificity,any_withdrawal,PASS_BASELINE_FREE_RISK_SET,0,0,0,0,18,0,NOT_EVALUABLE_CLUSTERS,,,,,,,,,,,,,,,,,,,,,,,,,,,,,,,,,,,,,,,,,
mhas,incident_heart_disease,specificity,two_domain_any_current_adjusted,PASS_BASELINE_FREE_RISK_SET,0,0,0,0,18,0,NOT_EVALUABLE_CLUSTERS,,,,,,,,,,,,,,,,,,,,,,,,,,,,,,,,,,,,,,,,,
mhas,incident_heart_disease,specificity,domain_specific_current_adjusted,PASS_BASELINE_FREE_RISK_SET,0,0,0,0,20,0,NOT_EVALUABLE_CLUSTERS,,,,,,,,,,,,,,,,,,,,,,,,,,,,,,,,,,,,,,,,,
mhas,incident_heart_disease,specificity,withdrawal_gradient,PASS_BASELINE_FREE_RISK_SET,0,0,0,0,19,0,NOT_EVALUABLE_CLUSTERS,,,,,,,,,,,,,,,,,,,,,,,,,,,,,,,,,,,,,,,,,
mhas,incident_heart_disease,specificity,direction_symmetry,PASS_BASELINE_FREE_RISK_SET,0,0,0,0,21,0,NOT_EVALUABLE_CLUSTERS,,,,,,,,,,,,,,,,,,,,,,,,,,,,,,,,,,,,,,,,,
mhas,incident_heart_disease,current_state_decomposition,three_domain_any_without_current_states,PASS_BASELINE_FREE_RISK_SET,0,0,0,0,15,0,NOT_EVALUABLE_CLUSTERS,,,,,,,,,,,,,,,,,,,,,,,,,,,,,,,,,,,,,,,,,
mhas,incident_heart_disease,current_state_decomposition,two_domain_any_without_current_states,PASS_BASELINE_FREE_RISK_SET,0,0,0,0,15,0,NOT_EVALUABLE_CLUSTERS,,,,,,,,,,,,,,,,,,,,,,,,,,,,,,,,,,,,,,,,,
mhas,incident_heart_disease,current_state_decomposition,domain_specific_without_current_states,PASS_BASELINE_FREE_RISK_SET,0,0,0,0,17,0,NOT_EVALUABLE_CLUSTERS,,,,,,,,,,,,,,,,,,,,,,,,,,,,,,,,,,,,,,,,,
mhas,incident_hypertension,specificity,any_withdrawal,PASS_BASELINE_FREE_RISK_SET,0,0,0,0,18,0,NOT_EVALUABLE_CLUSTERS,,,,,,,,,,,,,,,,,,,,,,,,,,,,,,,,,,,,,,,,,
mhas,incident_hypertension,specificity,two_domain_any_current_adjusted,PASS_BASELINE_FREE_RISK_SET,0,0,0,0,18,0,NOT_EVALUABLE_CLUSTERS,,,,,,,,,,,,,,,,,,,,,,,,,,,,,,,,,,,,,,,,,
mhas,incident_hypertension,specificity,domain_specific_current_adjusted,PASS_BASELINE_FREE_RISK_SET,0,0,0,0,20,0,NOT_EVALUABLE_CLUSTERS,,,,,,,,,,,,,,,,,,,,,,,,,,,,,,,,,,,,,,,,,
mhas,incident_hypertension,specificity,withdrawal_gradient,PASS_BASELINE_FREE_RISK_SET,0,0,0,0,19,0,NOT_EVALUABLE_CLUSTERS,,,,,,,,,,,,,,,,,,,,,,,,,,,,,,,,,,,,,,,,,
mhas,incident_hypertension,specificity,direction_symmetry,PASS_BASELINE_FREE_RISK_SET,0,0,0,0,21,0,NOT_EVALUABLE_CLUSTERS,,,,,,,,,,,,,,,,,,,,,,,,,,,,,,,,,,,,,,,,,
mhas,incident_hypertension,current_state_decomposition,three_domain_any_without_current_states,PASS_BASELINE_FREE_RISK_SET,0,0,0,0,15,0,NOT_EVALUABLE_CLUSTERS,,,,,,,,,,,,,,,,,,,,,,,,,,,,,,,,,,,,,,,,,
mhas,incident_hypertension,current_state_decomposition,two_domain_any_without_current_states,PASS_BASELINE_FREE_RISK_SET,0,0,0,0,15,0,NOT_EVALUABLE_CLUSTERS,,,,,,,,,,,,,,,,,,,,,,,,,,,,,,,,,,,,,,,,,
mhas,incident_hypertension,current_state_decomposition,domain_specific_without_current_states,PASS_BASELINE_FREE_RISK_SET,0,0,0,0,17,0,NOT_EVALUABLE_CLUSTERS,,,,,,,,,,,,,,,,,,,,,,,,,,,,,,,,,,,,,,,,,
mhas,incident_cancer,specificity,any_withdrawal,PASS_BASELINE_FREE_RISK_SET,0,0,0,0,18,0,NOT_EVALUABLE_CLUSTERS,,,,,,,,,,,,,,,,,,,,,,,,,,,,,,,,,,,,,,,,,
mhas,incident_cancer,specificity,two_domain_any_current_adjusted,PASS_BASELINE_FREE_RISK_SET,0,0,0,0,18,0,NOT_EVALUABLE_CLUSTERS,,,,,,,,,,,,,,,,,,,,,,,,,,,,,,,,,,,,,,,,,
mhas,incident_cancer,specificity,domain_specific_current_adjusted,PASS_BASELINE_FREE_RISK_SET,0,0,0,0,20,0,NOT_EVALUABLE_CLUSTERS,,,,,,,,,,,,,,,,,,,,,,,,,,,,,,,,,,,,,,,,,
mhas,incident_cancer,specificity,withdrawal_gradient,PASS_BASELINE_FREE_RISK_SET,0,0,0,0,19,0,NOT_EVALUABLE_CLUSTERS,,,,,,,,,,,,,,,,,,,,,,,,,,,,,,,,,,,,,,,,,
mhas,incident_cancer,specificity,direction_symmetry,PASS_BASELINE_FREE_RISK_SET,0,0,0,0,21,0,NOT_EVALUABLE_CLUSTERS,,,,,,,,,,,,,,,,,,,,,,,,,,,,,,,,,,,,,,,,,
mhas,incident_cancer,current_state_decomposition,three_domain_any_without_current_states,PASS_BASELINE_FREE_RISK_SET,0,0,0,0,15,0,NOT_EVALUABLE_CLUSTERS,,,,,,,,,,,,,,,,,,,,,,,,,,,,,,,,,,,,,,,,,
mhas,incident_cancer,current_state_decomposition,two_domain_any_without_current_states,PASS_BASELINE_FREE_RISK_SET,0,0,0,0,15,0,NOT_EVALUABLE_CLUSTERS,,,,,,,,,,,,,,,,,,,,,,,,,,,,,,,,,,,,,,,,,
mhas,incident_cancer,current_state_decomposition,domain_specific_without_current_states,PASS_BASELINE_FREE_RISK_SET,0,0,0,0,17,0,NOT_EVALUABLE_CLUSTERS,,,,,,,,,,,,,,,,,,,,,,,,,,,,,,,,,,,,,,,,,
mhas,incident_arthritis,specificity,any_withdrawal,PASS_BASELINE_FREE_RISK_SET,0,0,0,0,18,0,NOT_EVALUABLE_CLUSTERS,,,,,,,,,,,,,,,,,,,,,,,,,,,,,,,,,,,,,,,,,
mhas,incident_arthritis,specificity,two_domain_any_current_adjusted,PASS_BASELINE_FREE_RISK_SET,0,0,0,0,18,0,NOT_EVALUABLE_CLUSTERS,,,,,,,,,,,,,,,,,,,,,,,,,,,,,,,,,,,,,,,,,
mhas,incident_arthritis,specificity,domain_specific_current_adjusted,PASS_BASELINE_FREE_RISK_SET,0,0,0,0,20,0,NOT_EVALUABLE_CLUSTERS,,,,,,,,,,,,,,,,,,,,,,,,,,,,,,,,,,,,,,,,,
mhas,incident_arthritis,specificity,withdrawal_gradient,PASS_BASELINE_FREE_RISK_SET,0,0,0,0,19,0,NOT_EVALUABLE_CLUSTERS,,,,,,,,,,,,,,,,,,,,,,,,,,,,,,,,,,,,,,,,,
mhas,incident_arthritis,specificity,direction_symmetry,PASS_BASELINE_FREE_RISK_SET,0,0,0,0,21,0,NOT_EVALUABLE_CLUSTERS,,,,,,,,,,,,,,,,,,,,,,,,,,,,,,,,,,,,,,,,,
mhas,incident_arthritis,current_state_decomposition,three_domain_any_without_current_states,PASS_BASELINE_FREE_RISK_SET,0,0,0,0,15,0,NOT_EVALUABLE_CLUSTERS,,,,,,,,,,,,,,,,,,,,,,,,,,,,,,,,,,,,,,,,,
mhas,incident_arthritis,current_state_decomposition,two_domain_any_without_current_states,PASS_BASELINE_FREE_RISK_SET,0,0,0,0,15,0,NOT_EVALUABLE_CLUSTERS,,,,,,,,,,,,,,,,,,,,,,,,,,,,,,,,,,,,,,,,,
mhas,incident_arthritis,current_state_decomposition,domain_specific_without_current_states,PASS_BASELINE_FREE_RISK_SET,0,0,0,0,17,0,NOT_EVALUABLE_CLUSTERS,,,,,,,,,,,,,,,,,,,,,,,,,,,,,,,,,,,,,,,,,
share,incident_diabetes,specificity,any_withdrawal,PASS_BASELINE_FREE_RISK_SET,29597,20844,909,28688,18,18,PASS,7842.0,289.0,7553.0,,any_withdrawal,risk_ratio,0.9464750653722168,0.1261929935091296,0.7390834991105897,1.2120620341941912,0.6628913068320788,,,,,,,,,,,,,,,,,,,,,,,,,,,,,,
share,incident_diabetes,specificity,two_domain_any_current_adjusted,PASS_BASELINE_FREE_RISK_SET,29597,20844,909,28688,18,18,PASS,,,,,two_domain_any,risk_ratio,0.8758709314209319,0.1333561442531534,0.6744149010187693,1.1375043572574035,0.320293951727967,5782.0,240.0,5542.0,,,,,,,,,,,,,,,,,,,,,,,,,,,
share,incident_diabetes,specificity,domain_specific_current_adjusted,PASS_BASELINE_FREE_RISK_SET,29597,20844,909,28688,20,20,PASS,,,,,alcohol_loss,risk_ratio,0.9647033865580754,0.1391926308788614,0.7343664386179,1.2672864323540385,0.7962799522416938,,,,3254.0,111.0,3143.0,2956.0,151.0,2805.0,2437.0,65.0,2372.0,,,,,,,,,,,,,,,,,,
share,incident_diabetes,specificity,domain_specific_current_adjusted,PASS_BASELINE_FREE_RISK_SET,29597,20844,909,28688,20,20,PASS,,,,,activity_loss,risk_ratio,0.8479457143369065,0.1965015777319945,0.5769067273323109,1.2463226729685195,0.4012584813441425,,,,3254.0,111.0,3143.0,2956.0,151.0,2805.0,2437.0,65.0,2372.0,,,,,,,,,,,,,,,,,,
share,incident_diabetes,specificity,domain_specific_current_adjusted,PASS_BASELINE_FREE_RISK_SET,29597,20844,909,28688,20,20,PASS,,,,,work_loss,risk_ratio,1.1772587580796567,0.159204666060527,0.8617011500600475,1.6083745314470992,0.3053517273963122,,,,3254.0,111.0,3143.0,2956.0,151.0,2805.0,2437.0,65.0,2372.0,,,,,,,,,,,,,,,,,,
share,incident_diabetes,specificity,withdrawal_gradient,PASS_BASELINE_FREE_RISK_SET,29597,20844,909,28688,19,19,PASS,,,,,loss_1,risk_ratio,0.9723137782502468,0.1298134630560298,0.7538918006132524,1.254018259127159,0.8287655728356755,,,,,,,,,,,,,7068.0,252.0,6816.0,774.0,37.0,737.0,,,,,,,,,,,,
share,incident_diabetes,specificity,withdrawal_gradient,PASS_BASELINE_FREE_RISK_SET,29597,20844,909,28688,19,19,PASS,,,,,loss_2plus,risk_ratio,1.1398116203669235,0.26638487177871,0.6762166600526279,1.9212341349625448,0.6232458288525693,,,,,,,,,,,,,7068.0,252.0,6816.0,774.0,37.0,737.0,,,,,,,,,,,,
share,incident_diabetes,specificity,direction_symmetry,PASS_BASELINE_FREE_RISK_SET,29597,20844,909,28688,21,21,PASS,,,,,direction_expansion,risk_ratio,0.975200828487655,0.4017437072367225,0.443740632418408,2.14318136858444,0.9501589739697972,,,,,,,,,,,,,,,,,,,3325.0,102.0,3223.0,770.0,25.0,745.0,6326.0,228.0,6098.0,746.0,36.0,710.0
share,incident_diabetes,specificity,direction_symmetry,PASS_BASELINE_FREE_RISK_SET,29597,20844,909,28688,21,21,PASS,,,,,direction_mixed,risk_ratio,0.888213179301007,0.2071257982626596,0.5918496754871599,1.3329780931866342,0.5671010783708552,,,,,,,,,,,,,,,,,,,3325.0,102.0,3223.0,770.0,25.0,745.0,6326.0,228.0,6098.0,746.0,36.0,710.0
share,incident_diabetes,specificity,direction_symmetry,PASS_BASELINE_FREE_RISK_SET,29597,20844,909,28688,21,21,PASS,,,,,direction_contraction_1,risk_ratio,1.037287730229843,0.381917222808975,0.490693958993234,2.192743186594265,0.923634321811906,,,,,,,,,,,,,,,,,,,3325.0,102.0,3223.0,770.0,25.0,745.0,6326.0,228.0,6098.0,746.0,36.0,710.0
share,incident_diabetes,specificity,direction_symmetry,PASS_BASELINE_FREE_RISK_SET,29597,20844,909,28688,21,21,PASS,,,,,direction_contraction_2_plus,risk_ratio,1.2662865138440873,0.7781642533729645,0.2755226889353718,5.819780364874175,0.7615913343301153,,,,,,,,,,,,,,,,,,,3325.0,102.0,3223.0,770.0,25.0,745.0,6326.0,228.0,6098.0,746.0,36.0,710.0
share,incident_diabetes,current_state_decomposition,three_domain_any_without_current_states,PASS_BASELINE_FREE_RISK_SET,29597,20844,909,28688,15,15,PASS,7842.0,289.0,7553.0,,any_withdrawal,risk_ratio,1.3089252163013472,0.0733937566659414,1.1335533258222787,1.5114288695917442,0.0002444805106471,,,,,,,,,,,,,,,,,,,,,,,,,,,,,,
share,incident_diabetes,current_state_decomposition,two_domain_any_without_current_states,PASS_BASELINE_FREE_RISK_SET,29597,20844,909,28688,15,15,PASS,,,,,two_domain_any,risk_ratio,1.3390053769856065,0.0760577510376572,1.1535644028136112,1.5542568713314069,0.0001239247729906,5782.0,240.0,5542.0,,,,,,,,,,,,,,,,,,,,,,,,,,,
share,incident_diabetes,current_state_decomposition,domain_specific_without_current_states,PASS_BASELINE_FREE_RISK_SET,29597,20844,909,28688,17,17,PASS,,,,,alcohol_loss,risk_ratio,1.164873457664139,0.1038468057031512,0.9503513335176906,1.427819506863614,0.1416722198897302,,,,3254.0,111.0,3143.0,2956.0,151.0,2805.0,2437.0,65.0,2372.0,,,,,,,,,,,,,,,,,,
share,incident_diabetes,current_state_decomposition,domain_specific_without_current_states,PASS_BASELINE_FREE_RISK_SET,29597,20844,909,28688,17,17,PASS,,,,,activity_loss,risk_ratio,1.465041974673411,0.0898132713246443,1.2285727337801278,1.747025575727199,2.1189236662792384e-05,,,,3254.0,111.0,3143.0,2956.0,151.0,2805.0,2437.0,65.0,2372.0,,,,,,,,,,,,,,,,,,
share,incident_diabetes,current_state_decomposition,domain_specific_without_current_states,PASS_BASELINE_FREE_RISK_SET,29597,20844,909,28688,17,17,PASS,,,,,work_loss,risk_ratio,1.187517641613392,0.1382186534523914,0.905707864910799,1.557012149035406,0.2137097070639561,,,,3254.0,111.0,3143.0,2956.0,151.0,2805.0,2437.0,65.0,2372.0,,,,,,,,,,,,,,,,,,
share,incident_stroke,specificity,any_withdrawal,PASS_BASELINE_FREE_RISK_SET,32850,23186,731,32119,18,18,PASS,8836.0,243.0,8593.0,,any_withdrawal,risk_ratio,1.0904733852769843,0.1410829367532786,0.8270372236684985,1.4378218657714086,0.5392763255646031,,,,,,,,,,,,,,,,,,,,,,,,,,,,,,
share,incident_stroke,specificity,two_domain_any_current_adjusted,PASS_BASELINE_FREE_RISK_SET,32850,23186,731,32119,18,18,PASS,,,,,two_domain_any,risk_ratio,1.110172027224668,0.1468830660663907,0.8324596417915684,1.4805305484595712,0.476742056596444,6599.0,204.0,6395.0,,,,,,,,,,,,,,,,,,,,,,,,,,,
share,incident_stroke,specificity,domain_specific_current_adjusted,PASS_BASELINE_FREE_RISK_SET,32850,23186,731,32119,20,20,PASS,,,,,alcohol_loss,risk_ratio,1.1543232023876275,0.156459928273504,0.8494708742846478,1.568578859978588,0.3590071945751122,,,,3629.0,101.0,3528.0,3437.0,124.0,3313.0,2667.0,47.0,2620.0,,,,,,,,,,,,,,,,,,
share,incident_stroke,specificity,domain_specific_current_adjusted,PASS_BASELINE_FREE_RISK_SET,32850,23186,731,32119,20,20,PASS,,,,,activity_loss,risk_ratio,1.240015139607875,0.2462180265966747,0.7653248646916275,2.0091305240373933,0.3822752371409821,,,,3629.0,101.0,3528.0,3437.0,124.0,3313.0,2667.0,47.0,2620.0,,,,,,,,,,,,,,,,,,
share,incident_stroke,specificity,domain_specific_current_adjusted,PASS_BASELINE_FREE_RISK_SET,32850,23186,731,32119,20,20,PASS,,,,,work_loss,risk_ratio,0.9998347999308131,0.1892426356829588,0.6899929050401155,1.4488114585679248,0.9993034262274731,,,,3629.0,101.0,3528.0,3437.0,124.0,3313.0,2667.0,47.0,2620.0,,,,,,,,,,,,,,,,,,
share,incident_stroke,specificity,withdrawal_gradient,PASS_BASELINE_FREE_RISK_SET,32850,23186,731,32119,19,19,PASS,,,,,loss_1,risk_ratio,1.1006161307104334,0.1462982183464655,0.8262407383502539,1.4661052293290542,0.5122705757029979,,,,,,,,,,,,,7973.0,216.0,7757.0,863.0,27.0,836.0,,,,,,,,,,,,
share,incident_stroke,specificity,withdrawal_gradient,PASS_BASELINE_FREE_RISK_SET,32850,23186,731,32119,19,19,PASS,,,,,loss_2plus,risk_ratio,1.1575370237746527,0.3046201879018789,0.6371500430213094,2.1029457285373963,0.6310481268580486,,,,,,,,,,,,,7973.0,216.0,7757.0,863.0,27.0,836.0,,,,,,,,,,,,
share,incident_stroke,specificity,direction_symmetry,PASS_BASELINE_FREE_RISK_SET,32850,23186,731,32119,21,21,PASS,,,,,direction_expansion,risk_ratio,1.594582071335894,0.4396930428468,0.6735649504613204,3.774976682626369,0.2885892846628026,,,,,,,,,,,,,,,,,,,3726.0,72.0,3654.0,880.0,23.0,857.0,7124.0,193.0,6931.0,832.0,27.0,805.0
share,incident_stroke,specificity,direction_symmetry,PASS_BASELINE_FREE_RISK_SET,32850,23186,731,32119,21,21,PASS,,,,,direction_mixed,risk_ratio,1.1599940074028916,0.2172823919205103,0.757712825301554,1.7758523444223138,0.494574953943292,,,,,,,,,,,,,,,,,,,3726.0,72.0,3654.0,880.0,23.0,857.0,7124.0,193.0,6931.0,832.0,27.0,805.0
share,incident_stroke,specificity,direction_symmetry,PASS_BASELINE_FREE_RISK_SET,32850,23186,731,32119,21,21,PASS,,,,,direction_contraction_1,risk_ratio,0.707286840328662,0.4213646866060867,0.309691514733615,1.615332195757454,0.4111346981830485,,,,,,,,,,,,,,,,,,,3726.0,72.0,3654.0,880.0,23.0,857.0,7124.0,193.0,6931.0,832.0,27.0,805.0
share,incident_stroke,specificity,direction_symmetry,PASS_BASELINE_FREE_RISK_SET,32850,23186,731,32119,21,21,PASS,,,,,direction_contraction_2_plus,risk_ratio,0.4917289797551137,0.8550248039866089,0.0920295654360292,2.627388148421512,0.4064349871045168,,,,,,,,,,,,,,,,,,,3726.0,72.0,3654.0,880.0,23.0,857.0,7124.0,193.0,6931.0,832.0,27.0,805.0
share,incident_stroke,current_state_decomposition,three_domain_any_without_current_states,PASS_BASELINE_FREE_RISK_SET,32850,23186,731,32119,15,15,PASS,8836.0,243.0,8593.0,,any_withdrawal,risk_ratio,1.3091838206645556,0.0807473171136294,1.117553668653211,1.5336733477465807,0.000848764133166,,,,,,,,,,,,,,,,,,,,,,,,,,,,,,
share,incident_stroke,current_state_decomposition,two_domain_any_without_current_states,PASS_BASELINE_FREE_RISK_SET,32850,23186,731,32119,15,15,PASS,,,,,two_domain_any,risk_ratio,1.297073505747316,0.083515472632681,1.101225068660813,1.527752797489054,0.0018424470797961,6599.0,204.0,6395.0,,,,,,,,,,,,,,,,,,,,,,,,,,,
share,incident_stroke,current_state_decomposition,domain_specific_without_current_states,PASS_BASELINE_FREE_RISK_SET,32850,23186,731,32119,17,17,PASS,,,,,alcohol_loss,risk_ratio,1.2898941856084418,0.1091290675076054,1.0415095450255167,1.5975148936591856,0.019666392929668,,,,3629.0,101.0,3528.0,3437.0,124.0,3313.0,2667.0,47.0,2620.0,,,,,,,,,,,,,,,,,,
share,incident_stroke,current_state_decomposition,domain_specific_without_current_states,PASS_BASELINE_FREE_RISK_SET,32850,23186,731,32119,17,17,PASS,,,,,activity_loss,risk_ratio,1.299373419481156,0.0999894926193798,1.068126691918545,1.5806844787499297,0.0088162918026773,,,,3629.0,101.0,3528.0,3437.0,124.0,3313.0,2667.0,47.0,2620.0,,,,,,,,,,,,,,,,,,
share,incident_stroke,current_state_decomposition,domain_specific_without_current_states,PASS_BASELINE_FREE_RISK_SET,32850,23186,731,32119,17,17,PASS,,,,,work_loss,risk_ratio,1.2018304077915234,0.1627791825052455,0.8735450289814226,1.653488121587212,0.2587215541829342,,,,3629.0,101.0,3528.0,3437.0,124.0,3313.0,2667.0,47.0,2620.0,,,,,,,,,,,,,,,,,,
share,incident_heart_disease,specificity,any_withdrawal,PASS_BASELINE_FREE_RISK_SET,27970,19791,1436,26534,18,18,PASS,7382.0,433.0,6949.0,,any_withdrawal,risk_ratio,0.93893112590205,0.101036322121677,0.7702495672778038,1.1445532677199544,0.5328454484855019,,,,,,,,,,,,,,,,,,,,,,,,,,,,,,
share,incident_heart_disease,specificity,two_domain_any_current_adjusted,PASS_BASELINE_FREE_RISK_SET,27970,19791,1436,26534,18,18,PASS,,,,,two_domain_any,risk_ratio,0.88551340367449,0.1058031749559733,0.7196731722963061,1.0895695688991642,0.2504786783084038,5385.0,354.0,5031.0,,,,,,,,,,,,,,,,,,,,,,,,,,,
share,incident_heart_disease,specificity,domain_specific_current_adjusted,PASS_BASELINE_FREE_RISK_SET,27970,19791,1436,26534,20,20,PASS,,,,,alcohol_loss,risk_ratio,0.9661853785300318,0.1123015052061364,0.7752990403366318,1.2040698325640808,0.7593653321285121,,,,3039.0,168.0,2871.0,2717.0,225.0,2492.0,2368.0,89.0,2279.0,,,,,,,,,,,,,,,,,,
share,incident_heart_disease,specificity,domain_specific_current_adjusted,PASS_BASELINE_FREE_RISK_SET,27970,19791,1436,26534,20,20,PASS,,,,,activity_loss,risk_ratio,0.9289147777154796,0.1697109736781461,0.666066558283825,1.2954901481339745,0.6639302638948075,,,,3039.0,168.0,2871.0,2717.0,225.0,2492.0,2368.0,89.0,2279.0,,,,,,,,,,,,,,,,,,
share,incident_heart_disease,specificity,domain_specific_current_adjusted,PASS_BASELINE_FREE_RISK_SET,27970,19791,1436,26534,20,20,PASS,,,,,work_loss,risk_ratio,0.9286860086835812,0.1343930468586739,0.7136303859500921,1.2085495793125556,0.5819702853748476,,,,3039.0,168.0,2871.0,2717.0,225.0,2492.0,2368.0,89.0,2279.0,,,,,,,,,,,,,,,,,,
share,incident_heart_disease,specificity,withdrawal_gradient,PASS_BASELINE_FREE_RISK_SET,27970,19791,1436,26534,19,19,PASS,,,,,loss_1,risk_ratio,0.9409379566867898,0.104259370199782,0.7670351232829232,1.1542681833714958,0.5592809545951544,,,,,,,,,,,,,6669.0,385.0,6284.0,713.0,48.0,665.0,,,,,,,,,,,,
share,incident_heart_disease,specificity,withdrawal_gradient,PASS_BASELINE_FREE_RISK_SET,27970,19791,1436,26534,19,19,PASS,,,,,loss_2plus,risk_ratio,0.9539898476492152,0.2178116465466735,0.6225039955482567,1.4619932336598502,0.8287911601749576,,,,,,,,,,,,,6669.0,385.0,6284.0,713.0,48.0,665.0,,,,,,,,,,,,
share,incident_heart_disease,specificity,direction_symmetry,PASS_BASELINE_FREE_RISK_SET,27970,19791,1436,26534,21,21,PASS,,,,,direction_expansion,risk_ratio,0.6111796428283844,0.3153743154758764,0.3293986207002268,1.134007650104208,0.1184750976851041,,,,,,,,,,,,,,,,,,,3234.0,158.0,3076.0,745.0,32.0,713.0,5956.0,354.0,5602.0,681.0,47.0,634.0
share,incident_heart_disease,specificity,direction_symmetry,PASS_BASELINE_FREE_RISK_SET,27970,19791,1436,26534,21,21,PASS,,,,,direction_mixed,risk_ratio,0.7742814962582085,0.1801651381482487,0.5439287781063932,1.1021881164937826,0.1556314602150665,,,,,,,,,,,,,,,,,,,3234.0,158.0,3076.0,745.0,32.0,713.0,5956.0,354.0,5602.0,681.0,47.0,634.0
share,incident_heart_disease,specificity,direction_symmetry,PASS_BASELINE_FREE_RISK_SET,27970,19791,1436,26534,21,21,PASS,,,,,direction_contraction_1,risk_ratio,1.5730350058709894,0.2981052499545033,0.8769821191472283,2.8215388611362697,0.1286063581043644,,,,,,,,,,,,,,,,,,,3234.0,158.0,3076.0,745.0,32.0,713.0,5956.0,354.0,5602.0,681.0,47.0,634.0
share,incident_heart_disease,specificity,direction_symmetry,PASS_BASELINE_FREE_RISK_SET,27970,19791,1436,26534,21,21,PASS,,,,,direction_contraction_2_plus,risk_ratio,2.6495128015206424,0.6044064966735596,0.8103903847895783,8.66239064181952,0.1069358390274916,,,,,,,,,,,,,,,,,,,3234.0,158.0,3076.0,745.0,32.0,713.0,5956.0,354.0,5602.0,681.0,47.0,634.0
share,incident_heart_disease,current_state_decomposition,three_domain_any_without_current_states,PASS_BASELINE_FREE_RISK_SET,27970,19791,1436,26534,15,15,PASS,7382.0,433.0,6949.0,,any_withdrawal,risk_ratio,1.1712905196584031,0.0577627458834056,1.0459161999035826,1.3116935004621997,0.0061971257605009,,,,,,,,,,,,,,,,,,,,,,,,,,,,,,
share,incident_heart_disease,current_state_decomposition,two_domain_any_without_current_states,PASS_BASELINE_FREE_RISK_SET,27970,19791,1436,26534,15,15,PASS,,,,,two_domain_any,risk_ratio,1.167403040116312,0.0604291983539198,1.0370110714086784,1.3141902682114437,0.0104259645856268,5385.0,354.0,5031.0,,,,,,,,,,,,,,,,,,,,,,,,,,,
share,incident_heart_disease,current_state_decomposition,domain_specific_without_current_states,PASS_BASELINE_FREE_RISK_SET,27970,19791,1436,26534,17,17,PASS,,,,,alcohol_loss,risk_ratio,1.0388912338866996,0.0817877388210965,0.8850182618862868,1.219517203573031,0.6408572711781269,,,,3039.0,168.0,2871.0,2717.0,225.0,2492.0,2368.0,89.0,2279.0,,,,,,,,,,,,,,,,,,
share,incident_heart_disease,current_state_decomposition,domain_specific_without_current_states,PASS_BASELINE_FREE_RISK_SET,27970,19791,1436,26534,17,17,PASS,,,,,activity_loss,risk_ratio,1.3317942891593504,0.0713784190677459,1.1579231262047631,1.5317735594856827,5.9648205356868536e-05,,,,3039.0,168.0,2871.0,2717.0,225.0,2492.0,2368.0,89.0,2279.0,,,,,,,,,,,,,,,,,,
share,incident_heart_disease,current_state_decomposition,domain_specific_without_current_states,PASS_BASELINE_FREE_RISK_SET,27970,19791,1436,26534,17,17,PASS,,,,,work_loss,risk_ratio,1.0057306905576928,0.1145350200653189,0.8035063574165,1.2588503035394685,0.9602087906194008,,,,3039.0,168.0,2871.0,2717.0,225.0,2492.0,2368.0,89.0,2279.0,,,,,,,,,,,,,,,,,,
share,incident_hypertension,specificity,any_withdrawal,PASS_BASELINE_FREE_RISK_SET,15906,11529,1863,14043,18,18,PASS,4074.0,507.0,3567.0,,any_withdrawal,risk_ratio,0.9617315769166322,0.0829793832434322,0.8173756515777607,1.131582062975801,0.6381864159890733,,,,,,,,,,,,,,,,,,,,,,,,,,,,,,
share,incident_hypertension,specificity,two_domain_any_current_adjusted,PASS_BASELINE_FREE_RISK_SET,15906,11529,1863,14043,18,18,PASS,,,,,two_domain_any,risk_ratio,1.0435084312843643,0.0876520458335934,0.8787926293433634,1.2390976093816262,0.6270510255065447,2817.0,395.0,2422.0,,,,,,,,,,,,,,,,,,,,,,,,,,,
share,incident_hypertension,specificity,domain_specific_current_adjusted,PASS_BASELINE_FREE_RISK_SET,15906,11529,1863,14043,20,20,PASS,,,,,alcohol_loss,risk_ratio,0.957761169272862,0.0974803482286754,0.7911918455136302,1.159398270556515,0.657965797920151,,,,1682.0,206.0,1476.0,1335.0,216.0,1119.0,1455.0,137.0,1318.0,,,,,,,,,,,,,,,,,,
share,incident_hypertension,specificity,domain_specific_current_adjusted,PASS_BASELINE_FREE_RISK_SET,15906,11529,1863,14043,20,20,PASS,,,,,activity_loss,risk_ratio,1.0474997915930646,0.164797096203832,0.7583652119149894,1.4468699198592891,0.7782534437675755,,,,1682.0,206.0,1476.0,1335.0,216.0,1119.0,1455.0,137.0,1318.0,,,,,,,,,,,,,,,,,,
share,incident_hypertension,specificity,domain_specific_current_adjusted,PASS_BASELINE_FREE_RISK_SET,15906,11529,1863,14043,20,20,PASS,,,,,work_loss,risk_ratio,0.9158470225409094,0.1055126695233209,0.744749792211501,1.12625176598753,0.404770540070633,,,,1682.0,206.0,1476.0,1335.0,216.0,1119.0,1455.0,137.0,1318.0,,,,,,,,,,,,,,,,,,
share,incident_hypertension,specificity,withdrawal_gradient,PASS_BASELINE_FREE_RISK_SET,15906,11529,1863,14043,19,19,PASS,,,,,loss_1,risk_ratio,0.95343338708206,0.0857473802747137,0.8059387797819596,1.127920936933574,0.5781297424642369,,,,,,,,,,,,,3692.0,457.0,3235.0,382.0,50.0,332.0,,,,,,,,,,,,
share,incident_hypertension,specificity,withdrawal_gradient,PASS_BASELINE_FREE_RISK_SET,15906,11529,1863,14043,19,19,PASS,,,,,loss_2plus,risk_ratio,0.88811687952553,0.1943532096274625,0.6067871461668737,1.2998818394238838,0.5415330657310897,,,,,,,,,,,,,3692.0,457.0,3235.0,382.0,50.0,332.0,,,,,,,,,,,,
share,incident_hypertension,specificity,direction_symmetry,PASS_BASELINE_FREE_RISK_SET,15906,11529,1863,14043,21,21,PASS,,,,,direction_expansion,risk_ratio,0.9220711823841132,0.2779824781017029,0.5347432790489522,1.5899503531776134,0.7703912253295222,,,,,,,,,,,,,,,,,,,1822.0,208.0,1614.0,420.0,54.0,366.0,3292.0,405.0,2887.0,362.0,48.0,314.0
share,incident_hypertension,specificity,direction_symmetry,PASS_BASELINE_FREE_RISK_SET,15906,11529,1863,14043,21,21,PASS,,,,,direction_mixed,risk_ratio,0.9815785958329316,0.1340842203849929,0.7547313400453595,1.2766086270373285,0.8897125028831288,,,,,,,,,,,,,,,,,,,1822.0,208.0,1614.0,420.0,54.0,366.0,3292.0,405.0,2887.0,362.0,48.0,314.0
share,incident_hypertension,specificity,direction_symmetry,PASS_BASELINE_FREE_RISK_SET,15906,11529,1863,14043,21,21,PASS,,,,,direction_contraction_1,risk_ratio,1.01385460939817,0.2670458292177862,0.6007113781404447,1.711139835872387,0.9589072548829092,,,,,,,,,,,,,,,,,,,1822.0,208.0,1614.0,420.0,54.0,366.0,3292.0,405.0,2887.0,362.0,48.0,314.0
share,incident_hypertension,specificity,direction_symmetry,PASS_BASELINE_FREE_RISK_SET,15906,11529,1863,14043,21,21,PASS,,,,,direction_contraction_2_plus,risk_ratio,1.0284957629057303,0.5493472700110243,0.3504267597073942,3.0186151742472656,0.9592086083552476,,,,,,,,,,,,,,,,,,,1822.0,208.0,1614.0,420.0,54.0,366.0,3292.0,405.0,2887.0,362.0,48.0,314.0
share,incident_hypertension,current_state_decomposition,three_domain_any_without_current_states,PASS_BASELINE_FREE_RISK_SET,15906,11529,1863,14043,15,15,PASS,4074.0,507.0,3567.0,,any_withdrawal,risk_ratio,1.081208533779255,0.0507507884227199,0.9788368605252088,1.194286750592776,0.1239295845156511,,,,,,,,,,,,,,,,,,,,,,,,,,,,,,
share,incident_hypertension,current_state_decomposition,two_domain_any_without_current_states,PASS_BASELINE_FREE_RISK_SET,15906,11529,1863,14043,15,15,PASS,,,,,two_domain_any,risk_ratio,1.130024093231813,0.0539606357757768,1.0166145631097063,1.2560851453655406,0.0234920876414817,2817.0,395.0,2422.0,,,,,,,,,,,,,,,,,,,,,,,,,,,
share,incident_hypertension,current_state_decomposition,domain_specific_without_current_states,PASS_BASELINE_FREE_RISK_SET,15906,11529,1863,14043,17,17,PASS,,,,,alcohol_loss,risk_ratio,1.020370131488273,0.0713180289339198,0.8872616716536412,1.1734477420769611,0.7773656600975746,,,,1682.0,206.0,1476.0,1335.0,216.0,1119.0,1455.0,137.0,1318.0,,,,,,,,,,,,,,,,,,
share,incident_hypertension,current_state_decomposition,domain_specific_without_current_states,PASS_BASELINE_FREE_RISK_SET,15906,11529,1863,14043,17,17,PASS,,,,,activity_loss,risk_ratio,1.1909086469850731,0.0684109438436607,1.0414704393658556,1.3617894006933011,0.0106515460066943,,,,1682.0,206.0,1476.0,1335.0,216.0,1119.0,1455.0,137.0,1318.0,,,,,,,,,,,,,,,,,,
share,incident_hypertension,current_state_decomposition,domain_specific_without_current_states,PASS_BASELINE_FREE_RISK_SET,15906,11529,1863,14043,17,17,PASS,,,,,work_loss,risk_ratio,0.9671296443651608,0.0891709919705012,0.8120489506277203,1.1518268058678698,0.7077972359885849,,,,1682.0,206.0,1476.0,1335.0,216.0,1119.0,1455.0,137.0,1318.0,,,,,,,,,,,,,,,,,,
share,incident_cancer,specificity,any_withdrawal,PASS_BASELINE_FREE_RISK_SET,31494,22375,856,30638,18,18,PASS,8614.0,252.0,8362.0,,any_withdrawal,risk_ratio,0.9016822382887985,0.1325994074691076,0.6953199569043645,1.1692902681309392,0.4350998704482164,,,,,,,,,,,,,,,,,,,,,,,,,,,,,,
share,incident_cancer,specificity,two_domain_any_current_adjusted,PASS_BASELINE_FREE_RISK_SET,31494,22375,856,30638,18,18,PASS,,,,,two_domain_any,risk_ratio,1.0136588380597031,0.1392283392096985,0.7715790624636248,1.3316901533016752,0.9223770513553676,6521.0,209.0,6312.0,,,,,,,,,,,,,,,,,,,,,,,,,,,
share,incident_cancer,specificity,domain_specific_current_adjusted,PASS_BASELINE_FREE_RISK_SET,31494,22375,856,30638,20,20,PASS,,,,,alcohol_loss,risk_ratio,1.0148130417366965,0.1488306410113112,0.7580557888487699,1.358535248761668,0.9212974266680584,,,,3546.0,104.0,3442.0,3459.0,124.0,3335.0,2499.0,57.0,2442.0,,,,,,,,,,,,,,,,,,
share,incident_cancer,specificity,domain_specific_current_adjusted,PASS_BASELINE_FREE_RISK_SET,31494,22375,856,30638,20,20,PASS,,,,,activity_loss,risk_ratio,0.9016878028445168,0.2215632148610821,0.5840650841865007,1.392038174873942,0.6404452613774455,,,,3546.0,104.0,3442.0,3459.0,124.0,3335.0,2499.0,57.0,2442.0,,,,,,,,,,,,,,,,,,
share,incident_cancer,specificity,domain_specific_current_adjusted,PASS_BASELINE_FREE_RISK_SET,31494,22375,856,30638,20,20,PASS,,,,,work_loss,risk_ratio,0.8960416959951897,0.1693226470725531,0.642984525320158,1.2486936922193526,0.5168044564274004,,,,3546.0,104.0,3442.0,3459.0,124.0,3335.0,2499.0,57.0,2442.0,,,,,,,,,,,,,,,,,,
share,incident_cancer,specificity,withdrawal_gradient,PASS_BASELINE_FREE_RISK_SET,31494,22375,856,30638,19,19,PASS,,,,,loss_1,risk_ratio,0.9179102450890484,0.1366555536695403,0.7022290621260644,1.1998353008753433,0.5307905146183614,,,,,,,,,,,,,7757.0,220.0,7537.0,857.0,32.0,825.0,,,,,,,,,,,,
share,incident_cancer,specificity,withdrawal_gradient,PASS_BASELINE_FREE_RISK_SET,31494,22375,856,30638,19,19,PASS,,,,,loss_2plus,risk_ratio,1.0270106864579789,0.2838719030339037,0.5887660518303599,1.7914602019254873,0.9251976473474568,,,,,,,,,,,,,7757.0,220.0,7537.0,857.0,32.0,825.0,,,,,,,,,,,,
share,incident_cancer,specificity,direction_symmetry,PASS_BASELINE_FREE_RISK_SET,31494,22375,856,30638,21,21,PASS,,,,,direction_expansion,risk_ratio,0.7782731209262803,0.4127981050802988,0.3465434123343719,1.7478590825783684,0.5436751904264452,,,,,,,,,,,,,,,,,,,3555.0,87.0,3468.0,844.0,28.0,816.0,6940.0,193.0,6747.0,830.0,31.0,799.0
share,incident_cancer,specificity,direction_symmetry,PASS_BASELINE_FREE_RISK_SET,31494,22375,856,30638,21,21,PASS,,,,,direction_mixed,risk_ratio,1.1075350603112766,0.1929196573462969,0.7588290931126608,1.616482447697335,0.5965092573091066,,,,,,,,,,,,,,,,,,,3555.0,87.0,3468.0,844.0,28.0,816.0,6940.0,193.0,6747.0,830.0,31.0,799.0
share,incident_cancer,specificity,direction_symmetry,PASS_BASELINE_FREE_RISK_SET,31494,22375,856,30638,21,21,PASS,,,,,direction_contraction_1,risk_ratio,1.0464232435073575,0.3956311535018521,0.4818873539611945,2.272318614612653,0.9086848753725376,,,,,,,,,,,,,,,,,,,3555.0,87.0,3468.0,844.0,28.0,816.0,6940.0,193.0,6747.0,830.0,31.0,799.0
share,incident_cancer,specificity,direction_symmetry,PASS_BASELINE_FREE_RISK_SET,31494,22375,856,30638,21,21,PASS,,,,,direction_contraction_2_plus,risk_ratio,1.4267727206728087,0.806796186815964,0.2935003597647087,6.935870191396149,0.6595558641378972,,,,,,,,,,,,,,,,,,,3555.0,87.0,3468.0,844.0,28.0,816.0,6940.0,193.0,6747.0,830.0,31.0,799.0
share,incident_cancer,current_state_decomposition,three_domain_any_without_current_states,PASS_BASELINE_FREE_RISK_SET,31494,22375,856,30638,15,15,PASS,8614.0,252.0,8362.0,,any_withdrawal,risk_ratio,1.1290126987521356,0.0771613811251479,0.9705522931737878,1.3133446625274596,0.1158128341434408,,,,,,,,,,,,,,,,,,,,,,,,,,,,,,
share,incident_cancer,current_state_decomposition,two_domain_any_without_current_states,PASS_BASELINE_FREE_RISK_SET,31494,22375,856,30638,15,15,PASS,,,,,two_domain_any,risk_ratio,1.2317338494144965,0.0801783372972859,1.052613539758008,1.4413345624855298,0.0093362315758335,6521.0,209.0,6312.0,,,,,,,,,,,,,,,,,,,,,,,,,,,
share,incident_cancer,current_state_decomposition,domain_specific_without_current_states,PASS_BASELINE_FREE_RISK_SET,31494,22375,856,30638,17,17,PASS,,,,,alcohol_loss,risk_ratio,1.0686612615763418,0.1059169166570281,0.8683272369419273,1.3152148676298134,0.5306790335438307,,,,3546.0,104.0,3442.0,3459.0,124.0,3335.0,2499.0,57.0,2442.0,,,,,,,,,,,,,,,,,,
share,incident_cancer,current_state_decomposition,domain_specific_without_current_states,PASS_BASELINE_FREE_RISK_SET,31494,22375,856,30638,17,17,PASS,,,,,activity_loss,risk_ratio,1.3559476725346864,0.0971299110581947,1.1208972399629769,1.6402878204187226,0.0017186419607609,,,,3546.0,104.0,3442.0,3459.0,124.0,3335.0,2499.0,57.0,2442.0,,,,,,,,,,,,,,,,,,
share,incident_cancer,current_state_decomposition,domain_specific_without_current_states,PASS_BASELINE_FREE_RISK_SET,31494,22375,856,30638,17,17,PASS,,,,,work_loss,risk_ratio,0.8796060964111878,0.1441146534938597,0.6631589195032038,1.166699055217925,0.3733949202172979,,,,3546.0,104.0,3442.0,3459.0,124.0,3335.0,2499.0,57.0,2442.0,,,,,,,,,,,,,,,,,,
share,incident_arthritis,specificity,any_withdrawal,PASS_BASELINE_FREE_RISK_SET,20460,15296,2636,17824,18,18,PASS,5278.0,723.0,4555.0,,any_withdrawal,risk_ratio,1.1296971929022706,0.0679150314210959,0.9889006675498802,1.290539878806278,0.0725548856707751,,,,,,,,,,,,,,,,,,,,,,,,,,,,,,
share,incident_arthritis,specificity,two_domain_any_current_adjusted,PASS_BASELINE_FREE_RISK_SET,20460,15296,2636,17824,18,18,PASS,,,,,two_domain_any,risk_ratio,1.1416695596174236,0.0747426117413683,0.9860964495875056,1.3217869143553571,0.0762884373962381,3705.0,545.0,3160.0,,,,,,,,,,,,,,,,,,,,,,,,,,,
share,incident_arthritis,specificity,domain_specific_current_adjusted,PASS_BASELINE_FREE_RISK_SET,20460,15296,2636,17824,20,20,PASS,,,,,alcohol_loss,risk_ratio,1.134100779995736,0.0792839624054476,0.9708787999939438,1.324763275493254,0.1124657342363848,,,,2226.0,289.0,1937.0,1751.0,289.0,1462.0,1851.0,212.0,1639.0,,,,,,,,,,,,,,,,,,
share,incident_arthritis,specificity,domain_specific_current_adjusted,PASS_BASELINE_FREE_RISK_SET,20460,15296,2636,17824,20,20,PASS,,,,,activity_loss,risk_ratio,0.9442827574312962,0.1367648620304201,0.7222500788665671,1.2345722791492897,0.675081746842186,,,,2226.0,289.0,1937.0,1751.0,289.0,1462.0,1851.0,212.0,1639.0,,,,,,,,,,,,,,,,,,
share,incident_arthritis,specificity,domain_specific_current_adjusted,PASS_BASELINE_FREE_RISK_SET,20460,15296,2636,17824,20,20,PASS,,,,,work_loss,risk_ratio,1.0765165742947227,0.0846170155885423,0.9119994710801848,1.270711191705673,0.3835669632868682,,,,2226.0,289.0,1937.0,1751.0,289.0,1462.0,1851.0,212.0,1639.0,,,,,,,,,,,,,,,,,,
share,incident_arthritis,specificity,withdrawal_gradient,PASS_BASELINE_FREE_RISK_SET,20460,15296,2636,17824,19,19,PASS,,,,,loss_1,risk_ratio,1.1243792870432134,0.0695781531921666,0.9810424621187994,1.2886585748810462,0.0920108945434411,,,,,,,,,,,,,4750.0,658.0,4092.0,528.0,65.0,463.0,,,,,,,,,,,,
share,incident_arthritis,specificity,withdrawal_gradient,PASS_BASELINE_FREE_RISK_SET,20460,15296,2636,17824,19,19,PASS,,,,,loss_2plus,risk_ratio,1.0755617066596146,0.1644042735440654,0.7792811302733772,1.484487356221134,0.6577131615398001,,,,,,,,,,,,,4750.0,658.0,4092.0,528.0,65.0,463.0,,,,,,,,,,,,
share,incident_arthritis,specificity,direction_symmetry,PASS_BASELINE_FREE_RISK_SET,20460,15296,2636,17824,21,21,PASS,,,,,direction_expansion,risk_ratio,1.1214963987788118,0.1958122738682353,0.7640506924708191,1.6461658694483547,0.5581574053032134,,,,,,,,,,,,,,,,,,,2383.0,313.0,2070.0,518.0,93.0,425.0,4259.0,568.0,3691.0,501.0,62.0,439.0
share,incident_arthritis,specificity,direction_symmetry,PASS_BASELINE_FREE_RISK_SET,20460,15296,2636,17824,21,21,PASS,,,,,direction_mixed,risk_ratio,1.3243492134021633,0.0986744995555128,1.091467055484279,1.606920548106448,0.0044140557986771,,,,,,,,,,,,,,,,,,,2383.0,313.0,2070.0,518.0,93.0,425.0,4259.0,568.0,3691.0,501.0,62.0,439.0
share,incident_arthritis,specificity,direction_symmetry,PASS_BASELINE_FREE_RISK_SET,20460,15296,2636,17824,21,21,PASS,,,,,direction_contraction_1,risk_ratio,0.938830213711456,0.1863466900246835,0.65158108365922,1.352712950516648,0.7348154920904837,,,,,,,,,,,,,,,,,,,2383.0,313.0,2070.0,518.0,93.0,425.0,4259.0,568.0,3691.0,501.0,62.0,439.0
share,incident_arthritis,specificity,direction_symmetry,PASS_BASELINE_FREE_RISK_SET,20460,15296,2636,17824,21,21,PASS,,,,,direction_contraction_2_plus,risk_ratio,0.7981150912979277,0.3910584207004233,0.3708480430771966,1.7176515040283022,0.5641782842229337,,,,,,,,,,,,,,,,,,,2383.0,313.0,2070.0,518.0,93.0,425.0,4259.0,568.0,3691.0,501.0,62.0,439.0
share,incident_arthritis,current_state_decomposition,three_domain_any_without_current_states,PASS_BASELINE_FREE_RISK_SET,20460,15296,2636,17824,15,15,PASS,5278.0,723.0,4555.0,,any_withdrawal,risk_ratio,1.1133942098521163,0.0425675344555351,1.0242722515046534,1.2102706723834222,0.0116239470088244,,,,,,,,,,,,,,,,,,,,,,,,,,,,,,
share,incident_arthritis,current_state_decomposition,two_domain_any_without_current_states,PASS_BASELINE_FREE_RISK_SET,20460,15296,2636,17824,15,15,PASS,,,,,two_domain_any,risk_ratio,1.1251821852353907,0.0453543858875164,1.029478128103757,1.2297832420228847,0.0093082728305418,3705.0,545.0,3160.0,,,,,,,,,,,,,,,,,,,,,,,,,,,
share,incident_arthritis,current_state_decomposition,domain_specific_without_current_states,PASS_BASELINE_FREE_RISK_SET,20460,15296,2636,17824,17,17,PASS,,,,,alcohol_loss,risk_ratio,1.0313237295689552,0.060581514821811,0.9158575534554452,1.1613472326117174,0.6106693792077067,,,,2226.0,289.0,1937.0,1751.0,289.0,1462.0,1851.0,212.0,1639.0,,,,,,,,,,,,,,,,,,
share,incident_arthritis,current_state_decomposition,domain_specific_without_current_states,PASS_BASELINE_FREE_RISK_SET,20460,15296,2636,17824,17,17,PASS,,,,,activity_loss,risk_ratio,1.1638454732763983,0.0584659003236329,1.03783677890323,1.3051534819352006,0.0094541155635571,,,,2226.0,289.0,1937.0,1751.0,289.0,1462.0,1851.0,212.0,1639.0,,,,,,,,,,,,,,,,,,
share,incident_arthritis,current_state_decomposition,domain_specific_without_current_states,PASS_BASELINE_FREE_RISK_SET,20460,15296,2636,17824,17,17,PASS,,,,,work_loss,risk_ratio,1.048056794809203,0.0725649412317409,0.9091120787924036,1.2082372138370474,0.5177366486695857,,,,2226.0,289.0,1937.0,1751.0,289.0,1462.0,1851.0,212.0,1639.0,,,,,,,,,,,,,,,,,,
