cohort,outcome_id,analysis_family,model_id,outcome_coding_status,n,people,events,nonevents,parameters,matrix_rank,model_status,any_withdrawal_n,any_withdrawal_events,any_withdrawal_nonevents,warnings,term,estimate_scale,estimate,standard_error,ci_low,ci_high,p_value,withdrawal_log_rr_attenuation_percent
charls,incident_diabetes,clinical_context,base_same_set_transition_hospitalization,PASS_BASELINE_FREE_RISK_SET,1081,1081,24,1057,15,15,NOT_EVALUABLE_EPV,,,,,,,,,,,,
charls,incident_diabetes,clinical_context,plus_transition_hospitalization,PASS_BASELINE_FREE_RISK_SET,1081,1081,24,1057,16,16,NOT_EVALUABLE_EPV,,,,,,,,,,,,
charls,incident_diabetes,clinical_context,base_same_set_cesd_worsening,PASS_BASELINE_FREE_RISK_SET,1062,1062,24,1038,15,15,NOT_EVALUABLE_EPV,,,,,,,,,,,,
charls,incident_diabetes,clinical_context,plus_cesd_worsening,PASS_BASELINE_FREE_RISK_SET,1062,1062,24,1038,16,16,NOT_EVALUABLE_EPV,,,,,,,,,,,,
charls,incident_diabetes,clinical_context,base_same_set_bmi_or_weight_loss,PASS_BASELINE_FREE_RISK_SET,880,880,21,859,15,15,NOT_EVALUABLE_EPV,,,,,,,,,,,,
charls,incident_diabetes,clinical_context,plus_bmi_or_weight_loss,PASS_BASELINE_FREE_RISK_SET,880,880,21,859,16,16,NOT_EVALUABLE_EPV,,,,,,,,,,,,
charls,incident_diabetes,clinical_context,base_same_set_incident_non_target_disease,PASS_BASELINE_FREE_RISK_SET,1070,1070,23,1047,15,15,NOT_EVALUABLE_EPV,,,,,,,,,,,,
charls,incident_diabetes,clinical_context,plus_incident_non_target_disease,PASS_BASELINE_FREE_RISK_SET,1070,1070,23,1047,16,16,NOT_EVALUABLE_EPV,,,,,,,,,,,,
charls,incident_diabetes,clinical_context,base_same_set_fi_change,PASS_BASELINE_FREE_RISK_SET,0,0,0,0,16,0,NOT_EVALUABLE_CLUSTERS,,,,,,,,,,,,
charls,incident_diabetes,clinical_context,plus_fi_change,PASS_BASELINE_FREE_RISK_SET,0,0,0,0,17,0,NOT_EVALUABLE_CLUSTERS,,,,,,,,,,,,
charls,incident_diabetes,clinical_context,base_same_set_joint_context,PASS_BASELINE_FREE_RISK_SET,0,0,0,0,16,0,NOT_EVALUABLE_CLUSTERS,,,,,,,,,,,,
charls,incident_diabetes,clinical_context,plus_joint_context,PASS_BASELINE_FREE_RISK_SET,0,0,0,0,21,0,NOT_EVALUABLE_CLUSTERS,,,,,,,,,,,,
charls,incident_stroke,clinical_context,base_same_set_transition_hospitalization,PASS_BASELINE_FREE_RISK_SET,1149,1149,7,1142,15,15,NOT_EVALUABLE_EPV,,,,,,,,,,,,
charls,incident_stroke,clinical_context,plus_transition_hospitalization,PASS_BASELINE_FREE_RISK_SET,1149,1149,7,1142,16,16,NOT_EVALUABLE_EPV,,,,,,,,,,,,
charls,incident_stroke,clinical_context,base_same_set_cesd_worsening,PASS_BASELINE_FREE_RISK_SET,1132,1132,7,1125,15,15,NOT_EVALUABLE_EPV,,,,,,,,,,,,
charls,incident_stroke,clinical_context,plus_cesd_worsening,PASS_BASELINE_FREE_RISK_SET,1132,1132,7,1125,16,16,NOT_EVALUABLE_EPV,,,,,,,,,,,,
charls,incident_stroke,clinical_context,base_same_set_bmi_or_weight_loss,PASS_BASELINE_FREE_RISK_SET,931,931,5,926,15,15,NOT_EVALUABLE_EPV,,,,,,,,,,,,
charls,incident_stroke,clinical_context,plus_bmi_or_weight_loss,PASS_BASELINE_FREE_RISK_SET,931,931,5,926,16,16,NOT_EVALUABLE_EPV,,,,,,,,,,,,
charls,incident_stroke,clinical_context,base_same_set_incident_non_target_disease,PASS_BASELINE_FREE_RISK_SET,1133,1133,7,1126,15,15,NOT_EVALUABLE_EPV,,,,,,,,,,,,
charls,incident_stroke,clinical_context,plus_incident_non_target_disease,PASS_BASELINE_FREE_RISK_SET,1133,1133,7,1126,16,16,NOT_EVALUABLE_EPV,,,,,,,,,,,,
charls,incident_stroke,clinical_context,base_same_set_fi_change,PASS_BASELINE_FREE_RISK_SET,0,0,0,0,16,0,NOT_EVALUABLE_CLUSTERS,,,,,,,,,,,,
charls,incident_stroke,clinical_context,plus_fi_change,PASS_BASELINE_FREE_RISK_SET,0,0,0,0,17,0,NOT_EVALUABLE_CLUSTERS,,,,,,,,,,,,
charls,incident_stroke,clinical_context,base_same_set_joint_context,PASS_BASELINE_FREE_RISK_SET,0,0,0,0,16,0,NOT_EVALUABLE_CLUSTERS,,,,,,,,,,,,
charls,incident_stroke,clinical_context,plus_joint_context,PASS_BASELINE_FREE_RISK_SET,0,0,0,0,21,0,NOT_EVALUABLE_CLUSTERS,,,,,,,,,,,,
charls,incident_heart_disease,clinical_context,base_same_set_transition_hospitalization,PASS_BASELINE_FREE_RISK_SET,1000,1000,34,966,15,15,NOT_EVALUABLE_EPV,,,,,,,,,,,,
charls,incident_heart_disease,clinical_context,plus_transition_hospitalization,PASS_BASELINE_FREE_RISK_SET,1000,1000,34,966,16,16,NOT_EVALUABLE_EPV,,,,,,,,,,,,
charls,incident_heart_disease,clinical_context,base_same_set_cesd_worsening,PASS_BASELINE_FREE_RISK_SET,980,980,34,946,15,15,NOT_EVALUABLE_EPV,,,,,,,,,,,,
charls,incident_heart_disease,clinical_context,plus_cesd_worsening,PASS_BASELINE_FREE_RISK_SET,980,980,34,946,16,16,NOT_EVALUABLE_EPV,,,,,,,,,,,,
charls,incident_heart_disease,clinical_context,base_same_set_bmi_or_weight_loss,PASS_BASELINE_FREE_RISK_SET,807,807,31,776,15,15,NOT_EVALUABLE_EPV,,,,,,,,,,,,
charls,incident_heart_disease,clinical_context,plus_bmi_or_weight_loss,PASS_BASELINE_FREE_RISK_SET,807,807,31,776,16,16,NOT_EVALUABLE_EPV,,,,,,,,,,,,
charls,incident_heart_disease,clinical_context,base_same_set_incident_non_target_disease,PASS_BASELINE_FREE_RISK_SET,987,987,34,953,15,15,NOT_EVALUABLE_EPV,,,,,,,,,,,,
charls,incident_heart_disease,clinical_context,plus_incident_non_target_disease,PASS_BASELINE_FREE_RISK_SET,987,987,34,953,16,16,NOT_EVALUABLE_EPV,,,,,,,,,,,,
charls,incident_heart_disease,clinical_context,base_same_set_fi_change,PASS_BASELINE_FREE_RISK_SET,0,0,0,0,16,0,NOT_EVALUABLE_CLUSTERS,,,,,,,,,,,,
charls,incident_heart_disease,clinical_context,plus_fi_change,PASS_BASELINE_FREE_RISK_SET,0,0,0,0,17,0,NOT_EVALUABLE_CLUSTERS,,,,,,,,,,,,
charls,incident_heart_disease,clinical_context,base_same_set_joint_context,PASS_BASELINE_FREE_RISK_SET,0,0,0,0,16,0,NOT_EVALUABLE_CLUSTERS,,,,,,,,,,,,
charls,incident_heart_disease,clinical_context,plus_joint_context,PASS_BASELINE_FREE_RISK_SET,0,0,0,0,21,0,NOT_EVALUABLE_CLUSTERS,,,,,,,,,,,,
charls,incident_hypertension,clinical_context,base_same_set_transition_hospitalization,PASS_BASELINE_FREE_RISK_SET,772,772,50,722,15,15,NOT_EVALUABLE_EPV,,,,,,,,,,,,
charls,incident_hypertension,clinical_context,plus_transition_hospitalization,PASS_BASELINE_FREE_RISK_SET,772,772,50,722,16,16,NOT_EVALUABLE_EPV,,,,,,,,,,,,
charls,incident_hypertension,clinical_context,base_same_set_cesd_worsening,PASS_BASELINE_FREE_RISK_SET,760,760,51,709,15,15,NOT_EVALUABLE_EPV,,,,,,,,,,,,
charls,incident_hypertension,clinical_context,plus_cesd_worsening,PASS_BASELINE_FREE_RISK_SET,760,760,51,709,16,16,NOT_EVALUABLE_EPV,,,,,,,,,,,,
charls,incident_hypertension,clinical_context,base_same_set_bmi_or_weight_loss,PASS_BASELINE_FREE_RISK_SET,610,610,37,573,15,15,NOT_EVALUABLE_EPV,,,,,,,,,,,,
charls,incident_hypertension,clinical_context,plus_bmi_or_weight_loss,PASS_BASELINE_FREE_RISK_SET,610,610,37,573,16,16,NOT_EVALUABLE_EPV,,,,,,,,,,,,
charls,incident_hypertension,clinical_context,base_same_set_incident_non_target_disease,PASS_BASELINE_FREE_RISK_SET,764,764,51,713,15,15,NOT_EVALUABLE_EPV,,,,,,,,,,,,
charls,incident_hypertension,clinical_context,plus_incident_non_target_disease,PASS_BASELINE_FREE_RISK_SET,764,764,51,713,16,16,NOT_EVALUABLE_EPV,,,,,,,,,,,,
charls,incident_hypertension,clinical_context,base_same_set_fi_change,PASS_BASELINE_FREE_RISK_SET,0,0,0,0,16,0,NOT_EVALUABLE_CLUSTERS,,,,,,,,,,,,
charls,incident_hypertension,clinical_context,plus_fi_change,PASS_BASELINE_FREE_RISK_SET,0,0,0,0,17,0,NOT_EVALUABLE_CLUSTERS,,,,,,,,,,,,
charls,incident_hypertension,clinical_context,base_same_set_joint_context,PASS_BASELINE_FREE_RISK_SET,0,0,0,0,16,0,NOT_EVALUABLE_CLUSTERS,,,,,,,,,,,,
charls,incident_hypertension,clinical_context,plus_joint_context,PASS_BASELINE_FREE_RISK_SET,0,0,0,0,21,0,NOT_EVALUABLE_CLUSTERS,,,,,,,,,,,,
charls,incident_cancer,clinical_context,base_same_set_transition_hospitalization,PASS_BASELINE_FREE_RISK_SET,1176,1176,2,1174,15,15,NOT_EVALUABLE_EPV,,,,,,,,,,,,
charls,incident_cancer,clinical_context,plus_transition_hospitalization,PASS_BASELINE_FREE_RISK_SET,1176,1176,2,1174,16,16,NOT_EVALUABLE_EPV,,,,,,,,,,,,
charls,incident_cancer,clinical_context,base_same_set_cesd_worsening,PASS_BASELINE_FREE_RISK_SET,1156,1156,2,1154,15,15,NOT_EVALUABLE_EPV,,,,,,,,,,,,
charls,incident_cancer,clinical_context,plus_cesd_worsening,PASS_BASELINE_FREE_RISK_SET,1156,1156,2,1154,16,16,NOT_EVALUABLE_EPV,,,,,,,,,,,,
charls,incident_cancer,clinical_context,base_same_set_bmi_or_weight_loss,PASS_BASELINE_FREE_RISK_SET,958,958,1,957,15,15,NOT_EVALUABLE_EPV,,,,,,,,,,,,
charls,incident_cancer,clinical_context,plus_bmi_or_weight_loss,PASS_BASELINE_FREE_RISK_SET,958,958,1,957,16,16,NOT_EVALUABLE_EPV,,,,,,,,,,,,
charls,incident_cancer,clinical_context,base_same_set_incident_non_target_disease,PASS_BASELINE_FREE_RISK_SET,1162,1162,2,1160,15,15,NOT_EVALUABLE_EPV,,,,,,,,,,,,
charls,incident_cancer,clinical_context,plus_incident_non_target_disease,PASS_BASELINE_FREE_RISK_SET,1162,1162,2,1160,16,16,NOT_EVALUABLE_EPV,,,,,,,,,,,,
charls,incident_cancer,clinical_context,base_same_set_fi_change,PASS_BASELINE_FREE_RISK_SET,0,0,0,0,16,0,NOT_EVALUABLE_CLUSTERS,,,,,,,,,,,,
charls,incident_cancer,clinical_context,plus_fi_change,PASS_BASELINE_FREE_RISK_SET,0,0,0,0,17,0,NOT_EVALUABLE_CLUSTERS,,,,,,,,,,,,
charls,incident_cancer,clinical_context,base_same_set_joint_context,PASS_BASELINE_FREE_RISK_SET,0,0,0,0,16,0,NOT_EVALUABLE_CLUSTERS,,,,,,,,,,,,
charls,incident_cancer,clinical_context,plus_joint_context,PASS_BASELINE_FREE_RISK_SET,0,0,0,0,21,0,NOT_EVALUABLE_CLUSTERS,,,,,,,,,,,,
charls,incident_arthritis,clinical_context,base_same_set_transition_hospitalization,PASS_BASELINE_FREE_RISK_SET,711,711,21,690,15,15,NOT_EVALUABLE_EPV,,,,,,,,,,,,
charls,incident_arthritis,clinical_context,plus_transition_hospitalization,PASS_BASELINE_FREE_RISK_SET,711,711,21,690,16,16,NOT_EVALUABLE_EPV,,,,,,,,,,,,
charls,incident_arthritis,clinical_context,base_same_set_cesd_worsening,PASS_BASELINE_FREE_RISK_SET,692,692,21,671,15,15,NOT_EVALUABLE_EPV,,,,,,,,,,,,
charls,incident_arthritis,clinical_context,plus_cesd_worsening,PASS_BASELINE_FREE_RISK_SET,692,692,21,671,16,16,NOT_EVALUABLE_EPV,,,,,,,,,,,,
charls,incident_arthritis,clinical_context,base_same_set_bmi_or_weight_loss,PASS_BASELINE_FREE_RISK_SET,579,579,17,562,15,15,NOT_EVALUABLE_EPV,,,,,,,,,,,,
charls,incident_arthritis,clinical_context,plus_bmi_or_weight_loss,PASS_BASELINE_FREE_RISK_SET,579,579,17,562,16,16,NOT_EVALUABLE_EPV,,,,,,,,,,,,
charls,incident_arthritis,clinical_context,base_same_set_incident_non_target_disease,PASS_BASELINE_FREE_RISK_SET,705,705,22,683,15,15,NOT_EVALUABLE_EPV,,,,,,,,,,,,
charls,incident_arthritis,clinical_context,plus_incident_non_target_disease,PASS_BASELINE_FREE_RISK_SET,705,705,22,683,16,16,NOT_EVALUABLE_EPV,,,,,,,,,,,,
charls,incident_arthritis,clinical_context,base_same_set_fi_change,PASS_BASELINE_FREE_RISK_SET,0,0,0,0,16,0,NOT_EVALUABLE_CLUSTERS,,,,,,,,,,,,
charls,incident_arthritis,clinical_context,plus_fi_change,PASS_BASELINE_FREE_RISK_SET,0,0,0,0,17,0,NOT_EVALUABLE_CLUSTERS,,,,,,,,,,,,
charls,incident_arthritis,clinical_context,base_same_set_joint_context,PASS_BASELINE_FREE_RISK_SET,0,0,0,0,16,0,NOT_EVALUABLE_CLUSTERS,,,,,,,,,,,,
charls,incident_arthritis,clinical_context,plus_joint_context,PASS_BASELINE_FREE_RISK_SET,0,0,0,0,21,0,NOT_EVALUABLE_CLUSTERS,,,,,,,,,,,,
elsa,incident_diabetes,clinical_context,base_same_set_self_rated_health_worsening,PASS_BASELINE_FREE_RISK_SET,19026,7408,322,18704,19,19,PASS,3875.0,85.0,3790.0,,any_withdrawal,risk_ratio,1.0792154285005444,0.2264915521377533,0.6923380279433601,1.6822793117019104,0.7364275584496417,
elsa,incident_diabetes,clinical_context,plus_self_rated_health_worsening,PASS_BASELINE_FREE_RISK_SET,19026,7408,322,18704,20,20,PASS,3875.0,85.0,3790.0,,any_withdrawal,risk_ratio,1.0783622782943318,0.2264220907868306,0.6918849032309045,1.6807205906905822,0.7389845162638282,1.037381574064299
elsa,incident_diabetes,clinical_context,plus_self_rated_health_worsening,PASS_BASELINE_FREE_RISK_SET,19026,7408,322,18704,20,20,PASS,3875.0,85.0,3790.0,,context_self_rated_health_worsening,risk_ratio,1.200794050570193,0.1191137730868055,0.9507770716897612,1.5165556625404886,0.124488371555804,1.037381574064299
elsa,incident_diabetes,clinical_context,base_same_set_cesd_worsening,PASS_BASELINE_FREE_RISK_SET,24563,7554,425,24138,21,21,PASS,4980.0,105.0,4875.0,,any_withdrawal,risk_ratio,0.9492535629251768,0.2017019914997816,0.6392830496924233,1.4095201290878558,0.7962530466637312,
elsa,incident_diabetes,clinical_context,plus_cesd_worsening,PASS_BASELINE_FREE_RISK_SET,24563,7554,425,24138,22,22,PASS,4980.0,105.0,4875.0,,any_withdrawal,risk_ratio,0.9462182014458468,0.2014034038025977,0.6376118939531632,1.404191002768811,0.7837124394207894,-6.149759143949948
elsa,incident_diabetes,clinical_context,plus_cesd_worsening,PASS_BASELINE_FREE_RISK_SET,24563,7554,425,24138,22,22,PASS,4980.0,105.0,4875.0,,context_cesd_worsening,risk_ratio,1.129585747481069,0.1059401510141583,0.9177888642893248,1.390258708249187,0.2500669142446451,-6.149759143949948
elsa,incident_diabetes,clinical_context,base_same_set_bmi_or_weight_loss,PASS_BASELINE_FREE_RISK_SET,12683,6536,255,12428,18,18,PASS,2602.0,65.0,2537.0,,any_withdrawal,risk_ratio,0.9087514709753738,0.2603762119503461,0.5455222810749875,1.513832275324401,0.7132593431727423,
elsa,incident_diabetes,clinical_context,plus_bmi_or_weight_loss,PASS_BASELINE_FREE_RISK_SET,12683,6536,255,12428,19,19,PASS,2602.0,65.0,2537.0,,any_withdrawal,risk_ratio,0.9079896737221804,0.260172507055954,0.5452826381723902,1.5119594681198425,0.7106424761061574,-0.8764733629095354
elsa,incident_diabetes,clinical_context,plus_bmi_or_weight_loss,PASS_BASELINE_FREE_RISK_SET,12683,6536,255,12428,19,19,PASS,2602.0,65.0,2537.0,,context_bmi_or_weight_loss,risk_ratio,1.2016597179197008,0.2769842607208498,0.6982518142796611,2.0680018986567434,0.5071845824633041,-0.8764733629095354
elsa,incident_diabetes,clinical_context,base_same_set_incident_non_target_disease,PASS_BASELINE_FREE_RISK_SET,24697,7581,428,24269,21,21,PASS,5011.0,106.0,4905.0,,any_withdrawal,risk_ratio,0.9883892845939014,0.1990135279853725,0.6691560460398801,1.4599186298644349,0.9532048592752526,
elsa,incident_diabetes,clinical_context,plus_incident_non_target_disease,PASS_BASELINE_FREE_RISK_SET,24697,7581,428,24269,22,22,PASS,5011.0,106.0,4905.0,,any_withdrawal,risk_ratio,0.9903293571495166,0.199050521973509,0.6704208956552912,1.462890315603239,0.9610625004256214,16.790806774916334
elsa,incident_diabetes,clinical_context,plus_incident_non_target_disease,PASS_BASELINE_FREE_RISK_SET,24697,7581,428,24269,22,22,PASS,5011.0,106.0,4905.0,,context_incident_non_target_disease,risk_ratio,0.8672021827751528,0.1467026346813235,0.6504993295657026,1.156095927588548,0.331429918335853,16.790806774916334
elsa,incident_diabetes,clinical_context,base_same_set_fi_change,PASS_BASELINE_FREE_RISK_SET,3721,3721,77,3644,15,15,NOT_EVALUABLE_EPV,,,,,,,,,,,,
elsa,incident_diabetes,clinical_context,plus_fi_change,PASS_BASELINE_FREE_RISK_SET,3721,3721,77,3644,16,16,NOT_EVALUABLE_EPV,,,,,,,,,,,,
elsa,incident_diabetes,clinical_context,base_same_set_joint_context,PASS_BASELINE_FREE_RISK_SET,3466,3466,70,3396,15,15,NOT_EVALUABLE_EPV,,,,,,,,,,,,
elsa,incident_diabetes,clinical_context,plus_joint_context,PASS_BASELINE_FREE_RISK_SET,3466,3466,70,3396,20,20,NOT_EVALUABLE_EPV,,,,,,,,,,,,
elsa,incident_stroke,clinical_context,base_same_set_self_rated_health_worsening,PASS_BASELINE_FREE_RISK_SET,20339,7858,211,20128,19,19,PASS,4221.0,53.0,4168.0,,any_withdrawal,risk_ratio,0.7542700653588812,0.3018879537125334,0.4174066657059597,1.3629953190476034,0.3502330730316327,
elsa,incident_stroke,clinical_context,plus_self_rated_health_worsening,PASS_BASELINE_FREE_RISK_SET,20339,7858,211,20128,20,20,PASS,4221.0,53.0,4168.0,,any_withdrawal,risk_ratio,0.7482367521869068,0.3014784159021228,0.4144003784649989,1.351008026095462,0.3360269418704151,-2.847837796822726
elsa,incident_stroke,clinical_context,plus_self_rated_health_worsening,PASS_BASELINE_FREE_RISK_SET,20339,7858,211,20128,20,20,PASS,4221.0,53.0,4168.0,,context_self_rated_health_worsening,risk_ratio,1.40671442585982,0.1446351802542756,1.0594787550283584,1.867753804906788,0.0183029628359619,-2.847837796822726
elsa,incident_stroke,clinical_context,base_same_set_cesd_worsening,PASS_BASELINE_FREE_RISK_SET,26240,8001,290,25950,21,21,PASS,5409.0,70.0,5339.0,,any_withdrawal,risk_ratio,0.7089649782146634,0.2605313179714678,0.4254613583552145,1.1813795318052718,0.1867737563336938,
elsa,incident_stroke,clinical_context,plus_cesd_worsening,PASS_BASELINE_FREE_RISK_SET,26240,8001,290,25950,22,22,PASS,5409.0,70.0,5339.0,,any_withdrawal,risk_ratio,0.7122544764707375,0.2606480283303109,0.4273376756381827,1.1871324907053815,0.1929737215729314,1.345875996929799
elsa,incident_stroke,clinical_context,plus_cesd_worsening,PASS_BASELINE_FREE_RISK_SET,26240,8001,290,25950,22,22,PASS,5409.0,70.0,5339.0,,context_cesd_worsening,risk_ratio,0.8648174603283774,0.1360316774766558,0.6624209748692265,1.1290542843038371,0.2856697877581462,1.345875996929799
elsa,incident_stroke,clinical_context,base_same_set_bmi_or_weight_loss,PASS_BASELINE_FREE_RISK_SET,13489,6912,128,13361,18,18,NOT_EVALUABLE_EPV,,,,,,,,,,,,
elsa,incident_stroke,clinical_context,plus_bmi_or_weight_loss,PASS_BASELINE_FREE_RISK_SET,13489,6912,128,13361,19,19,NOT_EVALUABLE_EPV,,,,,,,,,,,,
elsa,incident_stroke,clinical_context,base_same_set_incident_non_target_disease,PASS_BASELINE_FREE_RISK_SET,26376,8028,292,26084,21,21,PASS,5441.0,70.0,5371.0,,any_withdrawal,risk_ratio,0.6943585559993699,0.2603413749964981,0.4168509649459234,1.1566095435381216,0.1611813003614759,
elsa,incident_stroke,clinical_context,plus_incident_non_target_disease,PASS_BASELINE_FREE_RISK_SET,26376,8028,292,26084,22,22,PASS,5441.0,70.0,5371.0,,any_withdrawal,risk_ratio,0.6930776123916861,0.2605275056090378,0.4159302008379809,1.154897085690769,0.1593692461534451,-0.5062112750445771
elsa,incident_stroke,clinical_context,plus_incident_non_target_disease,PASS_BASELINE_FREE_RISK_SET,26376,8028,292,26084,22,22,PASS,5441.0,70.0,5371.0,,context_incident_non_target_disease,risk_ratio,1.0864605219557273,0.1749600688950097,0.7710591045384111,1.5308767626509605,0.6355239043819749,-0.5062112750445771
elsa,incident_stroke,clinical_context,base_same_set_fi_change,PASS_BASELINE_FREE_RISK_SET,4005,4005,29,3976,15,15,NOT_EVALUABLE_EPV,,,,,,,,,,,,
elsa,incident_stroke,clinical_context,plus_fi_change,PASS_BASELINE_FREE_RISK_SET,4005,4005,29,3976,16,16,NOT_EVALUABLE_EPV,,,,,,,,,,,,
elsa,incident_stroke,clinical_context,base_same_set_joint_context,PASS_BASELINE_FREE_RISK_SET,3729,3729,27,3702,15,15,NOT_EVALUABLE_EPV,,,,,,,,,,,,
elsa,incident_stroke,clinical_context,plus_joint_context,PASS_BASELINE_FREE_RISK_SET,3729,3729,27,3702,20,20,NOT_EVALUABLE_EPV,,,,,,,,,,,,
elsa,incident_heart_disease,clinical_context,base_same_set_self_rated_health_worsening,PASS_BASELINE_FREE_RISK_SET,17259,6851,675,16584,19,19,PASS,3553.0,162.0,3391.0,,any_withdrawal,risk_ratio,1.0598640483020545,0.1595427817241594,0.775259503389442,1.4489494110966583,0.7155441077959359,
elsa,incident_heart_disease,clinical_context,plus_self_rated_health_worsening,PASS_BASELINE_FREE_RISK_SET,17259,6851,675,16584,20,20,PASS,3553.0,162.0,3391.0,,any_withdrawal,risk_ratio,1.055758039872874,0.1594342378944589,0.772420387283388,1.443029025523734,0.7336138084546879,6.676247834325226
elsa,incident_heart_disease,clinical_context,plus_self_rated_health_worsening,PASS_BASELINE_FREE_RISK_SET,17259,6851,675,16584,20,20,PASS,3553.0,162.0,3391.0,,context_self_rated_health_worsening,risk_ratio,1.2060653173002804,0.0811470654796726,1.0287226956091775,1.413980225966786,0.0209472175137058,6.676247834325226
elsa,incident_heart_disease,clinical_context,base_same_set_cesd_worsening,PASS_BASELINE_FREE_RISK_SET,22362,6985,883,21479,21,21,PASS,4568.0,207.0,4361.0,,any_withdrawal,risk_ratio,1.020032304952352,0.1417504954671911,0.7726017469742796,1.3467040518885154,0.88872002748664,
elsa,incident_heart_disease,clinical_context,plus_cesd_worsening,PASS_BASELINE_FREE_RISK_SET,22362,6985,883,21479,22,22,PASS,4568.0,207.0,4361.0,,any_withdrawal,risk_ratio,1.0165559935474646,0.1418250758987366,0.7698561470149756,1.342310627802483,0.9078272931460736,17.211907586479487
elsa,incident_heart_disease,clinical_context,plus_cesd_worsening,PASS_BASELINE_FREE_RISK_SET,22362,6985,883,21479,22,22,PASS,4568.0,207.0,4361.0,,context_cesd_worsening,risk_ratio,1.0976816777460552,0.0725663837962606,0.9521553177014408,1.2654501248473902,0.199020699906265,17.211907586479487
elsa,incident_heart_disease,clinical_context,base_same_set_bmi_or_weight_loss,PASS_BASELINE_FREE_RISK_SET,11493,6013,443,11050,18,18,PASS,2392.0,104.0,2288.0,,any_withdrawal,risk_ratio,1.046402355734556,0.202982471416985,0.7029423610695447,1.557678055453682,0.8231794669428982,
elsa,incident_heart_disease,clinical_context,plus_bmi_or_weight_loss,PASS_BASELINE_FREE_RISK_SET,11493,6013,443,11050,19,19,PASS,2392.0,104.0,2288.0,,any_withdrawal,risk_ratio,1.0388042679435363,0.2027148891665858,0.6982042672335087,1.545556734239789,0.8510316833685286,16.06695889510376
elsa,incident_heart_disease,clinical_context,plus_bmi_or_weight_loss,PASS_BASELINE_FREE_RISK_SET,11493,6013,443,11050,19,19,PASS,2392.0,104.0,2288.0,,context_bmi_or_weight_loss,risk_ratio,1.3240963827499517,0.1872951730515183,0.9172625421878072,1.9113734074758897,0.1339085581541589,16.06695889510376
elsa,incident_heart_disease,clinical_context,base_same_set_incident_non_target_disease,PASS_BASELINE_FREE_RISK_SET,22485,7019,891,21594,21,21,PASS,4599.0,209.0,4390.0,,any_withdrawal,risk_ratio,1.0226281321837865,0.1407401335240896,0.7761032766766662,1.3474602261850506,0.8736787682798749,
elsa,incident_heart_disease,clinical_context,plus_incident_non_target_disease,PASS_BASELINE_FREE_RISK_SET,22485,7019,891,21594,22,22,PASS,4599.0,209.0,4390.0,,any_withdrawal,risk_ratio,1.0222562449491313,0.1408270970867678,0.7756888163601198,1.3471998155666909,0.875791440799189,1.6255178226425278
elsa,incident_heart_disease,clinical_context,plus_incident_non_target_disease,PASS_BASELINE_FREE_RISK_SET,22485,7019,891,21594,22,22,PASS,4599.0,209.0,4390.0,,context_incident_non_target_disease,risk_ratio,1.0177556367927714,0.0998381385231977,0.8368760491222162,1.2377299330168652,0.86007098510151,1.6255178226425278
elsa,incident_heart_disease,clinical_context,base_same_set_fi_change,PASS_BASELINE_FREE_RISK_SET,3327,3327,144,3183,15,15,NOT_EVALUABLE_EPV,,,,,,,,,,,,
elsa,incident_heart_disease,clinical_context,plus_fi_change,PASS_BASELINE_FREE_RISK_SET,3327,3327,144,3183,16,16,NOT_EVALUABLE_EPV,,,,,,,,,,,,
elsa,incident_heart_disease,clinical_context,base_same_set_joint_context,PASS_BASELINE_FREE_RISK_SET,3103,3103,138,2965,15,15,NOT_EVALUABLE_EPV,,,,,,,,,,,,
elsa,incident_heart_disease,clinical_context,plus_joint_context,PASS_BASELINE_FREE_RISK_SET,3103,3103,138,2965,20,20,NOT_EVALUABLE_EPV,,,,,,,,,,,,
elsa,incident_hypertension,clinical_context,base_same_set_self_rated_health_worsening,PASS_BASELINE_FREE_RISK_SET,11821,4803,629,11192,19,19,PASS,2375.0,136.0,2239.0,,any_withdrawal,risk_ratio,0.856973565197325,0.1668108942625803,0.6179847170098527,1.1883848762481697,0.3548158451343071,
elsa,incident_hypertension,clinical_context,plus_self_rated_health_worsening,PASS_BASELINE_FREE_RISK_SET,11821,4803,629,11192,20,20,PASS,2375.0,136.0,2239.0,,any_withdrawal,risk_ratio,0.85670750887018,0.1667980000121441,0.617808470471106,1.18798590636817,0.3538114692694996,-0.201174070073957
elsa,incident_hypertension,clinical_context,plus_self_rated_health_worsening,PASS_BASELINE_FREE_RISK_SET,11821,4803,629,11192,20,20,PASS,2375.0,136.0,2239.0,,context_self_rated_health_worsening,risk_ratio,1.0334202429920478,0.0869573713305739,0.871482590594414,1.2254489190625362,0.7053960890072789,-0.201174070073957
elsa,incident_hypertension,clinical_context,base_same_set_cesd_worsening,PASS_BASELINE_FREE_RISK_SET,15137,4903,810,14327,21,21,PASS,3008.0,176.0,2832.0,,any_withdrawal,risk_ratio,0.9673463522657934,0.1436661505174926,0.7299500611749655,1.2819492935389172,0.8172510211777442,
elsa,incident_hypertension,clinical_context,plus_cesd_worsening,PASS_BASELINE_FREE_RISK_SET,15137,4903,810,14327,22,22,PASS,3008.0,176.0,2832.0,,any_withdrawal,risk_ratio,0.9706324092150748,0.1434725176979718,0.7327077070892298,1.2858159736866626,0.8354185359137796,10.21493774465232
elsa,incident_hypertension,clinical_context,plus_cesd_worsening,PASS_BASELINE_FREE_RISK_SET,15137,4903,810,14327,22,22,PASS,3008.0,176.0,2832.0,,context_cesd_worsening,risk_ratio,0.8957814764075236,0.0802689987239567,0.7653797751277043,1.0484003883444104,0.1703361761059818,10.21493774465232
elsa,incident_hypertension,clinical_context,base_same_set_bmi_or_weight_loss,PASS_BASELINE_FREE_RISK_SET,7881,4240,452,7429,18,18,PASS,1592.0,94.0,1498.0,,any_withdrawal,risk_ratio,0.7020188809837202,0.2036356152347017,0.470992338685048,1.0463662968139913,0.0823179239751533,
elsa,incident_hypertension,clinical_context,plus_bmi_or_weight_loss,PASS_BASELINE_FREE_RISK_SET,7881,4240,452,7429,19,19,PASS,1592.0,94.0,1498.0,,any_withdrawal,risk_ratio,0.7047420314737755,0.2035685503188885,0.4728814846187952,1.0502871164984569,0.0856241060956562,1.094284436058349
elsa,incident_hypertension,clinical_context,plus_bmi_or_weight_loss,PASS_BASELINE_FREE_RISK_SET,7881,4240,452,7429,19,19,PASS,1592.0,94.0,1498.0,,context_bmi_or_weight_loss,risk_ratio,0.6882832837810133,0.2877962562963072,0.3915566503164023,1.2098731520702517,0.1942930239173513,1.094284436058349
elsa,incident_hypertension,clinical_context,base_same_set_incident_non_target_disease,PASS_BASELINE_FREE_RISK_SET,15224,4926,813,14411,21,21,PASS,3028.0,176.0,2852.0,,any_withdrawal,risk_ratio,0.9717490540132374,0.1429696874670433,0.7342739280179958,1.2860271731621102,0.8411318918235816,
elsa,incident_hypertension,clinical_context,plus_incident_non_target_disease,PASS_BASELINE_FREE_RISK_SET,15224,4926,813,14411,22,22,PASS,3028.0,176.0,2852.0,,any_withdrawal,risk_ratio,0.9719625201869287,0.1429171602642673,0.7345108425735771,1.2861772568775838,0.8422763194405142,0.766454135446295
elsa,incident_hypertension,clinical_context,plus_incident_non_target_disease,PASS_BASELINE_FREE_RISK_SET,15224,4926,813,14411,22,22,PASS,3028.0,176.0,2852.0,,context_incident_non_target_disease,risk_ratio,1.0230778432366612,0.1306592242434838,0.7919382981370789,1.3216790699274954,0.861379053658105,0.766454135446295
elsa,incident_hypertension,clinical_context,base_same_set_fi_change,PASS_BASELINE_FREE_RISK_SET,2354,2354,125,2229,15,15,NOT_EVALUABLE_EPV,,,,,,,,,,,,
elsa,incident_hypertension,clinical_context,plus_fi_change,PASS_BASELINE_FREE_RISK_SET,2354,2354,125,2229,16,16,NOT_EVALUABLE_EPV,,,,,,,,,,,,
elsa,incident_hypertension,clinical_context,base_same_set_joint_context,PASS_BASELINE_FREE_RISK_SET,2202,2202,118,2084,15,15,NOT_EVALUABLE_EPV,,,,,,,,,,,,
elsa,incident_hypertension,clinical_context,plus_joint_context,PASS_BASELINE_FREE_RISK_SET,2202,2202,118,2084,20,20,NOT_EVALUABLE_EPV,,,,,,,,,,,,
elsa,incident_cancer,clinical_context,base_same_set_self_rated_health_worsening,PASS_BASELINE_FREE_RISK_SET,18843,7472,527,18316,19,19,PASS,3974.0,115.0,3859.0,,any_withdrawal,risk_ratio,0.7669758357788258,0.1982335454068341,0.5200498573477821,1.1311452630112662,0.1807920389268927,
elsa,incident_cancer,clinical_context,plus_self_rated_health_worsening,PASS_BASELINE_FREE_RISK_SET,18843,7472,527,18316,20,20,PASS,3974.0,115.0,3859.0,,any_withdrawal,risk_ratio,0.7665013967548888,0.1982407499034338,0.5197208239996013,1.130461517215724,0.1797928822516287,-0.233236147213004
elsa,incident_cancer,clinical_context,plus_self_rated_health_worsening,PASS_BASELINE_FREE_RISK_SET,18843,7472,527,18316,20,20,PASS,3974.0,115.0,3859.0,,context_self_rated_health_worsening,risk_ratio,1.066638836097558,0.0950682858088696,0.8853094920130091,1.2851081084476106,0.4973974036063728,-0.233236147213004
elsa,incident_cancer,clinical_context,base_same_set_cesd_worsening,PASS_BASELINE_FREE_RISK_SET,24422,7630,667,23755,21,21,PASS,5114.0,143.0,4971.0,,any_withdrawal,risk_ratio,0.8237911842407198,0.1703898131875472,0.5899036293244238,1.150411493500927,0.2552808119700926,
elsa,incident_cancer,clinical_context,plus_cesd_worsening,PASS_BASELINE_FREE_RISK_SET,24422,7630,667,23755,22,22,PASS,5114.0,143.0,4971.0,,any_withdrawal,risk_ratio,0.8251974450920695,0.1703986796046995,0.590900361450543,1.152395340755724,0.2595110973644352,0.8799114358188241
elsa,incident_cancer,clinical_context,plus_cesd_worsening,PASS_BASELINE_FREE_RISK_SET,24422,7630,667,23755,22,22,PASS,5114.0,143.0,4971.0,,context_cesd_worsening,risk_ratio,0.926211802382464,0.0883805036849628,0.778898181023491,1.1013869640128229,0.3857780820579836,0.8799114358188241
elsa,incident_cancer,clinical_context,base_same_set_bmi_or_weight_loss,PASS_BASELINE_FREE_RISK_SET,12556,6551,364,12192,18,18,PASS,2692.0,67.0,2625.0,,any_withdrawal,risk_ratio,0.5299223080341988,0.2404527376596503,0.3307794044508829,0.8489574888088008,0.0082672687171793,
elsa,incident_cancer,clinical_context,plus_bmi_or_weight_loss,PASS_BASELINE_FREE_RISK_SET,12556,6551,364,12192,19,19,PASS,2692.0,67.0,2625.0,,any_withdrawal,risk_ratio,0.5295592535488592,0.2403595431502,0.3306131681257211,0.8482209120980497,0.0081731882211547,-0.1079239124087994
elsa,incident_cancer,clinical_context,plus_bmi_or_weight_loss,PASS_BASELINE_FREE_RISK_SET,12556,6551,364,12192,19,19,PASS,2692.0,67.0,2625.0,,context_bmi_or_weight_loss,risk_ratio,1.2476594552652975,0.2353955321267843,0.7865512434977577,1.979087985914978,0.3472228773471327,-0.1079239124087994
elsa,incident_cancer,clinical_context,base_same_set_incident_non_target_disease,PASS_BASELINE_FREE_RISK_SET,24551,7660,670,23881,21,21,PASS,5144.0,144.0,5000.0,,any_withdrawal,risk_ratio,0.8249984378257772,0.1699892763369836,0.5912320816147206,1.1511933191380903,0.2577681963415517,
elsa,incident_cancer,clinical_context,plus_incident_non_target_disease,PASS_BASELINE_FREE_RISK_SET,24551,7660,670,23881,22,22,PASS,5144.0,144.0,5000.0,,any_withdrawal,risk_ratio,0.8279842990312379,0.1701137012581791,0.5932272010243476,1.1556415455300628,0.2671640202851553,1.877957993088903
elsa,incident_cancer,clinical_context,plus_incident_non_target_disease,PASS_BASELINE_FREE_RISK_SET,24551,7660,670,23881,22,22,PASS,5144.0,144.0,5000.0,,context_incident_non_target_disease,risk_ratio,0.8292750560378737,0.1287442260993601,0.6443344001947136,1.067298468557322,0.1459263197198383,1.877957993088903
elsa,incident_cancer,clinical_context,base_same_set_fi_change,PASS_BASELINE_FREE_RISK_SET,3638,3638,114,3524,15,15,NOT_EVALUABLE_EPV,,,,,,,,,,,,
elsa,incident_cancer,clinical_context,plus_fi_change,PASS_BASELINE_FREE_RISK_SET,3638,3638,114,3524,16,16,NOT_EVALUABLE_EPV,,,,,,,,,,,,
elsa,incident_cancer,clinical_context,base_same_set_joint_context,PASS_BASELINE_FREE_RISK_SET,3385,3385,107,3278,15,15,NOT_EVALUABLE_EPV,,,,,,,,,,,,
elsa,incident_cancer,clinical_context,plus_joint_context,PASS_BASELINE_FREE_RISK_SET,3385,3385,107,3278,20,20,NOT_EVALUABLE_EPV,,,,,,,,,,,,
elsa,incident_arthritis,clinical_context,base_same_set_self_rated_health_worsening,PASS_BASELINE_FREE_RISK_SET,12816,5256,664,12152,19,19,PASS,2519.0,143.0,2376.0,,any_withdrawal,risk_ratio,1.2920225825919265,0.1550449625949306,0.9534448847783612,1.7508325657602792,0.0984364969429261,
elsa,incident_arthritis,clinical_context,plus_self_rated_health_worsening,PASS_BASELINE_FREE_RISK_SET,12816,5256,664,12152,20,20,PASS,2519.0,143.0,2376.0,,any_withdrawal,risk_ratio,1.2949003864527389,0.1550642228963257,0.9555324815028872,1.7547985477146613,0.0955891741694805,-0.8683877413226097
elsa,incident_arthritis,clinical_context,plus_self_rated_health_worsening,PASS_BASELINE_FREE_RISK_SET,12816,5256,664,12152,20,20,PASS,2519.0,143.0,2376.0,,context_self_rated_health_worsening,risk_ratio,1.19945737748728,0.0826783829202706,1.020020388963485,1.4104600417552702,0.0278267869919268,-0.8683877413226097
elsa,incident_arthritis,clinical_context,base_same_set_cesd_worsening,PASS_BASELINE_FREE_RISK_SET,16504,5380,866,15638,21,21,PASS,3219.0,186.0,3033.0,,any_withdrawal,risk_ratio,1.1356212955852911,0.137576004640789,0.8672186729436271,1.4870940481590014,0.3552605436734698,
elsa,incident_arthritis,clinical_context,plus_cesd_worsening,PASS_BASELINE_FREE_RISK_SET,16504,5380,866,15638,22,22,PASS,3219.0,186.0,3033.0,,any_withdrawal,risk_ratio,1.134866894586975,0.1375017185704133,0.8667687642756116,1.485889803038584,0.3575203549968031,0.522509927053289
elsa,incident_arthritis,clinical_context,plus_cesd_worsening,PASS_BASELINE_FREE_RISK_SET,16504,5380,866,15638,22,22,PASS,3219.0,186.0,3033.0,,context_cesd_worsening,risk_ratio,1.0801317734142668,0.075242209157566,0.9320312135235812,1.251765639402087,0.3056154663595394,0.522509927053289
elsa,incident_arthritis,clinical_context,base_same_set_bmi_or_weight_loss,PASS_BASELINE_FREE_RISK_SET,8484,4587,441,8043,18,18,PASS,1680.0,98.0,1582.0,,any_withdrawal,risk_ratio,1.1045496353528832,0.1939652873703508,0.7552342632407445,1.6154323980522065,0.608191202342446,
elsa,incident_arthritis,clinical_context,plus_bmi_or_weight_loss,PASS_BASELINE_FREE_RISK_SET,8484,4587,441,8043,19,19,PASS,1680.0,98.0,1582.0,,any_withdrawal,risk_ratio,1.104462076702183,0.193987001883624,0.7551422558516301,1.615373089534764,0.6085172996469754,0.0797223414686201
elsa,incident_arthritis,clinical_context,plus_bmi_or_weight_loss,PASS_BASELINE_FREE_RISK_SET,8484,4587,441,8043,19,19,PASS,1680.0,98.0,1582.0,,context_bmi_or_weight_loss,risk_ratio,1.05852058371656,0.2266269380912578,0.6788817097376714,1.65045811380691,0.8018519907398949,0.0797223414686201
elsa,incident_arthritis,clinical_context,base_same_set_incident_non_target_disease,PASS_BASELINE_FREE_RISK_SET,16580,5405,874,15706,21,21,PASS,3238.0,189.0,3049.0,,any_withdrawal,risk_ratio,1.1339975030032303,0.1368857392737757,0.8671510329304022,1.4829600473078974,0.3582828023228199,
elsa,incident_arthritis,clinical_context,plus_incident_non_target_disease,PASS_BASELINE_FREE_RISK_SET,16580,5405,874,15706,22,22,PASS,3238.0,189.0,3049.0,,any_withdrawal,risk_ratio,1.134147739120548,0.1368489730111151,0.8673284141672413,1.4830496420289343,0.357647520807253,-0.1053486402252345
elsa,incident_arthritis,clinical_context,plus_incident_non_target_disease,PASS_BASELINE_FREE_RISK_SET,16580,5405,874,15706,22,22,PASS,3238.0,189.0,3049.0,,context_incident_non_target_disease,risk_ratio,0.9947745259790268,0.1140478132223306,0.7955124498425938,1.2439482973932117,0.9633593442293548,-0.1053486402252345
elsa,incident_arthritis,clinical_context,base_same_set_fi_change,PASS_BASELINE_FREE_RISK_SET,2466,2466,134,2332,15,15,NOT_EVALUABLE_EPV,,,,,,,,,,,,
elsa,incident_arthritis,clinical_context,plus_fi_change,PASS_BASELINE_FREE_RISK_SET,2466,2466,134,2332,16,16,NOT_EVALUABLE_EPV,,,,,,,,,,,,
elsa,incident_arthritis,clinical_context,base_same_set_joint_context,PASS_BASELINE_FREE_RISK_SET,2292,2292,121,2171,15,15,NOT_EVALUABLE_EPV,,,,,,,,,,,,
elsa,incident_arthritis,clinical_context,plus_joint_context,PASS_BASELINE_FREE_RISK_SET,2292,2292,121,2171,20,20,NOT_EVALUABLE_EPV,,,,,,,,,,,,
hrs,incident_diabetes,clinical_context,base_same_set_self_rated_health_worsening,PASS_BASELINE_FREE_RISK_SET,48007,14941,1687,46320,21,21,PASS,13184.0,541.0,12643.0,,any_withdrawal,risk_ratio,1.0791534602505788,0.0871172788496696,0.9097642051206236,1.2800813487890408,0.3818907587097839,
hrs,incident_diabetes,clinical_context,plus_self_rated_health_worsening,PASS_BASELINE_FREE_RISK_SET,48007,14941,1687,46320,22,22,PASS,13184.0,541.0,12643.0,,any_withdrawal,risk_ratio,1.078866906765394,0.0871249043066627,0.9095090372062372,1.279760568502845,0.3835941243551781,0.3486236575360297
hrs,incident_diabetes,clinical_context,plus_self_rated_health_worsening,PASS_BASELINE_FREE_RISK_SET,48007,14941,1687,46320,22,22,PASS,13184.0,541.0,12643.0,,context_self_rated_health_worsening,risk_ratio,1.0569331936106898,0.0545242194098021,0.9498093438508884,1.1761389619804246,0.309848704797717,0.3486236575360297
hrs,incident_diabetes,clinical_context,base_same_set_transition_hospitalization,PASS_BASELINE_FREE_RISK_SET,47957,14943,1685,46272,21,21,PASS,13173.0,539.0,12634.0,,any_withdrawal,risk_ratio,1.0756619723249663,0.0873319278145996,0.9064393352783164,1.27647668594476,0.4036268064492365,
hrs,incident_diabetes,clinical_context,plus_transition_hospitalization,PASS_BASELINE_FREE_RISK_SET,47957,14943,1685,46272,22,22,PASS,13173.0,539.0,12634.0,,any_withdrawal,risk_ratio,1.0760908399125226,0.087304053363953,0.906850276142785,1.2769158550284372,0.4009117449698904,-0.5465342149808168
hrs,incident_diabetes,clinical_context,plus_transition_hospitalization,PASS_BASELINE_FREE_RISK_SET,47957,14943,1685,46272,22,22,PASS,13173.0,539.0,12634.0,,context_transition_hospitalization,risk_ratio,0.9818719286497108,0.0583627948277709,0.8757423310748376,1.1008631763718144,0.7539312532388731,-0.5465342149808168
hrs,incident_diabetes,clinical_context,base_same_set_cesd_worsening,PASS_BASELINE_FREE_RISK_SET,46173,14415,1628,44545,21,21,PASS,12510.0,517.0,11993.0,,any_withdrawal,risk_ratio,1.07846915900556,0.0888767424639108,0.9060573959137336,1.28368879518191,0.3953416063263273,
hrs,incident_diabetes,clinical_context,plus_cesd_worsening,PASS_BASELINE_FREE_RISK_SET,46173,14415,1628,44545,22,22,PASS,12510.0,517.0,11993.0,,any_withdrawal,risk_ratio,1.0770333523498627,0.0888758891470935,0.9048526408769658,1.2819776278154342,0.4037240556808654,1.7635412271121524
hrs,incident_diabetes,clinical_context,plus_cesd_worsening,PASS_BASELINE_FREE_RISK_SET,46173,14415,1628,44545,22,22,PASS,12510.0,517.0,11993.0,,context_cesd_worsening,risk_ratio,1.0939227691436315,0.0547273060137882,0.9826586797399628,1.2177850249768731,0.1009393632848928,1.7635412271121524
hrs,incident_diabetes,clinical_context,base_same_set_bmi_or_weight_loss,PASS_BASELINE_FREE_RISK_SET,17999,10826,586,17413,20,20,PASS,4782.0,183.0,4599.0,,any_withdrawal,risk_ratio,1.153844956255932,0.1496644309056655,0.8605039365532963,1.547184302735371,0.3390026667937665,
hrs,incident_diabetes,clinical_context,plus_bmi_or_weight_loss,PASS_BASELINE_FREE_RISK_SET,17999,10826,586,17413,21,21,PASS,4782.0,183.0,4599.0,,any_withdrawal,risk_ratio,1.1575741505351225,0.1499209584376488,0.8628511235064474,1.5529653696708638,0.3290521999052437,-2.25490182804237
hrs,incident_diabetes,clinical_context,plus_bmi_or_weight_loss,PASS_BASELINE_FREE_RISK_SET,17999,10826,586,17413,21,21,PASS,4782.0,183.0,4599.0,,context_bmi_or_weight_loss,risk_ratio,0.5031378801031208,0.245188101964146,0.3111591130160593,0.8135635943325147,0.0050867850832,-2.25490182804237
hrs,incident_diabetes,clinical_context,base_same_set_incident_non_target_disease,PASS_BASELINE_FREE_RISK_SET,48067,14955,1689,46378,21,21,PASS,13210.0,542.0,12668.0,,any_withdrawal,risk_ratio,1.077888147566245,0.0870762540189292,0.9087705709132924,1.278477644248721,0.3890416600665594,
hrs,incident_diabetes,clinical_context,plus_incident_non_target_disease,PASS_BASELINE_FREE_RISK_SET,48067,14955,1689,46378,22,22,PASS,13210.0,542.0,12668.0,,any_withdrawal,risk_ratio,1.0774029318461158,0.0870365192352988,0.9084322289629908,1.277802614814425,0.3916788795349416,0.600310860780908
hrs,incident_diabetes,clinical_context,plus_incident_non_target_disease,PASS_BASELINE_FREE_RISK_SET,48067,14955,1689,46378,22,22,PASS,13210.0,542.0,12668.0,,context_incident_non_target_disease,risk_ratio,1.0545962326807912,0.0690886753057196,0.9210385936767856,1.2075207506177594,0.4416460184197607,0.600310860780908
hrs,incident_diabetes,clinical_context,base_same_set_fi_change,PASS_BASELINE_FREE_RISK_SET,35181,12980,1237,33944,19,19,PASS,9624.0,404.0,9220.0,,any_withdrawal,risk_ratio,1.135838831811295,0.1009159795121918,0.9320020651432602,1.3842564304319849,0.2068936282674178,
hrs,incident_diabetes,clinical_context,plus_fi_change,PASS_BASELINE_FREE_RISK_SET,35181,12980,1237,33944,20,20,PASS,9624.0,404.0,9220.0,,any_withdrawal,risk_ratio,1.1343276377687177,0.1009462569989923,0.9307068364526786,1.3824967641906656,0.2118165263612027,1.0452508752039538
hrs,incident_diabetes,clinical_context,plus_fi_change,PASS_BASELINE_FREE_RISK_SET,35181,12980,1237,33944,20,20,PASS,9624.0,404.0,9220.0,,context_fi_change,risk_ratio,1.0334646610190348,0.0216909108050907,0.99044940153059,1.0783480750502543,0.1291294571632778,1.0452508752039538
hrs,incident_diabetes,clinical_context,base_same_set_joint_context,PASS_BASELINE_FREE_RISK_SET,15113,9925,512,14601,19,19,PASS,4074.0,163.0,3911.0,,any_withdrawal,risk_ratio,1.1453669449918162,0.1588266159760014,0.8389791821980305,1.5636448037279629,0.3928010956531287,
hrs,incident_diabetes,clinical_context,plus_joint_context,PASS_BASELINE_FREE_RISK_SET,15113,9925,512,14601,25,25,PASS,4074.0,163.0,3911.0,,any_withdrawal,risk_ratio,1.133420143127639,0.1590156829200194,0.829920575779368,1.5479086292577902,0.4309344493888131,7.725415347380422
hrs,incident_diabetes,clinical_context,plus_joint_context,PASS_BASELINE_FREE_RISK_SET,15113,9925,512,14601,25,25,PASS,4074.0,163.0,3911.0,,context_self_rated_health_worsening,risk_ratio,1.0997558357214174,0.0992382416362329,0.9053667290844656,1.335881758573522,0.3379715469803022,7.725415347380422
hrs,incident_diabetes,clinical_context,plus_joint_context,PASS_BASELINE_FREE_RISK_SET,15113,9925,512,14601,25,25,PASS,4074.0,163.0,3911.0,,context_transition_hospitalization,risk_ratio,1.097950948008016,0.1037369251435088,0.8959461493330776,1.3455008262818535,0.3676975076772997,7.725415347380422
hrs,incident_diabetes,clinical_context,plus_joint_context,PASS_BASELINE_FREE_RISK_SET,15113,9925,512,14601,25,25,PASS,4074.0,163.0,3911.0,,context_cesd_worsening,risk_ratio,1.1290454375577883,0.1003756131107308,0.9274095064581525,1.3745207388895562,0.2265923743398969,7.725415347380422
hrs,incident_diabetes,clinical_context,plus_joint_context,PASS_BASELINE_FREE_RISK_SET,15113,9925,512,14601,25,25,PASS,4074.0,163.0,3911.0,,context_bmi_or_weight_loss,risk_ratio,0.5344069448647296,0.2606620930041172,0.3206240661554511,0.8907340803955387,0.0162225622494305,7.725415347380422
hrs,incident_diabetes,clinical_context,plus_joint_context,PASS_BASELINE_FREE_RISK_SET,15113,9925,512,14601,25,25,PASS,4074.0,163.0,3911.0,,context_incident_non_target_disease,risk_ratio,1.1100560196266909,0.130032881855118,0.8603213617686634,1.432283820288066,0.422001057893591,7.725415347380422
hrs,incident_diabetes,clinical_context,plus_joint_context,PASS_BASELINE_FREE_RISK_SET,15113,9925,512,14601,25,25,PASS,4074.0,163.0,3911.0,,context_fi_change,risk_ratio,1.0526669318787396,0.0364203647112707,0.9801440542087568,1.1305559266648244,0.1587492452471854,7.725415347380422
hrs,incident_stroke,clinical_context,base_same_set_self_rated_health_worsening,PASS_BASELINE_FREE_RISK_SET,57837,17557,1105,56732,21,21,PASS,16486.0,384.0,16102.0,,any_withdrawal,risk_ratio,1.0063225231781177,0.1097278177234302,0.8115900336679724,1.247779024686582,0.9541957598823212,
hrs,incident_stroke,clinical_context,plus_self_rated_health_worsening,PASS_BASELINE_FREE_RISK_SET,57837,17557,1105,56732,22,22,PASS,16486.0,384.0,16102.0,,any_withdrawal,risk_ratio,1.0057870825107884,0.1097736358868562,0.8110853652836103,1.247227109062481,0.9580774119379628,8.444396362962461
hrs,incident_stroke,clinical_context,plus_self_rated_health_worsening,PASS_BASELINE_FREE_RISK_SET,57837,17557,1105,56732,22,22,PASS,16486.0,384.0,16102.0,,context_self_rated_health_worsening,risk_ratio,1.11134145001403,0.066263323330606,0.975987082267608,1.265467382672425,0.111125239645856,8.444396362962461
hrs,incident_stroke,clinical_context,base_same_set_transition_hospitalization,PASS_BASELINE_FREE_RISK_SET,57786,17562,1105,56681,21,21,PASS,16477.0,385.0,16092.0,,any_withdrawal,risk_ratio,1.0019076013483448,0.1095427690637746,0.8083225553587863,1.2418543005941898,0.9861194026082084,
hrs,incident_stroke,clinical_context,plus_transition_hospitalization,PASS_BASELINE_FREE_RISK_SET,57786,17562,1105,56681,22,22,PASS,16477.0,385.0,16092.0,,any_withdrawal,risk_ratio,0.9933631079614244,0.1092263497016337,0.8019261756051257,1.230500131155057,0.9513868663485948,449.410714286976
hrs,incident_stroke,clinical_context,plus_transition_hospitalization,PASS_BASELINE_FREE_RISK_SET,57786,17562,1105,56681,22,22,PASS,16477.0,385.0,16092.0,,context_transition_hospitalization,risk_ratio,1.3727947030376262,0.0648941448282255,1.208836594057047,1.558990938852426,1.0472525701709514e-06,449.410714286976
hrs,incident_stroke,clinical_context,base_same_set_cesd_worsening,PASS_BASELINE_FREE_RISK_SET,55706,16991,1048,54658,21,21,PASS,15708.0,356.0,15352.0,,any_withdrawal,risk_ratio,1.0203453515328953,0.1133746534175615,0.8170384788194325,1.2742418666733009,0.8589968658643315,
hrs,incident_stroke,clinical_context,plus_cesd_worsening,PASS_BASELINE_FREE_RISK_SET,55706,16991,1048,54658,22,22,PASS,15708.0,356.0,15352.0,,any_withdrawal,risk_ratio,1.0149407926814564,0.1135441772143435,0.8124408076659505,1.2679136780539573,0.8960819262474918,26.368263411302323
hrs,incident_stroke,clinical_context,plus_cesd_worsening,PASS_BASELINE_FREE_RISK_SET,55706,16991,1048,54658,22,22,PASS,15708.0,356.0,15352.0,,context_cesd_worsening,risk_ratio,1.224831549224787,0.0655901089418258,1.0770750417943964,1.3928577543464873,0.0019882605400248,26.368263411302323
hrs,incident_stroke,clinical_context,base_same_set_bmi_or_weight_loss,PASS_BASELINE_FREE_RISK_SET,21412,12695,374,21038,20,20,PASS,5965.0,118.0,5847.0,,any_withdrawal,risk_ratio,0.7261286677383787,0.2080243943801458,0.4829952921582271,1.0916521354804092,0.1239469386412028,
hrs,incident_stroke,clinical_context,plus_bmi_or_weight_loss,PASS_BASELINE_FREE_RISK_SET,21412,12695,374,21038,21,21,PASS,5965.0,118.0,5847.0,,any_withdrawal,risk_ratio,0.7253648306121999,0.2082206474338231,0.4823016620276343,1.0909233347384122,0.1230685780022571,-0.328872573565008
hrs,incident_stroke,clinical_context,plus_bmi_or_weight_loss,PASS_BASELINE_FREE_RISK_SET,21412,12695,374,21038,21,21,PASS,5965.0,118.0,5847.0,,context_bmi_or_weight_loss,risk_ratio,1.0968669412065295,0.2122996546332161,0.7235093596154893,1.6628908399349085,0.6631948183584808,-0.328872573565008
hrs,incident_stroke,clinical_context,base_same_set_incident_non_target_disease,PASS_BASELINE_FREE_RISK_SET,57907,17573,1108,56799,21,21,PASS,16514.0,385.0,16129.0,,any_withdrawal,risk_ratio,1.0071994792174752,0.1094280417542395,0.8127746963929016,1.2481328410420394,0.9477311606861856,
hrs,incident_stroke,clinical_context,plus_incident_non_target_disease,PASS_BASELINE_FREE_RISK_SET,57907,17573,1108,56799,22,22,PASS,16514.0,385.0,16129.0,,any_withdrawal,risk_ratio,1.00615035204667,0.1093415344198592,0.8120657626194279,1.2466213667944857,0.9552806806466524,14.527688599703328
hrs,incident_stroke,clinical_context,plus_incident_non_target_disease,PASS_BASELINE_FREE_RISK_SET,57907,17573,1108,56799,22,22,PASS,16514.0,385.0,16129.0,,context_incident_non_target_disease,risk_ratio,1.0716253183088182,0.0818618208587762,0.9127714707839124,1.258125236817728,0.398088697485172,14.527688599703328
hrs,incident_stroke,clinical_context,base_same_set_fi_change,PASS_BASELINE_FREE_RISK_SET,41563,15151,822,40741,19,19,PASS,11774.0,285.0,11489.0,,any_withdrawal,risk_ratio,1.0292220139281874,0.1285331527596548,0.8000211135918193,1.3240874971393082,0.8226860848127233,
hrs,incident_stroke,clinical_context,plus_fi_change,PASS_BASELINE_FREE_RISK_SET,41563,15151,822,40741,20,20,PASS,11774.0,285.0,11489.0,,any_withdrawal,risk_ratio,1.0199186186739615,0.1281971578989364,0.7933117764444376,1.3112549436490786,0.8777298186105279,31.52550769923879
hrs,incident_stroke,clinical_context,plus_fi_change,PASS_BASELINE_FREE_RISK_SET,41563,15151,822,40741,20,20,PASS,11774.0,285.0,11489.0,,context_fi_change,risk_ratio,1.1620015383248363,0.0245612381396339,1.1073888316087228,1.2193075607487915,9.77470870585954e-10,31.52550769923879
hrs,incident_stroke,clinical_context,base_same_set_joint_context,PASS_BASELINE_FREE_RISK_SET,17780,11575,331,17449,19,19,PASS,4985.0,111.0,4874.0,,any_withdrawal,risk_ratio,0.8036345073278603,0.2191110893802742,0.523059240992219,1.2347137202718883,0.3184169454517184,
hrs,incident_stroke,clinical_context,plus_joint_context,PASS_BASELINE_FREE_RISK_SET,17780,11575,331,17449,25,25,PASS,4985.0,111.0,4874.0,,any_withdrawal,risk_ratio,0.7954982044778007,0.2174695082727339,0.5194321453609004,1.2182869292537228,0.2927810570912627,-4.654841683000095
hrs,incident_stroke,clinical_context,plus_joint_context,PASS_BASELINE_FREE_RISK_SET,17780,11575,331,17449,25,25,PASS,4985.0,111.0,4874.0,,context_self_rated_health_worsening,risk_ratio,1.1325538516599751,0.1203962523944703,0.8944939047598133,1.4339708969333511,0.3011928447741843,-4.654841683000095
hrs,incident_stroke,clinical_context,plus_joint_context,PASS_BASELINE_FREE_RISK_SET,17780,11575,331,17449,25,25,PASS,4985.0,111.0,4874.0,,context_transition_hospitalization,risk_ratio,1.4402973604109888,0.1155017278535163,1.1485156457350398,1.80620655374636,0.0015840729784816,-4.654841683000095
hrs,incident_stroke,clinical_context,plus_joint_context,PASS_BASELINE_FREE_RISK_SET,17780,11575,331,17449,25,25,PASS,4985.0,111.0,4874.0,,context_cesd_worsening,risk_ratio,1.0167512437113129,0.1213963215051481,0.8014602289165649,1.289874474477663,0.8911532520726193,-4.654841683000095
hrs,incident_stroke,clinical_context,plus_joint_context,PASS_BASELINE_FREE_RISK_SET,17780,11575,331,17449,25,25,PASS,4985.0,111.0,4874.0,,context_bmi_or_weight_loss,risk_ratio,0.9079556604748956,0.2499957026773595,0.5562472956942949,1.4820449245679974,0.6993148044515424,-4.654841683000095
hrs,incident_stroke,clinical_context,plus_joint_context,PASS_BASELINE_FREE_RISK_SET,17780,11575,331,17449,25,25,PASS,4985.0,111.0,4874.0,,context_incident_non_target_disease,risk_ratio,0.8976729198716213,0.152412318767504,0.6658624479505232,1.210184886609972,0.4787758281152834,-4.654841683000095
hrs,incident_stroke,clinical_context,plus_joint_context,PASS_BASELINE_FREE_RISK_SET,17780,11575,331,17449,25,25,PASS,4985.0,111.0,4874.0,,context_fi_change,risk_ratio,1.1645862255472563,0.0423323647227212,1.0718605202630294,1.2653335495569755,0.0003191047074263,-4.654841683000095
hrs,incident_heart_disease,clinical_context,base_same_set_self_rated_health_worsening,PASS_BASELINE_FREE_RISK_SET,47020,14855,2310,44710,21,21,PASS,13218.0,726.0,12492.0,,any_withdrawal,risk_ratio,0.9373605075010258,0.0747199975708132,0.8096640840586032,1.0851966121779766,0.3866383858883596,
hrs,incident_heart_disease,clinical_context,plus_self_rated_health_worsening,PASS_BASELINE_FREE_RISK_SET,47020,14855,2310,44710,22,22,PASS,13218.0,726.0,12492.0,,any_withdrawal,risk_ratio,0.9388620920606068,0.0746911063495022,0.8110070306553868,1.0868734728428888,0.398314999428316,2.474436609874074
hrs,incident_heart_disease,clinical_context,plus_self_rated_health_worsening,PASS_BASELINE_FREE_RISK_SET,47020,14855,2310,44710,22,22,PASS,13218.0,726.0,12492.0,,context_self_rated_health_worsening,risk_ratio,1.1564022549023063,0.0448271956769186,1.0591365408182127,1.2626003575611344,0.0011884357508564,2.474436609874074
hrs,incident_heart_disease,clinical_context,base_same_set_transition_hospitalization,PASS_BASELINE_FREE_RISK_SET,46972,14857,2305,44667,21,21,PASS,13212.0,727.0,12485.0,,any_withdrawal,risk_ratio,0.9429233560397,0.0747427244121342,0.8144328281855949,1.0916854338324389,0.4316911868481646,
hrs,incident_heart_disease,clinical_context,plus_transition_hospitalization,PASS_BASELINE_FREE_RISK_SET,46972,14857,2305,44667,22,22,PASS,13212.0,727.0,12485.0,,any_withdrawal,risk_ratio,0.9348427290264798,0.0745638386135186,0.807736484803599,1.081950542603226,0.3661998332033942,-14.644633706748197
hrs,incident_heart_disease,clinical_context,plus_transition_hospitalization,PASS_BASELINE_FREE_RISK_SET,46972,14857,2305,44667,22,22,PASS,13212.0,727.0,12485.0,,context_transition_hospitalization,risk_ratio,1.351530924225636,0.0465174589458117,1.233758774375998,1.4805453684105023,9.43081188641599e-11,-14.644633706748197
hrs,incident_heart_disease,clinical_context,base_same_set_cesd_worsening,PASS_BASELINE_FREE_RISK_SET,45292,14377,2223,43069,21,21,PASS,12590.0,685.0,11905.0,,any_withdrawal,risk_ratio,0.9228472318000088,0.0764908736603697,0.7943660304956233,1.0721090536935187,0.2938614704882114,
hrs,incident_heart_disease,clinical_context,plus_cesd_worsening,PASS_BASELINE_FREE_RISK_SET,45292,14377,2223,43069,22,22,PASS,12590.0,685.0,11905.0,,any_withdrawal,risk_ratio,0.9223427453302382,0.0765275056140526,0.7938747798296705,1.0715999065316646,0.2908169769945583,-0.6810335196982048
hrs,incident_heart_disease,clinical_context,plus_cesd_worsening,PASS_BASELINE_FREE_RISK_SET,45292,14377,2223,43069,22,22,PASS,12590.0,685.0,11905.0,,context_cesd_worsening,risk_ratio,1.0356008212576264,0.0464884918823258,0.9454124347000346,1.134392802152797,0.4517611396888602,-0.6810335196982048
hrs,incident_heart_disease,clinical_context,base_same_set_bmi_or_weight_loss,PASS_BASELINE_FREE_RISK_SET,17298,10581,781,16517,20,20,PASS,4777.0,235.0,4542.0,,any_withdrawal,risk_ratio,1.1477082553722695,0.1279804220391632,0.8930882442185398,1.474920589288745,0.2817169441035788,
hrs,incident_heart_disease,clinical_context,plus_bmi_or_weight_loss,PASS_BASELINE_FREE_RISK_SET,17298,10581,781,16517,21,21,PASS,4777.0,235.0,4542.0,,any_withdrawal,risk_ratio,1.147449278884137,0.1279369988735882,0.8929627167698646,1.4744622848022582,0.2823425806529899,0.1638069090265682
hrs,incident_heart_disease,clinical_context,plus_bmi_or_weight_loss,PASS_BASELINE_FREE_RISK_SET,17298,10581,781,16517,21,21,PASS,4777.0,235.0,4542.0,,context_bmi_or_weight_loss,risk_ratio,1.0681961785744374,0.1487364699899296,0.7980797789605056,1.4297356053892678,0.6573711212692778,0.1638069090265682
hrs,incident_heart_disease,clinical_context,base_same_set_incident_non_target_disease,PASS_BASELINE_FREE_RISK_SET,47072,14864,2312,44760,21,21,PASS,13240.0,727.0,12513.0,,any_withdrawal,risk_ratio,0.93869874758231,0.0746234688940984,0.8109734317413431,1.086540328233143,0.396587454954564,
hrs,incident_heart_disease,clinical_context,plus_incident_non_target_disease,PASS_BASELINE_FREE_RISK_SET,47072,14864,2312,44760,22,22,PASS,13240.0,727.0,12513.0,,any_withdrawal,risk_ratio,0.9392553541328744,0.0746637210715848,0.811390287476545,1.0872703726969042,0.4012811992659848,0.937043029146882
hrs,incident_heart_disease,clinical_context,plus_incident_non_target_disease,PASS_BASELINE_FREE_RISK_SET,47072,14864,2312,44760,22,22,PASS,13240.0,727.0,12513.0,,context_incident_non_target_disease,risk_ratio,0.9262783317316012,0.0615704627963922,0.820980103028746,1.0450820241199397,0.2135781212414702,0.937043029146882
hrs,incident_heart_disease,clinical_context,base_same_set_fi_change,PASS_BASELINE_FREE_RISK_SET,33911,12756,1681,32230,19,19,PASS,9424.0,524.0,8900.0,,any_withdrawal,risk_ratio,0.9486155177195684,0.087784391712743,0.7986711832430287,1.1267107407136057,0.5478909158723462,
hrs,incident_heart_disease,clinical_context,plus_fi_change,PASS_BASELINE_FREE_RISK_SET,33911,12756,1681,32230,20,20,PASS,9424.0,524.0,8900.0,,any_withdrawal,risk_ratio,0.94870172677858,0.087763713020649,0.7987761388727271,1.1267674666181615,0.5484864570343979,0.1722687205023511
hrs,incident_heart_disease,clinical_context,plus_fi_change,PASS_BASELINE_FREE_RISK_SET,33911,12756,1681,32230,20,20,PASS,9424.0,524.0,8900.0,,context_fi_change,risk_ratio,1.0148951556108037,0.0182910945476445,0.9791557341755552,1.0519390745840267,0.4188983796967931,0.1722687205023511
hrs,incident_heart_disease,clinical_context,base_same_set_joint_context,PASS_BASELINE_FREE_RISK_SET,14401,9627,663,13738,19,19,PASS,3996.0,201.0,3795.0,,any_withdrawal,risk_ratio,1.1762542680708028,0.1391749565987614,0.8954374922065161,1.545137561467757,0.2434487773661456,
hrs,incident_heart_disease,clinical_context,plus_joint_context,PASS_BASELINE_FREE_RISK_SET,14401,9627,663,13738,25,25,PASS,3996.0,201.0,3795.0,,any_withdrawal,risk_ratio,1.1728586072662606,0.1390193038486031,0.8931249326493026,1.540207044224012,0.2514146769846643,1.780895518575212
hrs,incident_heart_disease,clinical_context,plus_joint_context,PASS_BASELINE_FREE_RISK_SET,14401,9627,663,13738,25,25,PASS,3996.0,201.0,3795.0,,context_self_rated_health_worsening,risk_ratio,1.1344698251753025,0.0851183836758902,0.9601521293437908,1.3404352757233238,0.1382778392726249,1.780895518575212
hrs,incident_heart_disease,clinical_context,plus_joint_context,PASS_BASELINE_FREE_RISK_SET,14401,9627,663,13738,25,25,PASS,3996.0,201.0,3795.0,,context_transition_hospitalization,risk_ratio,1.2445439490543442,0.0883917462631604,1.046576663871903,1.479958128817365,0.013323792808881,1.780895518575212
hrs,incident_heart_disease,clinical_context,plus_joint_context,PASS_BASELINE_FREE_RISK_SET,14401,9627,663,13738,25,25,PASS,3996.0,201.0,3795.0,,context_cesd_worsening,risk_ratio,0.8886838871040401,0.0899431339875968,0.7450536926449456,1.0600028682425509,0.1894890097638591,1.780895518575212
hrs,incident_heart_disease,clinical_context,plus_joint_context,PASS_BASELINE_FREE_RISK_SET,14401,9627,663,13738,25,25,PASS,3996.0,201.0,3795.0,,context_bmi_or_weight_loss,risk_ratio,1.1070011034737113,0.1644050360317877,0.802058846628632,1.5278822099439058,0.5363655084805987,1.780895518575212
hrs,incident_heart_disease,clinical_context,plus_joint_context,PASS_BASELINE_FREE_RISK_SET,14401,9627,663,13738,25,25,PASS,3996.0,201.0,3795.0,,context_incident_non_target_disease,risk_ratio,1.032412114962053,0.1101916745286553,0.8318744176127245,1.281292888149174,0.7722165991062345,1.780895518575212
hrs,incident_heart_disease,clinical_context,plus_joint_context,PASS_BASELINE_FREE_RISK_SET,14401,9627,663,13738,25,25,PASS,3996.0,201.0,3795.0,,context_fi_change,risk_ratio,0.9880574177665286,0.0311880847414331,0.9294688448031828,1.0503390901823986,0.7000698240302251,1.780895518575212
hrs,incident_hypertension,clinical_context,base_same_set_self_rated_health_worsening,PASS_BASELINE_FREE_RISK_SET,23782,8126,2265,21517,21,21,PASS,6071.0,640.0,5431.0,,any_withdrawal,risk_ratio,1.1375320667761075,0.0724038001273937,0.9870369746730496,1.3109733841252973,0.0751159820107892,
hrs,incident_hypertension,clinical_context,plus_self_rated_health_worsening,PASS_BASELINE_FREE_RISK_SET,23782,8126,2265,21517,22,22,PASS,6071.0,640.0,5431.0,,any_withdrawal,risk_ratio,1.136091439209563,0.0724088868325083,0.98577711361749,1.3093261553910311,0.0780474812824943,0.9834256187306082
hrs,incident_hypertension,clinical_context,plus_self_rated_health_worsening,PASS_BASELINE_FREE_RISK_SET,23782,8126,2265,21517,22,22,PASS,6071.0,640.0,5431.0,,context_self_rated_health_worsening,risk_ratio,1.0964034526334725,0.0449668316362419,1.0039094861810365,1.1974192369866925,0.0406840095069918,0.9834256187306082
hrs,incident_hypertension,clinical_context,base_same_set_transition_hospitalization,PASS_BASELINE_FREE_RISK_SET,23765,8128,2261,21504,21,21,PASS,6064.0,637.0,5427.0,,any_withdrawal,risk_ratio,1.134971420079053,0.0725251222654497,0.9845809522235462,1.3083333792788925,0.0808622222185979,
hrs,incident_hypertension,clinical_context,plus_transition_hospitalization,PASS_BASELINE_FREE_RISK_SET,23765,8128,2261,21504,22,22,PASS,6064.0,637.0,5427.0,,any_withdrawal,risk_ratio,1.1357306707796695,0.0725248756388108,0.9852400739322807,1.3092079693850305,0.0792709833102142,-0.5281967476698343
hrs,incident_hypertension,clinical_context,plus_transition_hospitalization,PASS_BASELINE_FREE_RISK_SET,23765,8128,2261,21504,22,22,PASS,6064.0,637.0,5427.0,,context_transition_hospitalization,risk_ratio,0.9717314394248228,0.0516458074120212,0.8781834801487454,1.0752445379713818,0.5787306252772457,-0.5281967476698343
hrs,incident_hypertension,clinical_context,base_same_set_cesd_worsening,PASS_BASELINE_FREE_RISK_SET,23011,7864,2177,20834,21,21,PASS,5822.0,615.0,5207.0,,any_withdrawal,risk_ratio,1.117405783942611,0.0743386801606542,0.9659034466310288,1.2926713227324882,0.1353594386665832,
hrs,incident_hypertension,clinical_context,plus_cesd_worsening,PASS_BASELINE_FREE_RISK_SET,23011,7864,2177,20834,22,22,PASS,5822.0,615.0,5207.0,,any_withdrawal,risk_ratio,1.1175518765423014,0.074339326771604,0.966028507131078,1.2928419684759425,0.134903296540807,-0.1177681493197485
hrs,incident_hypertension,clinical_context,plus_cesd_worsening,PASS_BASELINE_FREE_RISK_SET,23011,7864,2177,20834,22,22,PASS,5822.0,615.0,5207.0,,context_cesd_worsening,risk_ratio,0.9906039424097258,0.0468072354982237,0.9037694585803928,1.0857815136385276,0.840160288612798,-0.1177681493197485
hrs,incident_hypertension,clinical_context,base_same_set_bmi_or_weight_loss,PASS_BASELINE_FREE_RISK_SET,8964,5738,864,8100,20,20,PASS,2236.0,228.0,2008.0,,any_withdrawal,risk_ratio,1.014217347138163,0.1188671899273567,0.8034356511406189,1.28029771366959,0.9054617604257704,
hrs,incident_hypertension,clinical_context,plus_bmi_or_weight_loss,PASS_BASELINE_FREE_RISK_SET,8964,5738,864,8100,21,21,PASS,2236.0,228.0,2008.0,,any_withdrawal,risk_ratio,1.0165482381638538,0.1190189722145732,0.8050425942082601,1.2836219200678816,0.8903188405160234,-16.260837780609478
hrs,incident_hypertension,clinical_context,plus_bmi_or_weight_loss,PASS_BASELINE_FREE_RISK_SET,8964,5738,864,8100,21,21,PASS,2236.0,228.0,2008.0,,context_bmi_or_weight_loss,risk_ratio,0.8476261945107276,0.1637212574719244,0.6149567635096357,1.16832630886168,0.3126209085328388,-16.260837780609478
hrs,incident_hypertension,clinical_context,base_same_set_incident_non_target_disease,PASS_BASELINE_FREE_RISK_SET,23819,8134,2268,21551,21,21,PASS,6086.0,641.0,5445.0,,any_withdrawal,risk_ratio,1.1387763071069557,0.0723186983211065,0.9882814305585188,1.312188449089116,0.0723409538751465,
hrs,incident_hypertension,clinical_context,plus_incident_non_target_disease,PASS_BASELINE_FREE_RISK_SET,23819,8134,2268,21551,22,22,PASS,6086.0,641.0,5445.0,,any_withdrawal,risk_ratio,1.1379755215984726,0.0723232640514924,0.9875776352410928,1.3112774545984696,0.0739170370374018,0.5413024181576278
hrs,incident_hypertension,clinical_context,plus_incident_non_target_disease,PASS_BASELINE_FREE_RISK_SET,23819,8134,2268,21551,22,22,PASS,6086.0,641.0,5445.0,,context_incident_non_target_disease,risk_ratio,1.071486714301798,0.0674181256572519,0.9388590087278428,1.2228500427139963,0.3057583836768223,0.5413024181576278
hrs,incident_hypertension,clinical_context,base_same_set_fi_change,PASS_BASELINE_FREE_RISK_SET,17560,7011,1680,15880,19,19,PASS,4454.0,471.0,3983.0,,any_withdrawal,risk_ratio,1.1135395942890345,0.0846068756696835,0.9433832495794297,1.3143867337078328,0.2036932190118959,
hrs,incident_hypertension,clinical_context,plus_fi_change,PASS_BASELINE_FREE_RISK_SET,17560,7011,1680,15880,20,20,PASS,4454.0,471.0,3983.0,,any_withdrawal,risk_ratio,1.1139245962661437,0.0846907280167005,0.9435543370476576,1.3150572865248968,0.2026907668444053,-0.321437831997179
hrs,incident_hypertension,clinical_context,plus_fi_change,PASS_BASELINE_FREE_RISK_SET,17560,7011,1680,15880,20,20,PASS,4454.0,471.0,3983.0,,context_fi_change,risk_ratio,0.9972152273187614,0.0190914586785878,0.9605903565414876,1.03523651140616,0.8838674518621614,-0.321437831997179
hrs,incident_hypertension,clinical_context,base_same_set_joint_context,PASS_BASELINE_FREE_RISK_SET,7515,5216,731,6784,19,19,PASS,1892.0,201.0,1691.0,,any_withdrawal,risk_ratio,1.0948373410144068,0.1288633355548142,0.8504737843764739,1.4094129946148808,0.4819837897947157,
hrs,incident_hypertension,clinical_context,plus_joint_context,PASS_BASELINE_FREE_RISK_SET,7515,5216,731,6784,25,25,PASS,1892.0,201.0,1691.0,,any_withdrawal,risk_ratio,1.0942645241645124,0.1291991865458838,0.8494694657618722,1.409603166572973,0.4856544051808146,0.5775954918568322
hrs,incident_hypertension,clinical_context,plus_joint_context,PASS_BASELINE_FREE_RISK_SET,7515,5216,731,6784,25,25,PASS,1892.0,201.0,1691.0,,context_self_rated_health_worsening,risk_ratio,1.195658175613479,0.0786178120264917,1.024914022126022,1.3948472184485068,0.0230273131831556,0.5775954918568322
hrs,incident_hypertension,clinical_context,plus_joint_context,PASS_BASELINE_FREE_RISK_SET,7515,5216,731,6784,25,25,PASS,1892.0,201.0,1691.0,,context_transition_hospitalization,risk_ratio,0.9379851782854915,0.0910751352095489,0.7846440398976806,1.1212934145246238,0.4820878321480116,0.5775954918568322
hrs,incident_hypertension,clinical_context,plus_joint_context,PASS_BASELINE_FREE_RISK_SET,7515,5216,731,6784,25,25,PASS,1892.0,201.0,1691.0,,context_cesd_worsening,risk_ratio,0.9653878586959976,0.0820772962754381,0.8219350703133534,1.1338775426170085,0.6677975714610296,0.5775954918568322
hrs,incident_hypertension,clinical_context,plus_joint_context,PASS_BASELINE_FREE_RISK_SET,7515,5216,731,6784,25,25,PASS,1892.0,201.0,1691.0,,context_bmi_or_weight_loss,risk_ratio,0.9782354430891356,0.1729482522988026,0.6969948589200349,1.372957877477811,0.8987551930492075,0.5775954918568322
hrs,incident_hypertension,clinical_context,plus_joint_context,PASS_BASELINE_FREE_RISK_SET,7515,5216,731,6784,25,25,PASS,1892.0,201.0,1691.0,,context_incident_non_target_disease,risk_ratio,1.1016235780775414,0.1238303401000149,0.8642286231079468,1.4042285517136628,0.4344531151920868,0.5775954918568322
hrs,incident_hypertension,clinical_context,plus_joint_context,PASS_BASELINE_FREE_RISK_SET,7515,5216,731,6784,25,25,PASS,1892.0,201.0,1691.0,,context_fi_change,risk_ratio,0.9898058585353856,0.0328909046115935,0.9280112290207336,1.0557152833428516,0.7553988016926603,0.5775954918568322
hrs,incident_cancer,clinical_context,base_same_set_self_rated_health_worsening,PASS_BASELINE_FREE_RISK_SET,52612,16457,1546,51066,21,21,PASS,15306.0,491.0,14815.0,,any_withdrawal,risk_ratio,1.2047124861159777,0.0881765502210943,1.0135085013902647,1.4319881601514908,0.0346747163004343,
hrs,incident_cancer,clinical_context,plus_self_rated_health_worsening,PASS_BASELINE_FREE_RISK_SET,52612,16457,1546,51066,22,22,PASS,15306.0,491.0,14815.0,,any_withdrawal,risk_ratio,1.204707247501104,0.088211758161525,1.013434158463944,1.432080752420505,0.0347513016786664,0.0023348492993578
hrs,incident_cancer,clinical_context,plus_self_rated_health_worsening,PASS_BASELINE_FREE_RISK_SET,52612,16457,1546,51066,22,22,PASS,15306.0,491.0,14815.0,,context_self_rated_health_worsening,risk_ratio,1.150353624771895,0.0562041971931611,1.0303630260596444,1.284317690519725,0.0126971734894234,0.0023348492993578
hrs,incident_cancer,clinical_context,base_same_set_transition_hospitalization,PASS_BASELINE_FREE_RISK_SET,52552,16458,1547,51005,21,21,PASS,15292.0,491.0,14801.0,,any_withdrawal,risk_ratio,1.2022429203977114,0.0882302453778936,1.0113244508163683,1.4292030994402058,0.036834492464349,
hrs,incident_cancer,clinical_context,plus_transition_hospitalization,PASS_BASELINE_FREE_RISK_SET,52552,16458,1547,51005,22,22,PASS,15292.0,491.0,14801.0,,any_withdrawal,risk_ratio,1.200459791968879,0.0881785611088223,1.0099267862851349,1.4269387956674062,0.0382668533719237,0.8058406608309797
hrs,incident_cancer,clinical_context,plus_transition_hospitalization,PASS_BASELINE_FREE_RISK_SET,52552,16458,1547,51005,22,22,PASS,15292.0,491.0,14801.0,,context_transition_hospitalization,risk_ratio,1.0827450584745462,0.0594632702686329,0.9636314884075252,1.216582143437866,0.1812383102202139,0.8058406608309797
hrs,incident_cancer,clinical_context,base_same_set_cesd_worsening,PASS_BASELINE_FREE_RISK_SET,50512,15856,1466,49046,21,21,PASS,14500.0,458.0,14042.0,,any_withdrawal,risk_ratio,1.2210843074753026,0.0910171707143376,1.021578381461731,1.4595521136899616,0.0281978590570208,
hrs,incident_cancer,clinical_context,plus_cesd_worsening,PASS_BASELINE_FREE_RISK_SET,50512,15856,1466,49046,22,22,PASS,14500.0,458.0,14042.0,,any_withdrawal,risk_ratio,1.219982344896816,0.090981435835015,1.0207279505360989,1.4581328169550272,0.0288550564408349,0.4520160329617058
hrs,incident_cancer,clinical_context,plus_cesd_worsening,PASS_BASELINE_FREE_RISK_SET,50512,15856,1466,49046,22,22,PASS,14500.0,458.0,14042.0,,context_cesd_worsening,risk_ratio,1.0448114567933728,0.0584471270731997,0.9317247700206598,1.1716238693777394,0.4532433727269561,0.4520160329617058
hrs,incident_cancer,clinical_context,base_same_set_bmi_or_weight_loss,PASS_BASELINE_FREE_RISK_SET,19378,11715,556,18822,20,20,PASS,5453.0,167.0,5286.0,,any_withdrawal,risk_ratio,1.2699254075047626,0.146228319704622,0.953473090987,1.691406454855185,0.1022285701372015,
hrs,incident_cancer,clinical_context,plus_bmi_or_weight_loss,PASS_BASELINE_FREE_RISK_SET,19378,11715,556,18822,21,21,PASS,5453.0,167.0,5286.0,,any_withdrawal,risk_ratio,1.2715125641169156,0.1463528643942797,0.9544317363482676,1.6939338237986157,0.1007376642161544,-0.5226951215767306
hrs,incident_cancer,clinical_context,plus_bmi_or_weight_loss,PASS_BASELINE_FREE_RISK_SET,19378,11715,556,18822,21,21,PASS,5453.0,167.0,5286.0,,context_bmi_or_weight_loss,risk_ratio,0.868464731942388,0.2022083381915919,0.5842949557925695,1.2908394692620335,0.4855271087605647,-0.5226951215767306
hrs,incident_cancer,clinical_context,base_same_set_incident_non_target_disease,PASS_BASELINE_FREE_RISK_SET,52672,16471,1549,51123,21,21,PASS,15332.0,492.0,14840.0,,any_withdrawal,risk_ratio,1.200916145360989,0.0881213423350571,1.0104240181786628,1.427321166403317,0.0377422212885611,
hrs,incident_cancer,clinical_context,plus_incident_non_target_disease,PASS_BASELINE_FREE_RISK_SET,52672,16471,1549,51123,22,22,PASS,15332.0,492.0,14840.0,,any_withdrawal,risk_ratio,1.203020123102342,0.0882371257990398,1.0119645854320238,1.430146308896093,0.0361927733846576,-0.956084324179108
hrs,incident_cancer,clinical_context,plus_incident_non_target_disease,PASS_BASELINE_FREE_RISK_SET,52672,16471,1549,51123,22,22,PASS,15332.0,492.0,14840.0,,context_incident_non_target_disease,risk_ratio,0.8129913037992639,0.081546987409542,0.6929038567288255,0.9538911547896,0.0111220236588836,-0.956084324179108
hrs,incident_cancer,clinical_context,base_same_set_fi_change,PASS_BASELINE_FREE_RISK_SET,37788,14110,1105,36683,19,19,PASS,10871.0,368.0,10503.0,,any_withdrawal,risk_ratio,1.3085877970599182,0.1047603960956698,1.065689422579608,1.6068490371886106,0.010250187230284,
hrs,incident_cancer,clinical_context,plus_fi_change,PASS_BASELINE_FREE_RISK_SET,37788,14110,1105,36683,20,20,PASS,10871.0,368.0,10503.0,,any_withdrawal,risk_ratio,1.309312886537161,0.1047435240150784,1.0663151829280535,1.6076862285172395,0.0100828443918887,-0.2059677641595767
hrs,incident_cancer,clinical_context,plus_fi_change,PASS_BASELINE_FREE_RISK_SET,37788,14110,1105,36683,20,20,PASS,10871.0,368.0,10503.0,,context_fi_change,risk_ratio,0.9843250658067988,0.024910067125782,0.937421817320511,1.033575085701559,0.525920956398155,-0.2059677641595767
hrs,incident_cancer,clinical_context,base_same_set_joint_context,PASS_BASELINE_FREE_RISK_SET,16111,10654,465,15646,19,19,PASS,4579.0,146.0,4433.0,,any_withdrawal,risk_ratio,1.4179390792918578,0.1599163269000552,1.03642182038758,1.9398966646911937,0.0289865153110441,
hrs,incident_cancer,clinical_context,plus_joint_context,PASS_BASELINE_FREE_RISK_SET,16111,10654,465,15646,25,25,PASS,4579.0,146.0,4433.0,,any_withdrawal,risk_ratio,1.4133498987512567,0.1598803162853753,1.0331403419915224,1.9334816917996012,0.030473136513207,0.9283281787185867
hrs,incident_cancer,clinical_context,plus_joint_context,PASS_BASELINE_FREE_RISK_SET,16111,10654,465,15646,25,25,PASS,4579.0,146.0,4433.0,,context_self_rated_health_worsening,risk_ratio,1.2246931179969915,0.1022728928233514,1.002241618842233,1.4965186089576017,0.0474951950623748,0.9283281787185867
hrs,incident_cancer,clinical_context,plus_joint_context,PASS_BASELINE_FREE_RISK_SET,16111,10654,465,15646,25,25,PASS,4579.0,146.0,4433.0,,context_transition_hospitalization,risk_ratio,1.2627027718726676,0.1040621971469752,1.0297296809271654,1.5483852894861772,0.0249942864219107,0.9283281787185867
hrs,incident_cancer,clinical_context,plus_joint_context,PASS_BASELINE_FREE_RISK_SET,16111,10654,465,15646,25,25,PASS,4579.0,146.0,4433.0,,context_cesd_worsening,risk_ratio,1.060130263840409,0.1037829567147483,0.865005800423409,1.2992701040388552,0.5736843257920039,0.9283281787185867
hrs,incident_cancer,clinical_context,plus_joint_context,PASS_BASELINE_FREE_RISK_SET,16111,10654,465,15646,25,25,PASS,4579.0,146.0,4433.0,,context_bmi_or_weight_loss,risk_ratio,0.8080529836279629,0.2361015519892443,0.5087094821274482,1.2835412888696025,0.3666878845207265,0.9283281787185867
hrs,incident_cancer,clinical_context,plus_joint_context,PASS_BASELINE_FREE_RISK_SET,16111,10654,465,15646,25,25,PASS,4579.0,146.0,4433.0,,context_incident_non_target_disease,risk_ratio,0.8051345188499465,0.1461072742531522,0.6046467312545272,1.0720997235836478,0.1379493028931669,0.9283281787185867
hrs,incident_cancer,clinical_context,plus_joint_context,PASS_BASELINE_FREE_RISK_SET,16111,10654,465,15646,25,25,PASS,4579.0,146.0,4433.0,,context_fi_change,risk_ratio,1.0066780666432855,0.0392703667674416,0.9321023642986904,1.087220426292064,0.8654125858746041,0.9283281787185867
hrs,incident_arthritis,clinical_context,base_same_set_self_rated_health_worsening,PASS_BASELINE_FREE_RISK_SET,23286,8175,2153,21133,21,21,PASS,6090.0,641.0,5449.0,,any_withdrawal,risk_ratio,1.1691622326326043,0.07392624227094,1.0114598461245636,1.3514528841178683,0.0345067467657797,
hrs,incident_arthritis,clinical_context,plus_self_rated_health_worsening,PASS_BASELINE_FREE_RISK_SET,23286,8175,2153,21133,22,22,PASS,6090.0,641.0,5449.0,,any_withdrawal,risk_ratio,1.1695984161003687,0.0739272416897271,1.011835212998247,1.3519597236500418,0.0340806019024926,-0.2386653179267181
hrs,incident_arthritis,clinical_context,plus_self_rated_health_worsening,PASS_BASELINE_FREE_RISK_SET,23286,8175,2153,21133,22,22,PASS,6090.0,641.0,5449.0,,context_self_rated_health_worsening,risk_ratio,1.139850356513029,0.0460497229952148,1.041478344613551,1.247514018858433,0.0044759249202483,-0.2386653179267181
hrs,incident_arthritis,clinical_context,base_same_set_transition_hospitalization,PASS_BASELINE_FREE_RISK_SET,23253,8182,2150,21103,21,21,PASS,6085.0,642.0,5443.0,,any_withdrawal,risk_ratio,1.1691993254811444,0.0739968178129979,1.0113520302340302,1.351682719605782,0.0346425441869064,
hrs,incident_arthritis,clinical_context,plus_transition_hospitalization,PASS_BASELINE_FREE_RISK_SET,23253,8182,2150,21103,22,22,PASS,6085.0,642.0,5443.0,,any_withdrawal,risk_ratio,1.1675063140706543,0.0740054155590489,1.0098705654157971,1.3497482153404718,0.0363771676500112,0.9269870972997524
hrs,incident_arthritis,clinical_context,plus_transition_hospitalization,PASS_BASELINE_FREE_RISK_SET,23253,8182,2150,21103,22,22,PASS,6085.0,642.0,5443.0,,context_transition_hospitalization,risk_ratio,1.0989488377675078,0.053134983581327,0.9902592185155056,1.2195680943430132,0.0757751445149394,0.9269870972997524
hrs,incident_arthritis,clinical_context,base_same_set_cesd_worsening,PASS_BASELINE_FREE_RISK_SET,22344,7854,2059,20285,21,21,PASS,5757.0,603.0,5154.0,,any_withdrawal,risk_ratio,1.1660329888136105,0.0756292954419404,1.00539116488763,1.3523422310495077,0.0422492531214626,
hrs,incident_arthritis,clinical_context,plus_cesd_worsening,PASS_BASELINE_FREE_RISK_SET,22344,7854,2059,20285,22,22,PASS,5757.0,603.0,5154.0,,any_withdrawal,risk_ratio,1.1634201213814843,0.0757304336997369,1.0029394367822626,1.3495793755781504,0.0456384930832296,1.4604325348059066
hrs,incident_arthritis,clinical_context,plus_cesd_worsening,PASS_BASELINE_FREE_RISK_SET,22344,7854,2059,20285,22,22,PASS,5757.0,603.0,5154.0,,context_cesd_worsening,risk_ratio,1.136150122082641,0.0487566860301555,1.0326043567556744,1.2500790757498488,0.0088444374289148,1.4604325348059066
hrs,incident_arthritis,clinical_context,base_same_set_bmi_or_weight_loss,PASS_BASELINE_FREE_RISK_SET,8666,5623,758,7908,20,20,PASS,2201.0,216.0,1985.0,,any_withdrawal,risk_ratio,1.2462810666285284,0.1231280590687392,0.9790597651345652,1.5864368574305203,0.0737615949256866,
hrs,incident_arthritis,clinical_context,plus_bmi_or_weight_loss,PASS_BASELINE_FREE_RISK_SET,8666,5623,758,7908,21,21,PASS,2201.0,216.0,1985.0,,any_withdrawal,risk_ratio,1.2483866205375238,0.1230931026481198,0.9807810510618544,1.589008222222283,0.0714965384768246,-0.7667212751081094
hrs,incident_arthritis,clinical_context,plus_bmi_or_weight_loss,PASS_BASELINE_FREE_RISK_SET,8666,5623,758,7908,21,21,PASS,2201.0,216.0,1985.0,,context_bmi_or_weight_loss,risk_ratio,0.8282167283574421,0.1748178634611601,0.5879477909885907,1.1666732312706587,0.2809654681116083,-0.7667212751081094
hrs,incident_arthritis,clinical_context,base_same_set_incident_non_target_disease,PASS_BASELINE_FREE_RISK_SET,23314,8185,2155,21159,21,21,PASS,6102.0,643.0,5459.0,,any_withdrawal,risk_ratio,1.170347076160254,0.0738142408461657,1.01270715591429,1.3525255259406703,0.0330866825474038,
hrs,incident_arthritis,clinical_context,plus_incident_non_target_disease,PASS_BASELINE_FREE_RISK_SET,23314,8185,2155,21159,22,22,PASS,6102.0,643.0,5459.0,,any_withdrawal,risk_ratio,1.1701565580301962,0.0737847086240702,1.0126009093895891,1.3522270793994156,0.033198341484626,0.1034968888713282
hrs,incident_arthritis,clinical_context,plus_incident_non_target_disease,PASS_BASELINE_FREE_RISK_SET,23314,8185,2155,21159,22,22,PASS,6102.0,643.0,5459.0,,context_incident_non_target_disease,risk_ratio,1.0318230777218105,0.06398074128029,0.910216557446304,1.1696764412925067,0.6243921409132261,0.1034968888713282
hrs,incident_arthritis,clinical_context,base_same_set_fi_change,PASS_BASELINE_FREE_RISK_SET,16910,6886,1584,15326,19,19,PASS,4367.0,483.0,3884.0,,any_withdrawal,risk_ratio,1.330606853674339,0.0848649292667711,1.126711163428103,1.571400600716692,0.0007633265203159,
hrs,incident_arthritis,clinical_context,plus_fi_change,PASS_BASELINE_FREE_RISK_SET,16910,6886,1584,15326,20,20,PASS,4367.0,483.0,3884.0,,any_withdrawal,risk_ratio,1.3215783833429329,0.0846991516606216,1.119429835732662,1.5602312602077448,0.0009948947291279,2.383583617687139
hrs,incident_arthritis,clinical_context,plus_fi_change,PASS_BASELINE_FREE_RISK_SET,16910,6886,1584,15326,20,20,PASS,4367.0,483.0,3884.0,,context_fi_change,risk_ratio,1.098452693578926,0.0207630951468065,1.0546485976613225,1.1440761621514723,6.109332626571077e-06,2.383583617687139
hrs,incident_arthritis,clinical_context,base_same_set_joint_context,PASS_BASELINE_FREE_RISK_SET,7215,5049,643,6572,19,19,PASS,1836.0,189.0,1647.0,,any_withdrawal,risk_ratio,1.3547942603207523,0.1333378312852591,1.043220182062914,1.759424826471927,0.0227686023887661,
hrs,incident_arthritis,clinical_context,plus_joint_context,PASS_BASELINE_FREE_RISK_SET,7215,5049,643,6572,25,25,PASS,1836.0,189.0,1647.0,,any_withdrawal,risk_ratio,1.3333492252217023,0.1333159253906432,1.0267511346735594,1.7315005519468425,0.0309288673838114,5.254613811670423
hrs,incident_arthritis,clinical_context,plus_joint_context,PASS_BASELINE_FREE_RISK_SET,7215,5049,643,6572,25,25,PASS,1836.0,189.0,1647.0,,context_self_rated_health_worsening,risk_ratio,1.09803869281828,0.0859927400263208,0.9277276298841726,1.2996152449147262,0.2767723584992042,5.254613811670423
hrs,incident_arthritis,clinical_context,plus_joint_context,PASS_BASELINE_FREE_RISK_SET,7215,5049,643,6572,25,25,PASS,1836.0,189.0,1647.0,,context_transition_hospitalization,risk_ratio,1.245902926264565,0.0958755525700263,1.032463690862908,1.5034660447741777,0.021837278319455,5.254613811670423
hrs,incident_arthritis,clinical_context,plus_joint_context,PASS_BASELINE_FREE_RISK_SET,7215,5049,643,6572,25,25,PASS,1836.0,189.0,1647.0,,context_cesd_worsening,risk_ratio,1.1559461472119623,0.0875103350079373,0.9737526881524275,1.3722288128307736,0.097717031105069,5.254613811670423
hrs,incident_arthritis,clinical_context,plus_joint_context,PASS_BASELINE_FREE_RISK_SET,7215,5049,643,6572,25,25,PASS,1836.0,189.0,1647.0,,context_bmi_or_weight_loss,risk_ratio,0.8322779187750029,0.1915928405393157,0.5717211399186333,1.2115811113422057,0.3379498204277732,5.254613811670423
hrs,incident_arthritis,clinical_context,plus_joint_context,PASS_BASELINE_FREE_RISK_SET,7215,5049,643,6572,25,25,PASS,1836.0,189.0,1647.0,,context_incident_non_target_disease,risk_ratio,0.90639112313067,0.1211345495670247,0.7148348676511069,1.1492792325444494,0.4171559547503359,5.254613811670423
hrs,incident_arthritis,clinical_context,plus_joint_context,PASS_BASELINE_FREE_RISK_SET,7215,5049,643,6572,25,25,PASS,1836.0,189.0,1647.0,,context_fi_change,risk_ratio,1.1250216828655175,0.0378955294981378,1.044489695142284,1.2117628281101875,0.0018797155338947,5.254613811670423
share,incident_diabetes,clinical_context,base_same_set_self_rated_health_worsening,PASS_BASELINE_FREE_RISK_SET,29573,20827,908,28665,18,18,PASS,7835.0,288.0,7547.0,,any_withdrawal,risk_ratio,0.9519940357585992,0.1260529107577474,0.7435972849230909,1.2187949882222626,0.6963261136244127,
share,incident_diabetes,clinical_context,plus_self_rated_health_worsening,PASS_BASELINE_FREE_RISK_SET,29573,20827,908,28665,19,19,PASS,7835.0,288.0,7547.0,,any_withdrawal,risk_ratio,0.952190495430428,0.1260246284748325,0.7437919674119774,1.2189789340462882,0.6974723058148823,0.4194305799832005
share,incident_diabetes,clinical_context,plus_self_rated_health_worsening,PASS_BASELINE_FREE_RISK_SET,29573,20827,908,28665,19,19,PASS,7835.0,288.0,7547.0,,context_self_rated_health_worsening,risk_ratio,0.9487024050773436,0.0733706450034261,0.8216309594420655,1.0954264114033776,0.4729254257932799,0.4194305799832005
share,incident_diabetes,clinical_context,base_same_set_transition_hospitalization,PASS_BASELINE_FREE_RISK_SET,29579,20832,909,28670,18,18,PASS,7831.0,289.0,7542.0,,any_withdrawal,risk_ratio,0.9468864894107392,0.1261258006183961,0.7395021547368458,1.212429224290293,0.6652245357437225,
share,incident_diabetes,clinical_context,plus_transition_hospitalization,PASS_BASELINE_FREE_RISK_SET,29579,20832,909,28670,19,19,PASS,7831.0,289.0,7542.0,,any_withdrawal,risk_ratio,0.944317328518828,0.1261832090418801,0.7374127068202686,1.2092756318047564,0.6497955195145962,-4.978300169401962
share,incident_diabetes,clinical_context,plus_transition_hospitalization,PASS_BASELINE_FREE_RISK_SET,29579,20832,909,28670,19,19,PASS,7831.0,289.0,7542.0,,context_transition_hospitalization,risk_ratio,0.8302901120814347,0.0931854649754652,0.6916880209010918,0.996665620032156,0.0459550475330822,-4.978300169401962
share,incident_diabetes,clinical_context,base_same_set_bmi_or_weight_loss,PASS_BASELINE_FREE_RISK_SET,29237,20643,889,28348,18,18,PASS,7703.0,281.0,7422.0,,any_withdrawal,risk_ratio,0.9371024458091752,0.1280429040226719,0.7291162102097118,1.204418420060854,0.6119087054726768,
share,incident_diabetes,clinical_context,plus_bmi_or_weight_loss,PASS_BASELINE_FREE_RISK_SET,29237,20643,889,28348,19,19,PASS,7703.0,281.0,7422.0,,any_withdrawal,risk_ratio,0.9367405812810008,0.1280156687288116,0.7288735664779797,1.2038890652308722,0.6097181911450331,-0.5945370838973161
share,incident_diabetes,clinical_context,plus_bmi_or_weight_loss,PASS_BASELINE_FREE_RISK_SET,29237,20643,889,28348,19,19,PASS,7703.0,281.0,7422.0,,context_bmi_or_weight_loss,risk_ratio,1.046288467565324,0.1316823973210941,0.8082825048011893,1.3543774000520508,0.7311297749989624,-0.5945370838973161
share,incident_diabetes,clinical_context,base_same_set_incident_non_target_disease,PASS_BASELINE_FREE_RISK_SET,29589,20837,907,28682,18,18,PASS,7841.0,288.0,7553.0,,any_withdrawal,risk_ratio,0.9542719356785372,0.126077755543379,0.7453402448319694,1.2217707731976248,0.7104499557343168,
share,incident_diabetes,clinical_context,plus_incident_non_target_disease,PASS_BASELINE_FREE_RISK_SET,29589,20837,907,28682,19,19,PASS,7841.0,288.0,7553.0,,any_withdrawal,risk_ratio,0.9542352108568578,0.1260715759251326,0.7453205878143284,1.221708956556918,0.7102090702408035,-0.0822221451058167
share,incident_diabetes,clinical_context,plus_incident_non_target_disease,PASS_BASELINE_FREE_RISK_SET,29589,20837,907,28682,19,19,PASS,7841.0,288.0,7553.0,,context_incident_non_target_disease,risk_ratio,1.018853800424692,0.0762314429045245,0.8774523630726064,1.1830420776403348,0.8064405165916354,-0.0822221451058167
share,incident_diabetes,clinical_context,base_same_set_fi_change,PASS_BASELINE_FREE_RISK_SET,20815,18134,644,20171,17,17,PASS,5240.0,196.0,5044.0,,any_withdrawal,risk_ratio,0.9639440082152556,0.1536270126343069,0.713319765146123,1.3026248484559364,0.8110792716793547,
share,incident_diabetes,clinical_context,plus_fi_change,PASS_BASELINE_FREE_RISK_SET,20815,18134,644,20171,18,18,PASS,5240.0,196.0,5044.0,,any_withdrawal,risk_ratio,0.9639344182941468,0.1536321207179474,0.7133055271844353,1.3026249304974544,0.811035221633851,-0.027091824054188
share,incident_diabetes,clinical_context,plus_fi_change,PASS_BASELINE_FREE_RISK_SET,20815,18134,644,20171,18,18,PASS,5240.0,196.0,5044.0,,context_fi_change,risk_ratio,0.9985096235685704,0.0278459464336488,0.9454743306012864,1.0545198701745604,0.9572840306543564,-0.027091824054188
share,incident_diabetes,clinical_context,base_same_set_joint_context,PASS_BASELINE_FREE_RISK_SET,20552,17926,631,19921,17,17,PASS,5143.0,191.0,4952.0,,any_withdrawal,risk_ratio,0.9464190933296324,0.1554953434346035,0.697791406998769,1.2836344661671413,0.7232210943663961,
share,incident_diabetes,clinical_context,plus_joint_context,PASS_BASELINE_FREE_RISK_SET,20552,17926,631,19921,22,22,PASS,5143.0,191.0,4952.0,,any_withdrawal,risk_ratio,0.9428932053845775,0.1555174894941121,0.6951616079707841,1.278907791463892,0.705351102601668,-6.777691847058264
share,incident_diabetes,clinical_context,plus_joint_context,PASS_BASELINE_FREE_RISK_SET,20552,17926,631,19921,22,22,PASS,5143.0,191.0,4952.0,,context_self_rated_health_worsening,risk_ratio,0.9065097714751555,0.092680961900764,0.7559312720820413,1.0870829083662428,0.2895784990506325,-6.777691847058264
share,incident_diabetes,clinical_context,plus_joint_context,PASS_BASELINE_FREE_RISK_SET,20552,17926,631,19921,22,22,PASS,5143.0,191.0,4952.0,,context_transition_hospitalization,risk_ratio,0.7753939618435384,0.1142142150134823,0.6198735403807035,0.9699329893870964,0.0259303183600121,-6.777691847058264
share,incident_diabetes,clinical_context,plus_joint_context,PASS_BASELINE_FREE_RISK_SET,20552,17926,631,19921,22,22,PASS,5143.0,191.0,4952.0,,context_bmi_or_weight_loss,risk_ratio,0.8945167685777583,0.171372426818766,0.6393166455469312,1.251586760395176,0.5153924141064175,-6.777691847058264
share,incident_diabetes,clinical_context,plus_joint_context,PASS_BASELINE_FREE_RISK_SET,20552,17926,631,19921,22,22,PASS,5143.0,191.0,4952.0,,context_incident_non_target_disease,risk_ratio,1.0760782516323844,0.0987973583225492,0.8866401428337672,1.3059914024818833,0.4579920180762599,-6.777691847058264
share,incident_diabetes,clinical_context,plus_joint_context,PASS_BASELINE_FREE_RISK_SET,20552,17926,631,19921,22,22,PASS,5143.0,191.0,4952.0,,context_fi_change,risk_ratio,1.000436877700615,0.0309735990104614,0.9415099560857833,1.0630518984890724,0.9887487953462996,-6.777691847058264
share,incident_stroke,clinical_context,base_same_set_self_rated_health_worsening,PASS_BASELINE_FREE_RISK_SET,32825,23168,731,32094,18,18,PASS,8828.0,243.0,8585.0,,any_withdrawal,risk_ratio,1.0905092281065316,0.1410846606985226,0.8270616130615107,1.4378739839991324,0.5391273355426682,
share,incident_stroke,clinical_context,plus_self_rated_health_worsening,PASS_BASELINE_FREE_RISK_SET,32825,23168,731,32094,19,19,PASS,8828.0,243.0,8585.0,,any_withdrawal,risk_ratio,1.0874725470778583,0.1411682265184125,0.8246234672687512,1.4341048825167466,0.5525011540612881,3.2183469753456664
share,incident_stroke,clinical_context,plus_self_rated_health_worsening,PASS_BASELINE_FREE_RISK_SET,32825,23168,731,32094,19,19,PASS,8828.0,243.0,8585.0,,context_self_rated_health_worsening,risk_ratio,1.270648202172669,0.077530779963444,1.091518263398324,1.4791752990535576,0.0020053009001078,3.2183469753456664
share,incident_stroke,clinical_context,base_same_set_transition_hospitalization,PASS_BASELINE_FREE_RISK_SET,32835,23176,731,32104,18,18,PASS,8827.0,243.0,8584.0,,any_withdrawal,risk_ratio,1.0895878828405767,0.1410969974750167,0.826342867496346,1.4366938968445324,0.5431284309162925,
share,incident_stroke,clinical_context,plus_transition_hospitalization,PASS_BASELINE_FREE_RISK_SET,32835,23176,731,32104,19,19,PASS,8827.0,243.0,8584.0,,any_withdrawal,risk_ratio,1.0924066994550918,0.1407536050427845,0.8290384421627156,1.4394415702862515,0.5300505784062763,-3.0113307207046907
share,incident_stroke,clinical_context,plus_transition_hospitalization,PASS_BASELINE_FREE_RISK_SET,32835,23176,731,32104,19,19,PASS,8827.0,243.0,8584.0,,context_transition_hospitalization,risk_ratio,1.3459847184660412,0.0897814175278593,1.1288027220727492,1.6049525988185465,0.0009348405179116,-3.0113307207046907
share,incident_stroke,clinical_context,base_same_set_bmi_or_weight_loss,PASS_BASELINE_FREE_RISK_SET,32448,22972,719,31729,18,18,PASS,8674.0,237.0,8437.0,,any_withdrawal,risk_ratio,1.0964019692086178,0.1429369832468669,0.8285173857623116,1.45090169348528,0.5196549907178762,
share,incident_stroke,clinical_context,plus_bmi_or_weight_loss,PASS_BASELINE_FREE_RISK_SET,32448,22972,719,31729,19,19,PASS,8674.0,237.0,8437.0,,any_withdrawal,risk_ratio,1.094521897568173,0.142969846034545,0.8270434017274165,1.4485070333117454,0.52756650353072,1.8647880421763603
share,incident_stroke,clinical_context,plus_bmi_or_weight_loss,PASS_BASELINE_FREE_RISK_SET,32448,22972,719,31729,19,19,PASS,8674.0,237.0,8437.0,,context_bmi_or_weight_loss,risk_ratio,1.138081040900167,0.1368365926633816,0.8703574873132804,1.4881568488078012,0.344535893358473,1.8647880421763603
share,incident_stroke,clinical_context,base_same_set_incident_non_target_disease,PASS_BASELINE_FREE_RISK_SET,32840,23177,731,32109,18,18,PASS,8834.0,243.0,8591.0,,any_withdrawal,risk_ratio,1.0900714946195604,0.1410857738064917,0.8267278245579797,1.4372999530013864,0.5410124760536765,
share,incident_stroke,clinical_context,plus_incident_non_target_disease,PASS_BASELINE_FREE_RISK_SET,32840,23177,731,32109,19,19,PASS,8834.0,243.0,8591.0,,any_withdrawal,risk_ratio,1.0905000240770883,0.1411099958439836,0.8270135653791328,1.4379332483705545,0.5392397195592817,-0.4557378028457478
share,incident_stroke,clinical_context,plus_incident_non_target_disease,PASS_BASELINE_FREE_RISK_SET,32840,23177,731,32109,19,19,PASS,8834.0,243.0,8591.0,,context_incident_non_target_disease,risk_ratio,0.9686866185840524,0.0860919963763453,0.8182794795528759,1.1467399445682551,0.7117279466169038,-0.4557378028457478
share,incident_stroke,clinical_context,base_same_set_fi_change,PASS_BASELINE_FREE_RISK_SET,23207,20255,491,22716,17,17,PASS,5967.0,163.0,5804.0,,any_withdrawal,risk_ratio,1.08917682061596,0.1745310671517181,0.7736370791685515,1.533414282368738,0.6245313789740574,
share,incident_stroke,clinical_context,plus_fi_change,PASS_BASELINE_FREE_RISK_SET,23207,20255,491,22716,18,18,PASS,5967.0,163.0,5804.0,,any_withdrawal,risk_ratio,1.081660031647713,0.1740648444312109,0.7690003159175469,1.5214407586661889,0.6520157070514844,8.107111551359424
share,incident_stroke,clinical_context,plus_fi_change,PASS_BASELINE_FREE_RISK_SET,23207,20255,491,22716,18,18,PASS,5967.0,163.0,5804.0,,context_fi_change,risk_ratio,1.1123659005064808,0.0256010291412945,1.0579278049687089,1.169605232793926,3.188518665668537e-05,8.107111551359424
share,incident_stroke,clinical_context,base_same_set_joint_context,PASS_BASELINE_FREE_RISK_SET,22921,20030,485,22436,17,17,PASS,5856.0,161.0,5695.0,,any_withdrawal,risk_ratio,1.1046921225685886,0.1756745734796626,0.7829008941397846,1.5587473392860949,0.5708720178060749,
share,incident_stroke,clinical_context,plus_joint_context,PASS_BASELINE_FREE_RISK_SET,22921,20030,485,22436,22,22,PASS,5856.0,161.0,5695.0,,any_withdrawal,risk_ratio,1.1035669729029307,0.1750103814050541,0.7831222943694014,1.5551339457942557,0.5733695521109377,1.023472789423393
share,incident_stroke,clinical_context,plus_joint_context,PASS_BASELINE_FREE_RISK_SET,22921,20030,485,22436,22,22,PASS,5856.0,161.0,5695.0,,context_self_rated_health_worsening,risk_ratio,1.2108973877350917,0.096952529886433,1.0013391565668208,1.4643115412073897,0.0484082153061086,1.023472789423393
share,incident_stroke,clinical_context,plus_joint_context,PASS_BASELINE_FREE_RISK_SET,22921,20030,485,22436,22,22,PASS,5856.0,161.0,5695.0,,context_transition_hospitalization,risk_ratio,1.3188218449109448,0.1121026478883935,1.0586787240614983,1.642888460005807,0.0135635309748611,1.023472789423393
share,incident_stroke,clinical_context,plus_joint_context,PASS_BASELINE_FREE_RISK_SET,22921,20030,485,22436,22,22,PASS,5856.0,161.0,5695.0,,context_bmi_or_weight_loss,risk_ratio,0.9761399168715652,0.1811224065963947,0.6844479082042824,1.3921426684025104,0.8939311151325467,1.023472789423393
share,incident_stroke,clinical_context,plus_joint_context,PASS_BASELINE_FREE_RISK_SET,22921,20030,485,22436,22,22,PASS,5856.0,161.0,5695.0,,context_incident_non_target_disease,risk_ratio,0.8121276838357973,0.1133396470445182,0.6503534261604687,1.014143000285753,0.0663496800524199,1.023472789423393
share,incident_stroke,clinical_context,plus_joint_context,PASS_BASELINE_FREE_RISK_SET,22921,20030,485,22436,22,22,PASS,5856.0,161.0,5695.0,,context_fi_change,risk_ratio,1.1110076486462304,0.0263519165940775,1.055082104062512,1.1698975753618628,6.478250981124884e-05,1.023472789423393
share,incident_heart_disease,clinical_context,base_same_set_self_rated_health_worsening,PASS_BASELINE_FREE_RISK_SET,27945,19772,1433,26512,18,18,PASS,7374.0,432.0,6942.0,,any_withdrawal,risk_ratio,0.9365094722116816,0.1011380357196387,0.7681098285414251,1.1418288882042371,0.516612855884719,
share,incident_heart_disease,clinical_context,plus_self_rated_health_worsening,PASS_BASELINE_FREE_RISK_SET,27945,19772,1433,26512,19,19,PASS,7374.0,432.0,6942.0,,any_withdrawal,risk_ratio,0.9352006910244928,0.1011414442333912,0.7670312632918234,1.1402407885425914,0.5077273373518281,-2.131981933850766
share,incident_heart_disease,clinical_context,plus_self_rated_health_worsening,PASS_BASELINE_FREE_RISK_SET,27945,19772,1433,26512,19,19,PASS,7374.0,432.0,6942.0,,context_self_rated_health_worsening,risk_ratio,1.0867796585169665,0.0559255740368579,0.9739520277346848,1.2126778245057426,0.1367432198259887,-2.131981933850766
share,incident_heart_disease,clinical_context,base_same_set_transition_hospitalization,PASS_BASELINE_FREE_RISK_SET,27953,19779,1432,26521,18,18,PASS,7370.0,430.0,6940.0,,any_withdrawal,risk_ratio,0.9378405611236388,0.1013060757019655,0.7689482694041639,1.1438284642609775,0.5264205655656229,
share,incident_heart_disease,clinical_context,plus_transition_hospitalization,PASS_BASELINE_FREE_RISK_SET,27953,19779,1432,26521,19,19,PASS,7370.0,430.0,6940.0,,any_withdrawal,risk_ratio,0.9414199801384628,0.1010557066859508,0.7722619508642238,1.1476307721908272,0.5502717470447683,5.935919613603383
share,incident_heart_disease,clinical_context,plus_transition_hospitalization,PASS_BASELINE_FREE_RISK_SET,27953,19779,1432,26521,19,19,PASS,7370.0,430.0,6940.0,,context_transition_hospitalization,risk_ratio,1.308792538744192,0.0665245470043724,1.1488015514377552,1.4910651080934565,5.227884780966073e-05,5.935919613603383
share,incident_heart_disease,clinical_context,base_same_set_bmi_or_weight_loss,PASS_BASELINE_FREE_RISK_SET,27624,19601,1414,26210,18,18,PASS,7249.0,422.0,6827.0,,any_withdrawal,risk_ratio,0.9360433584362255,0.102195963988047,0.7661372948209509,1.143629444481402,0.5178049003195802,
share,incident_heart_disease,clinical_context,plus_bmi_or_weight_loss,PASS_BASELINE_FREE_RISK_SET,27624,19601,1414,26210,19,19,PASS,7249.0,422.0,6827.0,,any_withdrawal,risk_ratio,0.9360326274104468,0.1022149490106617,0.7661000045577421,1.1436588883493044,0.5178100548547958,-0.0173455924950779
share,incident_heart_disease,clinical_context,plus_bmi_or_weight_loss,PASS_BASELINE_FREE_RISK_SET,27624,19601,1414,26210,19,19,PASS,7249.0,422.0,6827.0,,context_bmi_or_weight_loss,risk_ratio,1.0011048262265545,0.1052857445742519,0.8144420095376222,1.2305490892630633,0.9916320957412676,-0.0173455924950779
share,incident_heart_disease,clinical_context,base_same_set_incident_non_target_disease,PASS_BASELINE_FREE_RISK_SET,27961,19783,1433,26528,18,18,PASS,7380.0,432.0,6948.0,,any_withdrawal,risk_ratio,0.9458828151222124,0.1009825447386669,0.776034157449147,1.1529058242544563,0.5816661946305822,
share,incident_heart_disease,clinical_context,plus_incident_non_target_disease,PASS_BASELINE_FREE_RISK_SET,27961,19783,1433,26528,19,19,PASS,7380.0,432.0,6948.0,,any_withdrawal,risk_ratio,0.9457344000125102,0.1009774060118271,0.7759202074998265,1.1527133160367171,0.5805821369840951,-0.2820423594350016
share,incident_heart_disease,clinical_context,plus_incident_non_target_disease,PASS_BASELINE_FREE_RISK_SET,27961,19783,1433,26528,19,19,PASS,7380.0,432.0,6948.0,,context_incident_non_target_disease,risk_ratio,1.013593177345283,0.0616905732487456,0.8981576378144459,1.1438650476333816,0.8267588535041636,-0.2820423594350016
share,incident_heart_disease,clinical_context,base_same_set_fi_change,PASS_BASELINE_FREE_RISK_SET,19612,17148,1014,18598,17,17,PASS,4913.0,293.0,4620.0,,any_withdrawal,risk_ratio,0.9748612975038972,0.1227638692565917,0.7663833025525659,1.2400512200692129,0.8357047940596964,
share,incident_heart_disease,clinical_context,plus_fi_change,PASS_BASELINE_FREE_RISK_SET,19612,17148,1014,18598,18,18,PASS,4913.0,293.0,4620.0,,any_withdrawal,risk_ratio,0.9679211018665684,0.1229684360362666,0.7606222678478736,1.2317168442746254,0.7908962879036945,-28.06206858003406
share,incident_heart_disease,clinical_context,plus_fi_change,PASS_BASELINE_FREE_RISK_SET,19612,17148,1014,18598,18,18,PASS,4913.0,293.0,4620.0,,context_fi_change,risk_ratio,1.0649296833069846,0.0192483254983052,1.025502511091694,1.1058726996007449,0.0010820614881295,-28.06206858003406
share,incident_heart_disease,clinical_context,base_same_set_joint_context,PASS_BASELINE_FREE_RISK_SET,19369,16955,1003,18366,17,17,PASS,4824.0,289.0,4535.0,,any_withdrawal,risk_ratio,0.9695650845691632,0.1235998877056224,0.7609717813264469,1.2353368104885576,0.8025391560524571,
share,incident_heart_disease,clinical_context,plus_joint_context,PASS_BASELINE_FREE_RISK_SET,19369,16955,1003,18366,22,22,PASS,4824.0,289.0,4535.0,,any_withdrawal,risk_ratio,0.9673960432078051,0.1237350868085952,0.7590682212918014,1.232899860860274,0.7887845118421175,-7.246207671913902
share,incident_heart_disease,clinical_context,plus_joint_context,PASS_BASELINE_FREE_RISK_SET,19369,16955,1003,18366,22,22,PASS,4824.0,289.0,4535.0,,context_self_rated_health_worsening,risk_ratio,1.08691717076366,0.0681850788722086,0.9509489544958976,1.2423263420349824,0.2215787678287185,-7.246207671913902
share,incident_heart_disease,clinical_context,plus_joint_context,PASS_BASELINE_FREE_RISK_SET,19369,16955,1003,18366,22,22,PASS,4824.0,289.0,4535.0,,context_transition_hospitalization,risk_ratio,1.2689149313733077,0.0803691286523747,1.0839822766206908,1.4853979975408311,0.003043067308687,-7.246207671913902
share,incident_heart_disease,clinical_context,plus_joint_context,PASS_BASELINE_FREE_RISK_SET,19369,16955,1003,18366,22,22,PASS,4824.0,289.0,4535.0,,context_bmi_or_weight_loss,risk_ratio,1.0169006218551715,0.1266793957292312,0.7933207536315919,1.303491519660472,0.8947488100194037,-7.246207671913902
share,incident_heart_disease,clinical_context,plus_joint_context,PASS_BASELINE_FREE_RISK_SET,19369,16955,1003,18366,22,22,PASS,4824.0,289.0,4535.0,,context_incident_non_target_disease,risk_ratio,0.9662907408436042,0.0775529290895433,0.8300316353767461,1.1249183236447042,0.6583761070680307,-7.246207671913902
share,incident_heart_disease,clinical_context,plus_joint_context,PASS_BASELINE_FREE_RISK_SET,19369,16955,1003,18366,22,22,PASS,4824.0,289.0,4535.0,,context_fi_change,risk_ratio,1.0574460819244766,0.0201851210381311,1.0164280139520012,1.100119438689764,0.0056536814595619,-7.246207671913902
share,incident_hypertension,clinical_context,base_same_set_self_rated_health_worsening,PASS_BASELINE_FREE_RISK_SET,15888,11517,1861,14027,18,18,PASS,4068.0,507.0,3561.0,,any_withdrawal,risk_ratio,0.9639336578752618,0.0829774182095844,0.819250355399794,1.13416868318763,0.6579940470208246,
share,incident_hypertension,clinical_context,plus_self_rated_health_worsening,PASS_BASELINE_FREE_RISK_SET,15888,11517,1861,14027,19,19,PASS,4068.0,507.0,3561.0,,any_withdrawal,risk_ratio,0.963372031194935,0.083000025756542,0.8187367480440453,1.1335580975274937,0.6530092716100125,-1.5866203710960938
share,incident_hypertension,clinical_context,plus_self_rated_health_worsening,PASS_BASELINE_FREE_RISK_SET,15888,11517,1861,14027,19,19,PASS,4068.0,507.0,3561.0,,context_self_rated_health_worsening,risk_ratio,1.0580474275923408,0.0472681850439914,0.9644292722965904,1.1607531948599976,0.2325860062811405,-1.5866203710960938
share,incident_hypertension,clinical_context,base_same_set_transition_hospitalization,PASS_BASELINE_FREE_RISK_SET,15896,11522,1862,14034,18,18,PASS,4070.0,506.0,3564.0,,any_withdrawal,risk_ratio,0.9617822118481246,0.0829996312424645,0.8173862473031627,1.131686550978127,0.6387216000289309,
share,incident_hypertension,clinical_context,plus_transition_hospitalization,PASS_BASELINE_FREE_RISK_SET,15896,11522,1862,14034,19,19,PASS,4070.0,506.0,3564.0,,any_withdrawal,risk_ratio,0.9618301752579224,0.0830189516406788,0.8173960566314498,1.1317858442444209,0.639229026143377,0.1279743049007299
share,incident_hypertension,clinical_context,plus_transition_hospitalization,PASS_BASELINE_FREE_RISK_SET,15896,11522,1862,14034,19,19,PASS,4070.0,506.0,3564.0,,context_transition_hospitalization,risk_ratio,1.0064299830343877,0.0624277646055839,0.8905226233273553,1.137423445758161,0.918225643437592,0.1279743049007299
share,incident_hypertension,clinical_context,base_same_set_bmi_or_weight_loss,PASS_BASELINE_FREE_RISK_SET,15738,11421,1838,13900,18,18,PASS,4020.0,497.0,3523.0,,any_withdrawal,risk_ratio,0.9555307267151936,0.0836402731902082,0.8110542931355385,1.125743341012418,0.5865397985398331,
share,incident_hypertension,clinical_context,plus_bmi_or_weight_loss,PASS_BASELINE_FREE_RISK_SET,15738,11421,1838,13900,19,19,PASS,4020.0,497.0,3523.0,,any_withdrawal,risk_ratio,0.9554127500059812,0.0836556242906082,0.8109297552276056,1.125638215874555,0.5855930648398038,-0.2714427032467024
share,incident_hypertension,clinical_context,plus_bmi_or_weight_loss,PASS_BASELINE_FREE_RISK_SET,15738,11421,1838,13900,19,19,PASS,4020.0,497.0,3523.0,,context_bmi_or_weight_loss,risk_ratio,0.9826023475522276,0.0904213202329686,0.8230212148155422,1.1731257421250567,0.846097652025637,-0.2714427032467024
share,incident_hypertension,clinical_context,base_same_set_incident_non_target_disease,PASS_BASELINE_FREE_RISK_SET,15902,11526,1863,14039,18,18,PASS,4074.0,507.0,3567.0,,any_withdrawal,risk_ratio,0.961126153388146,0.0829777789283273,0.8168636706726935,1.1308661602810268,0.632768346153162,
share,incident_hypertension,clinical_context,plus_incident_non_target_disease,PASS_BASELINE_FREE_RISK_SET,15902,11526,1863,14039,19,19,PASS,4074.0,507.0,3567.0,,any_withdrawal,risk_ratio,0.9609107683272068,0.0829938075351452,0.8166549583169276,1.1306482563825313,0.6309129953119039,-0.5652557349117553
share,incident_hypertension,clinical_context,plus_incident_non_target_disease,PASS_BASELINE_FREE_RISK_SET,15902,11526,1863,14039,19,19,PASS,4074.0,507.0,3567.0,,context_incident_non_target_disease,risk_ratio,1.1199228319637902,0.0581456296212742,0.9992966904230582,1.255109880352762,0.0514312297223013,-0.5652557349117553
share,incident_hypertension,clinical_context,base_same_set_fi_change,PASS_BASELINE_FREE_RISK_SET,10872,9645,1266,9606,17,17,PASS,2624.0,332.0,2292.0,,any_withdrawal,risk_ratio,0.944610212533004,0.1032661717977026,0.7715291011778505,1.1565195042668386,0.581081163950911,
share,incident_hypertension,clinical_context,plus_fi_change,PASS_BASELINE_FREE_RISK_SET,10872,9645,1266,9606,18,18,PASS,2624.0,332.0,2292.0,,any_withdrawal,risk_ratio,0.9459281917514684,0.1033590039040607,0.772465025877037,1.158343891277527,0.5907007847564661,2.4468564979217797
share,incident_hypertension,clinical_context,plus_fi_change,PASS_BASELINE_FREE_RISK_SET,10872,9645,1266,9606,18,18,PASS,2624.0,332.0,2292.0,,context_fi_change,risk_ratio,1.0720711257495394,0.0172515845471703,1.0364277292530242,1.1089403208984348,5.484185475577123e-05,2.4468564979217797
share,incident_hypertension,clinical_context,base_same_set_joint_context,PASS_BASELINE_FREE_RISK_SET,10749,9538,1247,9502,17,17,PASS,2583.0,323.0,2260.0,,any_withdrawal,risk_ratio,0.9295215856608342,0.1043887831001985,0.7575365404962009,1.1405527417112953,0.4838489306294676,
share,incident_hypertension,clinical_context,plus_joint_context,PASS_BASELINE_FREE_RISK_SET,10749,9538,1247,9502,22,22,PASS,2583.0,323.0,2260.0,,any_withdrawal,risk_ratio,0.931142113476778,0.1044637618648582,0.7587457194207491,1.1427090964703115,0.4946393987061489,2.383356334948377
share,incident_hypertension,clinical_context,plus_joint_context,PASS_BASELINE_FREE_RISK_SET,10749,9538,1247,9502,22,22,PASS,2583.0,323.0,2260.0,,context_self_rated_health_worsening,risk_ratio,1.069741758705591,0.0589761648093617,0.9529680642624966,1.200824532566202,0.2529856826401032,2.383356334948377
share,incident_hypertension,clinical_context,plus_joint_context,PASS_BASELINE_FREE_RISK_SET,10749,9538,1247,9502,22,22,PASS,2583.0,323.0,2260.0,,context_transition_hospitalization,risk_ratio,1.047652704037155,0.0748636534817768,0.9046764410817552,1.2132251249562225,0.5340565031581894,2.383356334948377
share,incident_hypertension,clinical_context,plus_joint_context,PASS_BASELINE_FREE_RISK_SET,10749,9538,1247,9502,22,22,PASS,2583.0,323.0,2260.0,,context_bmi_or_weight_loss,risk_ratio,0.9427502554004346,0.1112969891573308,0.7579847879036897,1.172553932798073,0.5963208403199196,2.383356334948377
share,incident_hypertension,clinical_context,plus_joint_context,PASS_BASELINE_FREE_RISK_SET,10749,9538,1247,9502,22,22,PASS,2583.0,323.0,2260.0,,context_incident_non_target_disease,risk_ratio,1.018822015930059,0.0749504297186763,0.8796307434237465,1.180038678620572,0.8035216151740493,2.383356334948377
share,incident_hypertension,clinical_context,plus_joint_context,PASS_BASELINE_FREE_RISK_SET,10749,9538,1247,9502,22,22,PASS,2583.0,323.0,2260.0,,context_fi_change,risk_ratio,1.065349305499046,0.018515728071346,1.0273807185041255,1.1047210856553973,0.0006288345186806,2.383356334948377
share,incident_cancer,clinical_context,base_same_set_self_rated_health_worsening,PASS_BASELINE_FREE_RISK_SET,31474,22361,856,30618,18,18,PASS,8609.0,252.0,8357.0,,any_withdrawal,risk_ratio,0.9012086222313368,0.1326140910998203,0.6949347342592345,1.1687097230070735,0.4328230878505203,
share,incident_cancer,clinical_context,plus_self_rated_health_worsening,PASS_BASELINE_FREE_RISK_SET,31474,22361,856,30618,19,19,PASS,8609.0,252.0,8357.0,,any_withdrawal,risk_ratio,0.899654078793182,0.132525462636611,0.6938565221682795,1.166491105336778,0.4249159122730809,-1.6597465062537309
share,incident_cancer,clinical_context,plus_self_rated_health_worsening,PASS_BASELINE_FREE_RISK_SET,31474,22361,856,30618,19,19,PASS,8609.0,252.0,8357.0,,context_self_rated_health_worsening,risk_ratio,1.0898303127036375,0.0736130458898551,0.943407544493463,1.25897881294285,0.2425768626390332,-1.6597465062537309
share,incident_cancer,clinical_context,base_same_set_transition_hospitalization,PASS_BASELINE_FREE_RISK_SET,31475,22362,855,30620,18,18,PASS,8602.0,251.0,8351.0,,any_withdrawal,risk_ratio,0.9001940185572403,0.1327981125118455,0.6939020405007442,1.1678150859182608,0.4284974276458481,
share,incident_cancer,clinical_context,plus_transition_hospitalization,PASS_BASELINE_FREE_RISK_SET,31475,22362,855,30620,19,19,PASS,8602.0,251.0,8351.0,,any_withdrawal,risk_ratio,0.9011180485703806,0.132696139066707,0.694753158650631,1.168780202505889,0.4326632921078513,0.975750273420566
share,incident_cancer,clinical_context,plus_transition_hospitalization,PASS_BASELINE_FREE_RISK_SET,31475,22362,855,30620,19,19,PASS,8602.0,251.0,8351.0,,context_transition_hospitalization,risk_ratio,1.1583150422579298,0.0906500382368084,0.9697621819676374,1.383528623892826,0.1049639746495517,0.975750273420566
share,incident_cancer,clinical_context,base_same_set_bmi_or_weight_loss,PASS_BASELINE_FREE_RISK_SET,31085,22156,845,30240,18,18,PASS,8448.0,251.0,8197.0,,any_withdrawal,risk_ratio,0.9252433449637996,0.1330651894271671,0.7128377248838775,1.200939873853136,0.5592788136598832,
share,incident_cancer,clinical_context,plus_bmi_or_weight_loss,PASS_BASELINE_FREE_RISK_SET,31085,22156,845,30240,19,19,PASS,8448.0,251.0,8197.0,,any_withdrawal,risk_ratio,0.9241451324631352,0.1329647332148265,0.7121318242961099,1.199278275057383,0.5529895893473502,-1.528535906386877
share,incident_cancer,clinical_context,plus_bmi_or_weight_loss,PASS_BASELINE_FREE_RISK_SET,31085,22156,845,30240,19,19,PASS,8448.0,251.0,8197.0,,context_bmi_or_weight_loss,risk_ratio,1.2199172866309331,0.1320878723248838,0.9416662053647122,1.580388228591671,0.1323419636667045,-1.528535906386877
share,incident_cancer,clinical_context,base_same_set_incident_non_target_disease,PASS_BASELINE_FREE_RISK_SET,31485,22367,855,30630,18,18,PASS,8612.0,252.0,8360.0,,any_withdrawal,risk_ratio,0.9042863960780378,0.1326130761118726,0.6973094364532675,1.1726987236700173,0.4480518078083296,
share,incident_cancer,clinical_context,plus_incident_non_target_disease,PASS_BASELINE_FREE_RISK_SET,31485,22367,855,30630,19,19,PASS,8612.0,252.0,8360.0,,any_withdrawal,risk_ratio,0.9043363185269426,0.1326263769919115,0.6973297533396258,1.1727940376703714,0.4483464482339326,0.0548706844537897
share,incident_cancer,clinical_context,plus_incident_non_target_disease,PASS_BASELINE_FREE_RISK_SET,31485,22367,855,30630,19,19,PASS,8612.0,252.0,8360.0,,context_incident_non_target_disease,risk_ratio,0.98064030125254,0.0837030899514,0.8322648214913866,1.1554680380668054,0.8153278981209569,0.0548706844537897
share,incident_cancer,clinical_context,base_same_set_fi_change,PASS_BASELINE_FREE_RISK_SET,22198,19495,608,21590,17,17,PASS,5775.0,180.0,5595.0,,any_withdrawal,risk_ratio,0.8758738643773025,0.1603536342363587,0.6396586932067181,1.1993193158266175,0.4085172996535482,
share,incident_cancer,clinical_context,plus_fi_change,PASS_BASELINE_FREE_RISK_SET,22198,19495,608,21590,18,18,PASS,5775.0,180.0,5595.0,,any_withdrawal,risk_ratio,0.8764763944063315,0.1603920965995336,0.6400504744716501,1.2002348261450273,0.4110655306097724,0.5188754755693875
share,incident_cancer,clinical_context,plus_fi_change,PASS_BASELINE_FREE_RISK_SET,22198,19495,608,21590,18,18,PASS,5775.0,180.0,5595.0,,context_fi_change,risk_ratio,1.0283363560202914,0.0270907148565061,0.9751592213722184,1.0844133326504766,0.3023369335304436,0.5188754755693875
share,incident_cancer,clinical_context,base_same_set_joint_context,PASS_BASELINE_FREE_RISK_SET,21910,19272,601,21309,17,17,PASS,5669.0,180.0,5489.0,,any_withdrawal,risk_ratio,0.8933733626212158,0.1607935068484243,0.6518764892827619,1.2243361712880283,0.4831693649540017,
share,incident_cancer,clinical_context,plus_joint_context,PASS_BASELINE_FREE_RISK_SET,21910,19272,601,21309,22,22,PASS,5669.0,180.0,5489.0,,any_withdrawal,risk_ratio,0.8946018237225426,0.1604800618260491,0.653174020841676,1.2252667703721922,0.4876689752765285,1.2187392335295637
share,incident_cancer,clinical_context,plus_joint_context,PASS_BASELINE_FREE_RISK_SET,21910,19272,601,21309,22,22,PASS,5669.0,180.0,5489.0,,context_self_rated_health_worsening,risk_ratio,1.0519987526210484,0.0918209097979503,0.8787333814295523,1.259427943565571,0.5808977169118157,1.2187392335295637
share,incident_cancer,clinical_context,plus_joint_context,PASS_BASELINE_FREE_RISK_SET,21910,19272,601,21309,22,22,PASS,5669.0,180.0,5489.0,,context_transition_hospitalization,risk_ratio,1.2252467139260892,0.1063968097230965,0.994622816799681,1.509345537454155,0.0562248636747315,1.2187392335295637
share,incident_cancer,clinical_context,plus_joint_context,PASS_BASELINE_FREE_RISK_SET,21910,19272,601,21309,22,22,PASS,5669.0,180.0,5489.0,,context_bmi_or_weight_loss,risk_ratio,1.1281322091438055,0.1620292006288564,0.821184027040507,1.5498137316361915,0.4568255942235969,1.2187392335295637
share,incident_cancer,clinical_context,plus_joint_context,PASS_BASELINE_FREE_RISK_SET,21910,19272,601,21309,22,22,PASS,5669.0,180.0,5489.0,,context_incident_non_target_disease,risk_ratio,0.9878407793176336,0.1058247860793429,0.8028025239388662,1.2155285717028703,0.9079665410050058,1.2187392335295637
share,incident_cancer,clinical_context,plus_joint_context,PASS_BASELINE_FREE_RISK_SET,21910,19272,601,21309,22,22,PASS,5669.0,180.0,5489.0,,context_fi_change,risk_ratio,1.024198537889267,0.0286183596472354,0.9683317226483608,1.0832885265243335,0.4034411045040897,1.2187392335295637
share,incident_arthritis,clinical_context,base_same_set_self_rated_health_worsening,PASS_BASELINE_FREE_RISK_SET,20443,15283,2634,17809,18,18,PASS,5273.0,723.0,4550.0,,any_withdrawal,risk_ratio,1.1317204135744687,0.0679131458041751,0.9906753912687052,1.2928463811551083,0.0684522752609387,
share,incident_arthritis,clinical_context,plus_self_rated_health_worsening,PASS_BASELINE_FREE_RISK_SET,20443,15283,2634,17809,19,19,PASS,5273.0,723.0,4550.0,,any_withdrawal,risk_ratio,1.1310329077660013,0.0678850318571794,0.9901281253809908,1.291989799761904,0.06970529625489,0.4910918098754738
share,incident_arthritis,clinical_context,plus_self_rated_health_worsening,PASS_BASELINE_FREE_RISK_SET,20443,15283,2634,17809,19,19,PASS,5273.0,723.0,4550.0,,context_self_rated_health_worsening,risk_ratio,1.0664245740363183,0.0395973190370424,0.9867902392807438,1.152485428856162,0.1043462355930544,0.4910918098754738
share,incident_arthritis,clinical_context,base_same_set_transition_hospitalization,PASS_BASELINE_FREE_RISK_SET,20450,15288,2634,17816,18,18,PASS,5273.0,722.0,4551.0,,any_withdrawal,risk_ratio,1.130782185370896,0.0679085296911057,0.9898630490359904,1.291762887802966,0.0703068542739702,
share,incident_arthritis,clinical_context,plus_transition_hospitalization,PASS_BASELINE_FREE_RISK_SET,20450,15288,2634,17816,19,19,PASS,5273.0,722.0,4551.0,,any_withdrawal,risk_ratio,1.130326540102642,0.0678165178128842,0.9896426427384803,1.2910095342345047,0.0708494217422681,0.3279062093558669
share,incident_arthritis,clinical_context,plus_transition_hospitalization,PASS_BASELINE_FREE_RISK_SET,20450,15288,2634,17816,19,19,PASS,5273.0,722.0,4551.0,,context_transition_hospitalization,risk_ratio,1.1725705529287582,0.0487392729561668,1.0657418963998984,1.290107582558378,0.0010895244089738,0.3279062093558669
share,incident_arthritis,clinical_context,base_same_set_bmi_or_weight_loss,PASS_BASELINE_FREE_RISK_SET,20238,15159,2597,17641,18,18,PASS,5190.0,707.0,4483.0,,any_withdrawal,risk_ratio,1.1196161307485932,0.0685502679069415,0.978856554094627,1.2806169351257877,0.0993076431241468,
share,incident_arthritis,clinical_context,plus_bmi_or_weight_loss,PASS_BASELINE_FREE_RISK_SET,20238,15159,2597,17641,19,19,PASS,5190.0,707.0,4483.0,,any_withdrawal,risk_ratio,1.1192684151281989,0.0685561301716169,0.97854131039264,1.280233927580348,0.1002696615497963,0.2749149168813639
share,incident_arthritis,clinical_context,plus_bmi_or_weight_loss,PASS_BASELINE_FREE_RISK_SET,20238,15159,2597,17641,19,19,PASS,5190.0,707.0,4483.0,,context_bmi_or_weight_loss,risk_ratio,1.0250433903698928,0.0752213132430809,0.8845324124936963,1.1878750143014032,0.7422849968461481,0.2749149168813639
share,incident_arthritis,clinical_context,base_same_set_incident_non_target_disease,PASS_BASELINE_FREE_RISK_SET,20453,15289,2635,17818,18,18,PASS,5277.0,723.0,4554.0,,any_withdrawal,risk_ratio,1.1298678786372385,0.067921931307909,0.9890367050068452,1.2907523216414676,0.0722305179781041,
share,incident_arthritis,clinical_context,plus_incident_non_target_disease,PASS_BASELINE_FREE_RISK_SET,20453,15289,2635,17818,19,19,PASS,5277.0,723.0,4554.0,,any_withdrawal,risk_ratio,1.128554616577768,0.0677828780295348,0.9881564079687786,1.288900737097921,0.0743923642479813,0.9524848618681284
share,incident_arthritis,clinical_context,plus_incident_non_target_disease,PASS_BASELINE_FREE_RISK_SET,20453,15289,2635,17818,19,19,PASS,5277.0,723.0,4554.0,,context_incident_non_target_disease,risk_ratio,1.1601955464915008,0.0466344867709307,1.0588534279655355,1.271237048063393,0.0014413606125765,0.9524848618681284
share,incident_arthritis,clinical_context,base_same_set_fi_change,PASS_BASELINE_FREE_RISK_SET,14030,12682,1721,12309,17,17,PASS,3403.0,439.0,2964.0,,any_withdrawal,risk_ratio,1.1003971881519492,0.0882164584454527,0.9256770283738824,1.308095517742115,0.2781409286517953,
share,incident_arthritis,clinical_context,plus_fi_change,PASS_BASELINE_FREE_RISK_SET,14030,12682,1721,12309,18,18,PASS,3403.0,439.0,2964.0,,any_withdrawal,risk_ratio,1.099283752961632,0.0881102618181092,0.924932880449732,1.306499958070293,0.282678177775488,1.058166690274018
share,incident_arthritis,clinical_context,plus_fi_change,PASS_BASELINE_FREE_RISK_SET,14030,12682,1721,12309,18,18,PASS,3403.0,439.0,2964.0,,context_fi_change,risk_ratio,1.0564066342198737,0.0168509507919593,1.0220862941776707,1.0918794070334796,0.00112840676595,1.058166690274018
share,incident_arthritis,clinical_context,base_same_set_joint_context,PASS_BASELINE_FREE_RISK_SET,13874,12549,1694,12180,17,17,PASS,3344.0,430.0,2914.0,,any_withdrawal,risk_ratio,1.0946184034117432,0.0888716364194585,0.9196341103995715,1.3028980064333118,0.3090284132133493,
share,incident_arthritis,clinical_context,plus_joint_context,PASS_BASELINE_FREE_RISK_SET,13874,12549,1694,12180,22,22,PASS,3344.0,430.0,2914.0,,any_withdrawal,risk_ratio,1.0965175376159084,0.0885807359672184,0.9217550443586464,1.304414570506469,0.2982595695613367,-1.917432497998233
share,incident_arthritis,clinical_context,plus_joint_context,PASS_BASELINE_FREE_RISK_SET,13874,12549,1694,12180,22,22,PASS,3344.0,430.0,2914.0,,context_self_rated_health_worsening,risk_ratio,1.0057108888265334,0.0516713037423622,0.9088463319573744,1.1128992397712554,0.9122436123939384,-1.917432497998233
share,incident_arthritis,clinical_context,plus_joint_context,PASS_BASELINE_FREE_RISK_SET,13874,12549,1694,12180,22,22,PASS,3344.0,430.0,2914.0,,context_transition_hospitalization,risk_ratio,1.0893662044509749,0.0637719557933641,0.961371206753613,1.2344021945563255,0.1795243237628624,-1.917432497998233
share,incident_arthritis,clinical_context,plus_joint_context,PASS_BASELINE_FREE_RISK_SET,13874,12549,1694,12180,22,22,PASS,3344.0,430.0,2914.0,,context_bmi_or_weight_loss,risk_ratio,1.0029050723503372,0.097620178062005,0.8282575084669119,1.2143790715616758,0.9762937183019644,-1.917432497998233
share,incident_arthritis,clinical_context,plus_joint_context,PASS_BASELINE_FREE_RISK_SET,13874,12549,1694,12180,22,22,PASS,3344.0,430.0,2914.0,,context_incident_non_target_disease,risk_ratio,1.1342457546122795,0.0622476761542328,1.0039725630616867,1.2814228985826706,0.0430055367519594,-1.917432497998233
share,incident_arthritis,clinical_context,plus_joint_context,PASS_BASELINE_FREE_RISK_SET,13874,12549,1694,12180,22,22,PASS,3344.0,430.0,2914.0,,context_fi_change,risk_ratio,1.0413953398272278,0.0181272174903237,1.0050454791816803,1.0790598796552802,0.0252470616589344,-1.917432497998233
