cohort,outcome_id,analysis_family,model_id,outcome_coding_status,n,people,events,nonevents,parameters,matrix_rank,model_status,warnings,term,loss_1_n,loss_1_events,loss_1_nonevents,loss_2plus_n,loss_2plus_events,loss_2plus_nonevents,prefrail_n,prefrail_events,prefrail_nonevents,frail_n,frail_events,frail_nonevents,estimate_scale,estimate,standard_error,ci_low,ci_high,p_value,any_withdrawal_n,any_withdrawal_events,any_withdrawal_nonevents,withdrawal_only_n,withdrawal_only_events,withdrawal_only_nonevents,frailty_only_n,frailty_only_events,frailty_only_nonevents,both_n,both_events,both_nonevents
charls,incident_diabetes,frailty_head_to_head,M0_routine,PASS_BASELINE_FREE_RISK_SET,818,818,19,799,14,14,NOT_EVALUABLE_EPV,,,,,,,,,,,,,,,,,,,,,,,,,,,,,,,,
charls,incident_diabetes,frailty_head_to_head,M1_withdrawal,PASS_BASELINE_FREE_RISK_SET,818,818,19,799,16,16,NOT_EVALUABLE_EPV,,,,,,,,,,,,,,,,,,,,,,,,,,,,,,,,
charls,incident_diabetes,frailty_head_to_head,M2_fried,PASS_BASELINE_FREE_RISK_SET,818,818,19,799,16,16,NOT_EVALUABLE_EPV,,,,,,,,,,,,,,,,,,,,,,,,,,,,,,,,
charls,incident_diabetes,frailty_head_to_head,M3_fried_withdrawal,PASS_BASELINE_FREE_RISK_SET,818,818,19,799,18,18,NOT_EVALUABLE_EPV,,,,,,,,,,,,,,,,,,,,,,,,,,,,,,,,
charls,incident_diabetes,frailty_head_to_head,M1b_any_withdrawal,PASS_BASELINE_FREE_RISK_SET,818,818,19,799,15,15,NOT_EVALUABLE_EPV,,,,,,,,,,,,,,,,,,,,,,,,,,,,,,,,
charls,incident_diabetes,frailty_head_to_head,M3b_fried_any_withdrawal,PASS_BASELINE_FREE_RISK_SET,818,818,19,799,17,17,NOT_EVALUABLE_EPV,,,,,,,,,,,,,,,,,,,,,,,,,,,,,,,,
charls,incident_diabetes,frailty_head_to_head,M4_fried4_withdrawal,PASS_BASELINE_FREE_RISK_SET,825,825,20,805,17,17,NOT_EVALUABLE_EPV,,,,,,,,,,,,,,,,,,,,,,,,,,,,,,,,
charls,incident_diabetes,frailty_head_to_head,M5_fi_withdrawal,PASS_BASELINE_FREE_RISK_SET,1057,1057,23,1034,17,17,NOT_EVALUABLE_EPV,,,,,,,,,,,,,,,,,,,,,,,,,,,,,,,,
charls,incident_diabetes,frailty_head_to_head,nonfrail_withdrawal,PASS_BASELINE_FREE_RISK_SET,774,774,17,757,16,16,NOT_EVALUABLE_EPV,,,,,,,,,,,,,,,,,,,,,,,,,,,,,,,,
charls,incident_diabetes,frailty_head_to_head,nonfrail_any_withdrawal,PASS_BASELINE_FREE_RISK_SET,774,774,17,757,15,15,NOT_EVALUABLE_EPV,,,,,,,,,,,,,,,,,,,,,,,,,,,,,,,,
charls,incident_diabetes,frailty_head_to_head,four_state,PASS_BASELINE_FREE_RISK_SET,818,818,19,799,17,17,NOT_EVALUABLE_EPV,,,,,,,,,,,,,,,,,,,,,,,,,,,,,,,,
charls,incident_stroke,frailty_head_to_head,M0_routine,PASS_BASELINE_FREE_RISK_SET,867,867,5,862,14,14,NOT_EVALUABLE_EPV,,,,,,,,,,,,,,,,,,,,,,,,,,,,,,,,
charls,incident_stroke,frailty_head_to_head,M1_withdrawal,PASS_BASELINE_FREE_RISK_SET,867,867,5,862,16,16,NOT_EVALUABLE_EPV,,,,,,,,,,,,,,,,,,,,,,,,,,,,,,,,
charls,incident_stroke,frailty_head_to_head,M2_fried,PASS_BASELINE_FREE_RISK_SET,867,867,5,862,16,16,NOT_EVALUABLE_EPV,,,,,,,,,,,,,,,,,,,,,,,,,,,,,,,,
charls,incident_stroke,frailty_head_to_head,M3_fried_withdrawal,PASS_BASELINE_FREE_RISK_SET,867,867,5,862,18,18,NOT_EVALUABLE_EPV,,,,,,,,,,,,,,,,,,,,,,,,,,,,,,,,
charls,incident_stroke,frailty_head_to_head,M1b_any_withdrawal,PASS_BASELINE_FREE_RISK_SET,867,867,5,862,15,15,NOT_EVALUABLE_EPV,,,,,,,,,,,,,,,,,,,,,,,,,,,,,,,,
charls,incident_stroke,frailty_head_to_head,M3b_fried_any_withdrawal,PASS_BASELINE_FREE_RISK_SET,867,867,5,862,17,17,NOT_EVALUABLE_EPV,,,,,,,,,,,,,,,,,,,,,,,,,,,,,,,,
charls,incident_stroke,frailty_head_to_head,M4_fried4_withdrawal,PASS_BASELINE_FREE_RISK_SET,874,874,5,869,17,17,NOT_EVALUABLE_EPV,,,,,,,,,,,,,,,,,,,,,,,,,,,,,,,,
charls,incident_stroke,frailty_head_to_head,M5_fi_withdrawal,PASS_BASELINE_FREE_RISK_SET,1127,1127,7,1120,17,17,NOT_EVALUABLE_EPV,,,,,,,,,,,,,,,,,,,,,,,,,,,,,,,,
charls,incident_stroke,frailty_head_to_head,nonfrail_withdrawal,PASS_BASELINE_FREE_RISK_SET,822,822,5,817,16,16,NOT_EVALUABLE_EPV,,,,,,,,,,,,,,,,,,,,,,,,,,,,,,,,
charls,incident_stroke,frailty_head_to_head,nonfrail_any_withdrawal,PASS_BASELINE_FREE_RISK_SET,822,822,5,817,15,15,NOT_EVALUABLE_EPV,,,,,,,,,,,,,,,,,,,,,,,,,,,,,,,,
charls,incident_stroke,frailty_head_to_head,four_state,PASS_BASELINE_FREE_RISK_SET,867,867,5,862,17,17,NOT_EVALUABLE_EPV,,,,,,,,,,,,,,,,,,,,,,,,,,,,,,,,
charls,incident_heart_disease,frailty_head_to_head,M0_routine,PASS_BASELINE_FREE_RISK_SET,752,752,28,724,14,14,NOT_EVALUABLE_EPV,,,,,,,,,,,,,,,,,,,,,,,,,,,,,,,,
charls,incident_heart_disease,frailty_head_to_head,M1_withdrawal,PASS_BASELINE_FREE_RISK_SET,752,752,28,724,16,16,NOT_EVALUABLE_EPV,,,,,,,,,,,,,,,,,,,,,,,,,,,,,,,,
charls,incident_heart_disease,frailty_head_to_head,M2_fried,PASS_BASELINE_FREE_RISK_SET,752,752,28,724,16,16,NOT_EVALUABLE_EPV,,,,,,,,,,,,,,,,,,,,,,,,,,,,,,,,
charls,incident_heart_disease,frailty_head_to_head,M3_fried_withdrawal,PASS_BASELINE_FREE_RISK_SET,752,752,28,724,18,18,NOT_EVALUABLE_EPV,,,,,,,,,,,,,,,,,,,,,,,,,,,,,,,,
charls,incident_heart_disease,frailty_head_to_head,M1b_any_withdrawal,PASS_BASELINE_FREE_RISK_SET,752,752,28,724,15,15,NOT_EVALUABLE_EPV,,,,,,,,,,,,,,,,,,,,,,,,,,,,,,,,
charls,incident_heart_disease,frailty_head_to_head,M3b_fried_any_withdrawal,PASS_BASELINE_FREE_RISK_SET,752,752,28,724,17,17,NOT_EVALUABLE_EPV,,,,,,,,,,,,,,,,,,,,,,,,,,,,,,,,
charls,incident_heart_disease,frailty_head_to_head,M4_fried4_withdrawal,PASS_BASELINE_FREE_RISK_SET,758,758,28,730,17,17,NOT_EVALUABLE_EPV,,,,,,,,,,,,,,,,,,,,,,,,,,,,,,,,
charls,incident_heart_disease,frailty_head_to_head,M5_fi_withdrawal,PASS_BASELINE_FREE_RISK_SET,977,977,33,944,17,17,NOT_EVALUABLE_EPV,,,,,,,,,,,,,,,,,,,,,,,,,,,,,,,,
charls,incident_heart_disease,frailty_head_to_head,nonfrail_withdrawal,PASS_BASELINE_FREE_RISK_SET,712,712,27,685,16,16,NOT_EVALUABLE_EPV,,,,,,,,,,,,,,,,,,,,,,,,,,,,,,,,
charls,incident_heart_disease,frailty_head_to_head,nonfrail_any_withdrawal,PASS_BASELINE_FREE_RISK_SET,712,712,27,685,15,15,NOT_EVALUABLE_EPV,,,,,,,,,,,,,,,,,,,,,,,,,,,,,,,,
charls,incident_heart_disease,frailty_head_to_head,four_state,PASS_BASELINE_FREE_RISK_SET,752,752,28,724,17,17,NOT_EVALUABLE_EPV,,,,,,,,,,,,,,,,,,,,,,,,,,,,,,,,
charls,incident_hypertension,frailty_head_to_head,M0_routine,PASS_BASELINE_FREE_RISK_SET,569,569,35,534,14,14,NOT_EVALUABLE_EPV,,,,,,,,,,,,,,,,,,,,,,,,,,,,,,,,
charls,incident_hypertension,frailty_head_to_head,M1_withdrawal,PASS_BASELINE_FREE_RISK_SET,569,569,35,534,16,16,NOT_EVALUABLE_EPV,,,,,,,,,,,,,,,,,,,,,,,,,,,,,,,,
charls,incident_hypertension,frailty_head_to_head,M2_fried,PASS_BASELINE_FREE_RISK_SET,569,569,35,534,16,16,NOT_EVALUABLE_EPV,,,,,,,,,,,,,,,,,,,,,,,,,,,,,,,,
charls,incident_hypertension,frailty_head_to_head,M3_fried_withdrawal,PASS_BASELINE_FREE_RISK_SET,569,569,35,534,18,18,NOT_EVALUABLE_EPV,,,,,,,,,,,,,,,,,,,,,,,,,,,,,,,,
charls,incident_hypertension,frailty_head_to_head,M1b_any_withdrawal,PASS_BASELINE_FREE_RISK_SET,569,569,35,534,15,15,NOT_EVALUABLE_EPV,,,,,,,,,,,,,,,,,,,,,,,,,,,,,,,,
charls,incident_hypertension,frailty_head_to_head,M3b_fried_any_withdrawal,PASS_BASELINE_FREE_RISK_SET,569,569,35,534,17,17,NOT_EVALUABLE_EPV,,,,,,,,,,,,,,,,,,,,,,,,,,,,,,,,
charls,incident_hypertension,frailty_head_to_head,M4_fried4_withdrawal,PASS_BASELINE_FREE_RISK_SET,575,575,35,540,17,17,NOT_EVALUABLE_EPV,,,,,,,,,,,,,,,,,,,,,,,,,,,,,,,,
charls,incident_hypertension,frailty_head_to_head,M5_fi_withdrawal,PASS_BASELINE_FREE_RISK_SET,757,757,51,706,17,17,NOT_EVALUABLE_EPV,,,,,,,,,,,,,,,,,,,,,,,,,,,,,,,,
charls,incident_hypertension,frailty_head_to_head,nonfrail_withdrawal,PASS_BASELINE_FREE_RISK_SET,537,537,33,504,16,16,NOT_EVALUABLE_EPV,,,,,,,,,,,,,,,,,,,,,,,,,,,,,,,,
charls,incident_hypertension,frailty_head_to_head,nonfrail_any_withdrawal,PASS_BASELINE_FREE_RISK_SET,537,537,33,504,15,15,NOT_EVALUABLE_EPV,,,,,,,,,,,,,,,,,,,,,,,,,,,,,,,,
charls,incident_hypertension,frailty_head_to_head,four_state,PASS_BASELINE_FREE_RISK_SET,569,569,35,534,17,17,NOT_EVALUABLE_EPV,,,,,,,,,,,,,,,,,,,,,,,,,,,,,,,,
charls,incident_cancer,frailty_head_to_head,M0_routine,PASS_BASELINE_FREE_RISK_SET,889,889,1,888,14,14,NOT_EVALUABLE_EPV,,,,,,,,,,,,,,,,,,,,,,,,,,,,,,,,
charls,incident_cancer,frailty_head_to_head,M1_withdrawal,PASS_BASELINE_FREE_RISK_SET,889,889,1,888,16,16,NOT_EVALUABLE_EPV,,,,,,,,,,,,,,,,,,,,,,,,,,,,,,,,
charls,incident_cancer,frailty_head_to_head,M2_fried,PASS_BASELINE_FREE_RISK_SET,889,889,1,888,16,16,NOT_EVALUABLE_EPV,,,,,,,,,,,,,,,,,,,,,,,,,,,,,,,,
charls,incident_cancer,frailty_head_to_head,M3_fried_withdrawal,PASS_BASELINE_FREE_RISK_SET,889,889,1,888,18,18,NOT_EVALUABLE_EPV,,,,,,,,,,,,,,,,,,,,,,,,,,,,,,,,
charls,incident_cancer,frailty_head_to_head,M1b_any_withdrawal,PASS_BASELINE_FREE_RISK_SET,889,889,1,888,15,15,NOT_EVALUABLE_EPV,,,,,,,,,,,,,,,,,,,,,,,,,,,,,,,,
charls,incident_cancer,frailty_head_to_head,M3b_fried_any_withdrawal,PASS_BASELINE_FREE_RISK_SET,889,889,1,888,17,17,NOT_EVALUABLE_EPV,,,,,,,,,,,,,,,,,,,,,,,,,,,,,,,,
charls,incident_cancer,frailty_head_to_head,M4_fried4_withdrawal,PASS_BASELINE_FREE_RISK_SET,896,896,1,895,17,17,NOT_EVALUABLE_EPV,,,,,,,,,,,,,,,,,,,,,,,,,,,,,,,,
charls,incident_cancer,frailty_head_to_head,M5_fi_withdrawal,PASS_BASELINE_FREE_RISK_SET,1154,1154,2,1152,17,17,NOT_EVALUABLE_EPV,,,,,,,,,,,,,,,,,,,,,,,,,,,,,,,,
charls,incident_cancer,frailty_head_to_head,nonfrail_withdrawal,PASS_BASELINE_FREE_RISK_SET,843,843,1,842,16,16,NOT_EVALUABLE_EPV,,,,,,,,,,,,,,,,,,,,,,,,,,,,,,,,
charls,incident_cancer,frailty_head_to_head,nonfrail_any_withdrawal,PASS_BASELINE_FREE_RISK_SET,843,843,1,842,15,15,NOT_EVALUABLE_EPV,,,,,,,,,,,,,,,,,,,,,,,,,,,,,,,,
charls,incident_cancer,frailty_head_to_head,four_state,PASS_BASELINE_FREE_RISK_SET,889,889,1,888,17,17,NOT_EVALUABLE_EPV,,,,,,,,,,,,,,,,,,,,,,,,,,,,,,,,
charls,incident_arthritis,frailty_head_to_head,M0_routine,PASS_BASELINE_FREE_RISK_SET,536,536,16,520,14,14,NOT_EVALUABLE_EPV,,,,,,,,,,,,,,,,,,,,,,,,,,,,,,,,
charls,incident_arthritis,frailty_head_to_head,M1_withdrawal,PASS_BASELINE_FREE_RISK_SET,536,536,16,520,16,16,NOT_EVALUABLE_EPV,,,,,,,,,,,,,,,,,,,,,,,,,,,,,,,,
charls,incident_arthritis,frailty_head_to_head,M2_fried,PASS_BASELINE_FREE_RISK_SET,536,536,16,520,16,16,NOT_EVALUABLE_EPV,,,,,,,,,,,,,,,,,,,,,,,,,,,,,,,,
charls,incident_arthritis,frailty_head_to_head,M3_fried_withdrawal,PASS_BASELINE_FREE_RISK_SET,536,536,16,520,18,18,NOT_EVALUABLE_EPV,,,,,,,,,,,,,,,,,,,,,,,,,,,,,,,,
charls,incident_arthritis,frailty_head_to_head,M1b_any_withdrawal,PASS_BASELINE_FREE_RISK_SET,536,536,16,520,15,15,NOT_EVALUABLE_EPV,,,,,,,,,,,,,,,,,,,,,,,,,,,,,,,,
charls,incident_arthritis,frailty_head_to_head,M3b_fried_any_withdrawal,PASS_BASELINE_FREE_RISK_SET,536,536,16,520,17,17,NOT_EVALUABLE_EPV,,,,,,,,,,,,,,,,,,,,,,,,,,,,,,,,
charls,incident_arthritis,frailty_head_to_head,M4_fried4_withdrawal,PASS_BASELINE_FREE_RISK_SET,541,541,16,525,17,17,NOT_EVALUABLE_EPV,,,,,,,,,,,,,,,,,,,,,,,,,,,,,,,,
charls,incident_arthritis,frailty_head_to_head,M5_fi_withdrawal,PASS_BASELINE_FREE_RISK_SET,692,692,22,670,17,17,NOT_EVALUABLE_EPV,,,,,,,,,,,,,,,,,,,,,,,,,,,,,,,,
charls,incident_arthritis,frailty_head_to_head,nonfrail_withdrawal,PASS_BASELINE_FREE_RISK_SET,514,514,15,499,16,16,NOT_EVALUABLE_EPV,,,,,,,,,,,,,,,,,,,,,,,,,,,,,,,,
charls,incident_arthritis,frailty_head_to_head,nonfrail_any_withdrawal,PASS_BASELINE_FREE_RISK_SET,514,514,15,499,15,15,NOT_EVALUABLE_EPV,,,,,,,,,,,,,,,,,,,,,,,,,,,,,,,,
charls,incident_arthritis,frailty_head_to_head,four_state,PASS_BASELINE_FREE_RISK_SET,536,536,16,520,17,17,NOT_EVALUABLE_EPV,,,,,,,,,,,,,,,,,,,,,,,,,,,,,,,,
elsa,incident_diabetes,frailty_head_to_head,M0_routine,PASS_BASELINE_FREE_RISK_SET,11572,6128,236,11336,17,17,PASS,,__model__,,,,,,,,,,,,,,,,,,,,,,,,,,,,,,
elsa,incident_diabetes,frailty_head_to_head,M1_withdrawal,PASS_BASELINE_FREE_RISK_SET,11572,6128,236,11336,19,19,NOT_EVALUABLE_LOSS_2PLUS_EVENTS,,,2165.0,50.0,2115.0,152.0,9.0,143.0,,,,,,,,,,,,,,,,,,,,,,,,
elsa,incident_diabetes,frailty_head_to_head,M2_fried,PASS_BASELINE_FREE_RISK_SET,11572,6128,236,11336,19,19,PASS,,prefrail,,,,,,,4369.0,103.0,4266.0,497.0,23.0,474.0,risk_ratio,1.203519236059461,0.1500645722827879,0.8968459278635309,1.6150584025236887,0.2170284418437845,,,,,,,,,,,,
elsa,incident_diabetes,frailty_head_to_head,M2_fried,PASS_BASELINE_FREE_RISK_SET,11572,6128,236,11336,19,19,PASS,,frail,,,,,,,4369.0,103.0,4266.0,497.0,23.0,474.0,risk_ratio,1.7888015274989673,0.2618248827384316,1.0707705371445035,2.988325503721639,0.0263424793275694,,,,,,,,,,,,
elsa,incident_diabetes,frailty_head_to_head,M3_fried_withdrawal,PASS_BASELINE_FREE_RISK_SET,11572,6128,236,11336,21,21,NOT_EVALUABLE_LOSS_2PLUS_EVENTS,,,2165.0,50.0,2115.0,152.0,9.0,143.0,4369.0,103.0,4266.0,497.0,23.0,474.0,,,,,,,,,,,,,,,,,,
elsa,incident_diabetes,frailty_head_to_head,M1b_any_withdrawal,PASS_BASELINE_FREE_RISK_SET,11572,6128,236,11336,18,18,PASS,,any_withdrawal,,,,,,,,,,,,,risk_ratio,0.9139113382311748,0.2744191293703302,0.5337256550690787,1.564912471819243,0.7428779330707318,2317.0,59.0,2258.0,,,,,,,,,
elsa,incident_diabetes,frailty_head_to_head,M3b_fried_any_withdrawal,PASS_BASELINE_FREE_RISK_SET,11572,6128,236,11336,20,20,PASS,,prefrail,,,,,,,4369.0,103.0,4266.0,497.0,23.0,474.0,risk_ratio,1.2055614072593768,0.1502366740823159,0.8980647453571959,1.61834468415208,0.2133748138453939,2317.0,59.0,2258.0,,,,,,,,,
elsa,incident_diabetes,frailty_head_to_head,M3b_fried_any_withdrawal,PASS_BASELINE_FREE_RISK_SET,11572,6128,236,11336,20,20,PASS,,frail,,,,,,,4369.0,103.0,4266.0,497.0,23.0,474.0,risk_ratio,1.7864468168508425,0.2620831417670416,1.0688198648527656,2.985902802130399,0.0268349338955108,2317.0,59.0,2258.0,,,,,,,,,
elsa,incident_diabetes,frailty_head_to_head,M3b_fried_any_withdrawal,PASS_BASELINE_FREE_RISK_SET,11572,6128,236,11336,20,20,PASS,,any_withdrawal,,,,,,,4369.0,103.0,4266.0,497.0,23.0,474.0,risk_ratio,0.9180519934651364,0.2736452089627679,0.5369576743402459,1.569619921609043,0.7546963164305164,2317.0,59.0,2258.0,,,,,,,,,
elsa,incident_diabetes,frailty_head_to_head,M4_fried4_withdrawal,PASS_BASELINE_FREE_RISK_SET,11572,6128,236,11336,20,20,NOT_EVALUABLE_LOSS_2PLUS_EVENTS,,,2165.0,50.0,2115.0,152.0,9.0,143.0,,,,,,,,,,,,,,,,,,,,,,,,
elsa,incident_diabetes,frailty_head_to_head,M5_fi_withdrawal,PASS_BASELINE_FREE_RISK_SET,7595,4492,127,7468,18,18,NOT_EVALUABLE_EPV,,,,,,,,,,,,,,,,,,,,,,,,,,,,,,,,
elsa,incident_diabetes,frailty_head_to_head,nonfrail_withdrawal,PASS_BASELINE_FREE_RISK_SET,11075,5921,213,10862,19,19,NOT_EVALUABLE_LOSS_2PLUS_EVENTS,,,1993.0,43.0,1950.0,138.0,7.0,131.0,,,,,,,,,,,,,,,,,,,,,,,,
elsa,incident_diabetes,frailty_head_to_head,nonfrail_any_withdrawal,PASS_BASELINE_FREE_RISK_SET,11075,5921,213,10862,18,18,PASS,,any_withdrawal,,,,,,,,,,,,,risk_ratio,0.9889262531120284,0.2845096689432471,0.5662247347925491,1.7271854689507724,0.968779305728406,2131.0,50.0,2081.0,,,,,,,,,
elsa,incident_diabetes,frailty_head_to_head,four_state,PASS_BASELINE_FREE_RISK_SET,11572,6128,236,11336,20,20,NOT_EVALUABLE_BOTH_EVENTS,,,,,,,,,,,,,,,,,,,,,,,,2131.0,50.0,2081.0,311.0,14.0,297.0,186.0,9.0,177.0
elsa,incident_stroke,frailty_head_to_head,M0_routine,PASS_BASELINE_FREE_RISK_SET,12298,6474,117,12181,17,17,NOT_EVALUABLE_EPV,,,,,,,,,,,,,,,,,,,,,,,,,,,,,,,,
elsa,incident_stroke,frailty_head_to_head,M1_withdrawal,PASS_BASELINE_FREE_RISK_SET,12298,6474,117,12181,19,19,NOT_EVALUABLE_EPV,,,,,,,,,,,,,,,,,,,,,,,,,,,,,,,,
elsa,incident_stroke,frailty_head_to_head,M2_fried,PASS_BASELINE_FREE_RISK_SET,12298,6474,117,12181,19,19,NOT_EVALUABLE_EPV,,,,,,,,,,,,,,,,,,,,,,,,,,,,,,,,
elsa,incident_stroke,frailty_head_to_head,M3_fried_withdrawal,PASS_BASELINE_FREE_RISK_SET,12298,6474,117,12181,21,21,NOT_EVALUABLE_EPV,,,,,,,,,,,,,,,,,,,,,,,,,,,,,,,,
elsa,incident_stroke,frailty_head_to_head,M1b_any_withdrawal,PASS_BASELINE_FREE_RISK_SET,12298,6474,117,12181,18,18,NOT_EVALUABLE_EPV,,,,,,,,,,,,,,,,,,,,,,,,,,,,,,,,
elsa,incident_stroke,frailty_head_to_head,M3b_fried_any_withdrawal,PASS_BASELINE_FREE_RISK_SET,12298,6474,117,12181,20,20,NOT_EVALUABLE_EPV,,,,,,,,,,,,,,,,,,,,,,,,,,,,,,,,
elsa,incident_stroke,frailty_head_to_head,M4_fried4_withdrawal,PASS_BASELINE_FREE_RISK_SET,12298,6474,117,12181,20,20,NOT_EVALUABLE_EPV,,,,,,,,,,,,,,,,,,,,,,,,,,,,,,,,
elsa,incident_stroke,frailty_head_to_head,M5_fi_withdrawal,PASS_BASELINE_FREE_RISK_SET,8200,4852,80,8120,18,18,NOT_EVALUABLE_EPV,,,,,,,,,,,,,,,,,,,,,,,,,,,,,,,,
elsa,incident_stroke,frailty_head_to_head,nonfrail_withdrawal,PASS_BASELINE_FREE_RISK_SET,11727,6236,105,11622,19,19,NOT_EVALUABLE_EPV,,,,,,,,,,,,,,,,,,,,,,,,,,,,,,,,
elsa,incident_stroke,frailty_head_to_head,nonfrail_any_withdrawal,PASS_BASELINE_FREE_RISK_SET,11727,6236,105,11622,18,18,NOT_EVALUABLE_EPV,,,,,,,,,,,,,,,,,,,,,,,,,,,,,,,,
elsa,incident_stroke,frailty_head_to_head,four_state,PASS_BASELINE_FREE_RISK_SET,12298,6474,117,12181,20,20,NOT_EVALUABLE_EPV,,,,,,,,,,,,,,,,,,,,,,,,,,,,,,,,
elsa,incident_heart_disease,frailty_head_to_head,M0_routine,PASS_BASELINE_FREE_RISK_SET,10502,5640,390,10112,17,17,PASS,,__model__,,,,,,,,,,,,,,,,,,,,,,,,,,,,,,
elsa,incident_heart_disease,frailty_head_to_head,M1_withdrawal,PASS_BASELINE_FREE_RISK_SET,10502,5640,390,10112,19,19,NOT_EVALUABLE_LOSS_2PLUS_EVENTS,,,1990.0,88.0,1902.0,136.0,3.0,133.0,,,,,,,,,,,,,,,,,,,,,,,,
elsa,incident_heart_disease,frailty_head_to_head,M2_fried,PASS_BASELINE_FREE_RISK_SET,10502,5640,390,10112,19,19,PASS,,prefrail,,,,,,,3894.0,163.0,3731.0,418.0,36.0,382.0,risk_ratio,1.0512731439913112,0.1157485148609878,0.8378962669303562,1.3189881216754906,0.665750270975568,,,,,,,,,,,,
elsa,incident_heart_disease,frailty_head_to_head,M2_fried,PASS_BASELINE_FREE_RISK_SET,10502,5640,390,10112,19,19,PASS,,frail,,,,,,,3894.0,163.0,3731.0,418.0,36.0,382.0,risk_ratio,1.492247051802607,0.2061898692367671,0.9961657243900252,2.235372297091524,0.0522179727748534,,,,,,,,,,,,
elsa,incident_heart_disease,frailty_head_to_head,M3_fried_withdrawal,PASS_BASELINE_FREE_RISK_SET,10502,5640,390,10112,21,21,NOT_EVALUABLE_LOSS_2PLUS_EVENTS,,,1990.0,88.0,1902.0,136.0,3.0,133.0,3894.0,163.0,3731.0,418.0,36.0,382.0,,,,,,,,,,,,,,,,,,
elsa,incident_heart_disease,frailty_head_to_head,M1b_any_withdrawal,PASS_BASELINE_FREE_RISK_SET,10502,5640,390,10112,18,18,PASS,,any_withdrawal,,,,,,,,,,,,,risk_ratio,1.0658547327984385,0.2199770336381208,0.6925533389922865,1.6403737408614003,0.7718729135555262,2126.0,91.0,2035.0,,,,,,,,,
elsa,incident_heart_disease,frailty_head_to_head,M3b_fried_any_withdrawal,PASS_BASELINE_FREE_RISK_SET,10502,5640,390,10112,20,20,PASS,,prefrail,,,,,,,3894.0,163.0,3731.0,418.0,36.0,382.0,risk_ratio,1.050232710071141,0.1156865791527104,0.8371686290536087,1.317522786956632,0.6718138404937755,2126.0,91.0,2035.0,,,,,,,,,
elsa,incident_heart_disease,frailty_head_to_head,M3b_fried_any_withdrawal,PASS_BASELINE_FREE_RISK_SET,10502,5640,390,10112,20,20,PASS,,frail,,,,,,,3894.0,163.0,3731.0,418.0,36.0,382.0,risk_ratio,1.4922160115562384,0.205931480704696,0.996649610822762,2.2341940446919937,0.051935592508474,2126.0,91.0,2035.0,,,,,,,,,
elsa,incident_heart_disease,frailty_head_to_head,M3b_fried_any_withdrawal,PASS_BASELINE_FREE_RISK_SET,10502,5640,390,10112,20,20,PASS,,any_withdrawal,,,,,,,3894.0,163.0,3731.0,418.0,36.0,382.0,risk_ratio,1.0690225885254283,0.2183874281605705,0.6967791812593209,1.64013122882368,0.7598898187168742,2126.0,91.0,2035.0,,,,,,,,,
elsa,incident_heart_disease,frailty_head_to_head,M4_fried4_withdrawal,PASS_BASELINE_FREE_RISK_SET,10502,5640,390,10112,20,20,NOT_EVALUABLE_LOSS_2PLUS_EVENTS,,,1990.0,88.0,1902.0,136.0,3.0,133.0,,,,,,,,,,,,,,,,,,,,,,,,
elsa,incident_heart_disease,frailty_head_to_head,M5_fi_withdrawal,PASS_BASELINE_FREE_RISK_SET,6850,4081,309,6541,18,18,NOT_EVALUABLE_LOSS_2PLUS_EVENTS,,,1251.0,76.0,1175.0,99.0,2.0,97.0,,,,,,,,,,,,,,,,,,,,,,,,
elsa,incident_heart_disease,frailty_head_to_head,nonfrail_withdrawal,PASS_BASELINE_FREE_RISK_SET,10084,5465,354,9730,19,19,NOT_EVALUABLE_LOSS_2PLUS_EVENTS,,,1838.0,77.0,1761.0,121.0,2.0,119.0,,,,,,,,,,,,,,,,,,,,,,,,
elsa,incident_heart_disease,frailty_head_to_head,nonfrail_any_withdrawal,PASS_BASELINE_FREE_RISK_SET,10084,5465,354,9730,18,18,PASS,,any_withdrawal,,,,,,,,,,,,,risk_ratio,1.1015808134889062,0.2341317167953309,0.6961824715609096,1.7430491835368076,0.6794506199573567,1959.0,79.0,1880.0,,,,,,,,,
elsa,incident_heart_disease,frailty_head_to_head,four_state,PASS_BASELINE_FREE_RISK_SET,10502,5640,390,10112,20,20,PASS,,withdrawal_only,,,,,,,,,,,,,risk_ratio,1.134785716357641,0.2236262862385937,0.7320872119747767,1.7589961974280353,0.5717848942688257,,,,1959.0,79.0,1880.0,251.0,24.0,227.0,167.0,12.0,155.0
elsa,incident_heart_disease,frailty_head_to_head,four_state,PASS_BASELINE_FREE_RISK_SET,10502,5640,390,10112,20,20,PASS,,frailty_only,,,,,,,,,,,,,risk_ratio,1.6946334047553016,0.221786559680084,1.0972123849900408,2.6173441129527646,0.0173944851728981,,,,1959.0,79.0,1880.0,251.0,24.0,227.0,167.0,12.0,155.0
elsa,incident_heart_disease,frailty_head_to_head,four_state,PASS_BASELINE_FREE_RISK_SET,10502,5640,390,10112,20,20,PASS,,both,,,,,,,,,,,,,risk_ratio,1.234211000942836,0.3520100678059573,0.6190958604925566,2.4604861574044263,0.5499728565467301,,,,1959.0,79.0,1880.0,251.0,24.0,227.0,167.0,12.0,155.0
elsa,incident_hypertension,frailty_head_to_head,M0_routine,PASS_BASELINE_FREE_RISK_SET,7218,3959,418,6800,17,17,PASS,,__model__,,,,,,,,,,,,,,,,,,,,,,,,,,,,,,
elsa,incident_hypertension,frailty_head_to_head,M1_withdrawal,PASS_BASELINE_FREE_RISK_SET,7218,3959,418,6800,19,19,NOT_EVALUABLE_LOSS_2PLUS_EVENTS,,,1342.0,74.0,1268.0,80.0,11.0,69.0,,,,,,,,,,,,,,,,,,,,,,,,
elsa,incident_hypertension,frailty_head_to_head,M2_fried,PASS_BASELINE_FREE_RISK_SET,7218,3959,418,6800,19,19,NOT_EVALUABLE_FRAIL_EVENTS,,,,,,,,,2557.0,159.0,2398.0,255.0,12.0,243.0,,,,,,,,,,,,,,,,,,
elsa,incident_hypertension,frailty_head_to_head,M3_fried_withdrawal,PASS_BASELINE_FREE_RISK_SET,7218,3959,418,6800,21,21,NOT_EVALUABLE_FRAIL_EVENTS,,,,,,,,,2557.0,159.0,2398.0,255.0,12.0,243.0,,,,,,,,,,,,,,,,,,
elsa,incident_hypertension,frailty_head_to_head,M1b_any_withdrawal,PASS_BASELINE_FREE_RISK_SET,7218,3959,418,6800,18,18,PASS,,any_withdrawal,,,,,,,,,,,,,risk_ratio,0.6417383411663038,0.2176869949824122,0.4188538206274611,0.9832263148655132,0.0415827773556084,1422.0,85.0,1337.0,,,,,,,,,
elsa,incident_hypertension,frailty_head_to_head,M3b_fried_any_withdrawal,PASS_BASELINE_FREE_RISK_SET,7218,3959,418,6800,20,20,NOT_EVALUABLE_FRAIL_EVENTS,,,,,,,,,2557.0,159.0,2398.0,255.0,12.0,243.0,,,,,,,,,,,,,,,,,,
elsa,incident_hypertension,frailty_head_to_head,M4_fried4_withdrawal,PASS_BASELINE_FREE_RISK_SET,7218,3959,418,6800,20,20,NOT_EVALUABLE_LOSS_2PLUS_EVENTS,,,1342.0,74.0,1268.0,80.0,11.0,69.0,,,,,,,,,,,,,,,,,,,,,,,,
elsa,incident_hypertension,frailty_head_to_head,M5_fi_withdrawal,PASS_BASELINE_FREE_RISK_SET,4783,2865,233,4550,18,18,NOT_EVALUABLE_LOSS_2PLUS_EVENTS,,,846.0,36.0,810.0,57.0,6.0,51.0,,,,,,,,,,,,,,,,,,,,,,,,
elsa,incident_hypertension,frailty_head_to_head,nonfrail_withdrawal,PASS_BASELINE_FREE_RISK_SET,6963,3850,406,6557,19,19,NOT_EVALUABLE_LOSS_2PLUS_EVENTS,,,1246.0,67.0,1179.0,74.0,10.0,64.0,,,,,,,,,,,,,,,,,,,,,,,,
elsa,incident_hypertension,frailty_head_to_head,nonfrail_any_withdrawal,PASS_BASELINE_FREE_RISK_SET,6963,3850,406,6557,18,18,PASS,,any_withdrawal,,,,,,,,,,,,,risk_ratio,0.6457910313767364,0.2239513532545871,0.4163554672362455,1.0016586523409132,0.0508713025320737,1320.0,77.0,1243.0,,,,,,,,,
elsa,incident_hypertension,frailty_head_to_head,four_state,PASS_BASELINE_FREE_RISK_SET,7218,3959,418,6800,20,20,NOT_EVALUABLE_FRAILTY_ONLY_EVENTS,,,,,,,,,,,,,,,,,,,,,,,,1320.0,77.0,1243.0,153.0,4.0,149.0,,,
elsa,incident_cancer,frailty_head_to_head,M0_routine,PASS_BASELINE_FREE_RISK_SET,11438,6119,326,11112,17,17,PASS,,__model__,,,,,,,,,,,,,,,,,,,,,,,,,,,,,,
elsa,incident_cancer,frailty_head_to_head,M1_withdrawal,PASS_BASELINE_FREE_RISK_SET,11438,6119,326,11112,19,19,NOT_EVALUABLE_LOSS_2PLUS_EVENTS,,,2230.0,54.0,2176.0,155.0,7.0,148.0,,,,,,,,,,,,,,,,,,,,,,,,
elsa,incident_cancer,frailty_head_to_head,M2_fried,PASS_BASELINE_FREE_RISK_SET,11438,6119,326,11112,19,19,PASS,,prefrail,,,,,,,4346.0,128.0,4218.0,558.0,23.0,535.0,risk_ratio,0.9831591865977068,0.1288291436812311,0.7637729543521679,1.2655619457111258,0.8951145429509609,,,,,,,,,,,,
elsa,incident_cancer,frailty_head_to_head,M2_fried,PASS_BASELINE_FREE_RISK_SET,11438,6119,326,11112,19,19,PASS,,frail,,,,,,,4346.0,128.0,4218.0,558.0,23.0,535.0,risk_ratio,1.160371932327053,0.259541196746661,0.6977106434615619,1.9298301293673723,0.5665834431377939,,,,,,,,,,,,
elsa,incident_cancer,frailty_head_to_head,M3_fried_withdrawal,PASS_BASELINE_FREE_RISK_SET,11438,6119,326,11112,21,21,NOT_EVALUABLE_LOSS_2PLUS_EVENTS,,,2230.0,54.0,2176.0,155.0,7.0,148.0,4346.0,128.0,4218.0,558.0,23.0,535.0,,,,,,,,,,,,,,,,,,
elsa,incident_cancer,frailty_head_to_head,M1b_any_withdrawal,PASS_BASELINE_FREE_RISK_SET,11438,6119,326,11112,18,18,PASS,,any_withdrawal,,,,,,,,,,,,,risk_ratio,0.5622642269913984,0.25097179156794,0.3438055450701585,0.919534502824036,0.0217781210139154,2385.0,61.0,2324.0,,,,,,,,,
elsa,incident_cancer,frailty_head_to_head,M3b_fried_any_withdrawal,PASS_BASELINE_FREE_RISK_SET,11438,6119,326,11112,20,20,PASS,,prefrail,,,,,,,4346.0,128.0,4218.0,558.0,23.0,535.0,risk_ratio,0.99221392217974,0.1290668662720417,0.7704481217811129,1.2778127943142683,0.9517080373550492,2385.0,61.0,2324.0,,,,,,,,,
elsa,incident_cancer,frailty_head_to_head,M3b_fried_any_withdrawal,PASS_BASELINE_FREE_RISK_SET,11438,6119,326,11112,20,20,PASS,,frail,,,,,,,4346.0,128.0,4218.0,558.0,23.0,535.0,risk_ratio,1.145130304090178,0.2632751018863957,0.6835255212213867,1.9184703023267795,0.60673416752293,2385.0,61.0,2324.0,,,,,,,,,
elsa,incident_cancer,frailty_head_to_head,M3b_fried_any_withdrawal,PASS_BASELINE_FREE_RISK_SET,11438,6119,326,11112,20,20,PASS,,any_withdrawal,,,,,,,4346.0,128.0,4218.0,558.0,23.0,535.0,risk_ratio,0.5655947728111624,0.2517857139908361,0.3452907934070216,0.9264580844303656,0.0236145601231553,2385.0,61.0,2324.0,,,,,,,,,
elsa,incident_cancer,frailty_head_to_head,M4_fried4_withdrawal,PASS_BASELINE_FREE_RISK_SET,11438,6119,326,11112,20,20,NOT_EVALUABLE_LOSS_2PLUS_EVENTS,,,2230.0,54.0,2176.0,155.0,7.0,148.0,,,,,,,,,,,,,,,,,,,,,,,,
elsa,incident_cancer,frailty_head_to_head,M5_fi_withdrawal,PASS_BASELINE_FREE_RISK_SET,7471,4450,221,7250,18,18,NOT_EVALUABLE_LOSS_2PLUS_EVENTS,,,1384.0,47.0,1337.0,109.0,4.0,105.0,,,,,,,,,,,,,,,,,,,,,,,,
elsa,incident_cancer,frailty_head_to_head,nonfrail_withdrawal,PASS_BASELINE_FREE_RISK_SET,10880,5876,303,10577,19,19,NOT_EVALUABLE_LOSS_2PLUS_EVENTS,,,2026.0,43.0,1983.0,136.0,7.0,129.0,,,,,,,,,,,,,,,,,,,,,,,,
elsa,incident_cancer,frailty_head_to_head,nonfrail_any_withdrawal,PASS_BASELINE_FREE_RISK_SET,10880,5876,303,10577,18,18,PASS,,any_withdrawal,,,,,,,,,,,,,risk_ratio,0.4931836851469822,0.2779076799592337,0.2860574450323854,0.850284275130895,0.0109730645821021,2162.0,50.0,2112.0,,,,,,,,,
elsa,incident_cancer,frailty_head_to_head,four_state,PASS_BASELINE_FREE_RISK_SET,11438,6119,326,11112,20,20,PASS,,withdrawal_only,,,,,,,,,,,,,risk_ratio,0.5258712296787733,0.2604757126241571,0.3156182320151331,0.8761868680343083,0.0136096575843968,,,,2162.0,50.0,2112.0,335.0,12.0,323.0,223.0,11.0,212.0
elsa,incident_cancer,frailty_head_to_head,four_state,PASS_BASELINE_FREE_RISK_SET,11438,6119,326,11112,20,20,PASS,,frailty_only,,,,,,,,,,,,,risk_ratio,0.9005887596375629,0.326503979113439,0.4749040040850353,1.707840125602094,0.7484453468658487,,,,2162.0,50.0,2112.0,335.0,12.0,323.0,223.0,11.0,212.0
elsa,incident_cancer,frailty_head_to_head,four_state,PASS_BASELINE_FREE_RISK_SET,11438,6119,326,11112,20,20,PASS,,both,,,,,,,,,,,,,risk_ratio,0.8799367426859525,0.3979827536414663,0.4033554398522632,1.9196187645624967,0.7479194674009433,,,,2162.0,50.0,2112.0,335.0,12.0,323.0,223.0,11.0,212.0
elsa,incident_arthritis,frailty_head_to_head,M0_routine,PASS_BASELINE_FREE_RISK_SET,7829,4306,403,7426,17,17,PASS,,__model__,,,,,,,,,,,,,,,,,,,,,,,,,,,,,,
elsa,incident_arthritis,frailty_head_to_head,M1_withdrawal,PASS_BASELINE_FREE_RISK_SET,7829,4306,403,7426,19,19,NOT_EVALUABLE_LOSS_2PLUS_EVENTS,,,1412.0,76.0,1336.0,96.0,5.0,91.0,,,,,,,,,,,,,,,,,,,,,,,,
elsa,incident_arthritis,frailty_head_to_head,M2_fried,PASS_BASELINE_FREE_RISK_SET,7829,4306,403,7426,19,19,NOT_EVALUABLE_FRAIL_EVENTS,,,,,,,,,2593.0,182.0,2411.0,207.0,18.0,189.0,,,,,,,,,,,,,,,,,,
elsa,incident_arthritis,frailty_head_to_head,M3_fried_withdrawal,PASS_BASELINE_FREE_RISK_SET,7829,4306,403,7426,21,21,NOT_EVALUABLE_FRAIL_EVENTS,,,,,,,,,2593.0,182.0,2411.0,207.0,18.0,189.0,,,,,,,,,,,,,,,,,,
elsa,incident_arthritis,frailty_head_to_head,M1b_any_withdrawal,PASS_BASELINE_FREE_RISK_SET,7829,4306,403,7426,18,18,PASS,,any_withdrawal,,,,,,,,,,,,,risk_ratio,0.9714665401028156,0.2103170281791329,0.6432883227709422,1.4670672622723455,0.8905233758385062,1508.0,81.0,1427.0,,,,,,,,,
elsa,incident_arthritis,frailty_head_to_head,M3b_fried_any_withdrawal,PASS_BASELINE_FREE_RISK_SET,7829,4306,403,7426,20,20,NOT_EVALUABLE_FRAIL_EVENTS,,,,,,,,,2593.0,182.0,2411.0,207.0,18.0,189.0,,,,,,,,,,,,,,,,,,
elsa,incident_arthritis,frailty_head_to_head,M4_fried4_withdrawal,PASS_BASELINE_FREE_RISK_SET,7829,4306,403,7426,20,20,NOT_EVALUABLE_LOSS_2PLUS_EVENTS,,,1412.0,76.0,1336.0,96.0,5.0,91.0,,,,,,,,,,,,,,,,,,,,,,,,
elsa,incident_arthritis,frailty_head_to_head,M5_fi_withdrawal,PASS_BASELINE_FREE_RISK_SET,5077,3045,273,4804,18,18,NOT_EVALUABLE_LOSS_2PLUS_EVENTS,,,874.0,56.0,818.0,65.0,2.0,63.0,,,,,,,,,,,,,,,,,,,,,,,,
elsa,incident_arthritis,frailty_head_to_head,nonfrail_withdrawal,PASS_BASELINE_FREE_RISK_SET,7622,4223,385,7237,19,19,NOT_EVALUABLE_LOSS_2PLUS_EVENTS,,,1336.0,68.0,1268.0,87.0,5.0,82.0,,,,,,,,,,,,,,,,,,,,,,,,
elsa,incident_arthritis,frailty_head_to_head,nonfrail_any_withdrawal,PASS_BASELINE_FREE_RISK_SET,7622,4223,385,7237,18,18,PASS,,any_withdrawal,,,,,,,,,,,,,risk_ratio,0.983207528294318,0.217386161235092,0.6421045676556377,1.5055134200712683,0.937905104294354,1423.0,73.0,1350.0,,,,,,,,,
elsa,incident_arthritis,frailty_head_to_head,four_state,PASS_BASELINE_FREE_RISK_SET,7829,4306,403,7426,20,20,NOT_EVALUABLE_BOTH_EVENTS,,,,,,,,,,,,,,,,,,,,,,,,1423.0,73.0,1350.0,122.0,10.0,112.0,85.0,8.0,77.0
hrs,incident_diabetes,frailty_head_to_head,M0_routine,PASS_BASELINE_FREE_RISK_SET,12751,7972,398,12353,19,19,PASS,,__model__,,,,,,,,,,,,,,,,,,,,,,,,,,,,,,
hrs,incident_diabetes,frailty_head_to_head,M1_withdrawal,PASS_BASELINE_FREE_RISK_SET,12751,7972,398,12353,21,21,NOT_EVALUABLE_LOSS_2PLUS_EVENTS,,,3050.0,111.0,2939.0,290.0,11.0,279.0,,,,,,,,,,,,,,,,,,,,,,,,
hrs,incident_diabetes,frailty_head_to_head,M2_fried,PASS_BASELINE_FREE_RISK_SET,12751,7972,398,12353,21,21,PASS,,prefrail,,,,,,,5509.0,201.0,5308.0,680.0,23.0,657.0,risk_ratio,1.2859028545877849,0.1093137589878529,1.037911012785731,1.5931482863824051,0.0214277897364653,,,,,,,,,,,,
hrs,incident_diabetes,frailty_head_to_head,M2_fried,PASS_BASELINE_FREE_RISK_SET,12751,7972,398,12353,21,21,PASS,,frail,,,,,,,5509.0,201.0,5308.0,680.0,23.0,657.0,risk_ratio,1.1611329372279329,0.2376493173571608,0.7287766995989011,1.849990125449394,0.5295838531242032,,,,,,,,,,,,
hrs,incident_diabetes,frailty_head_to_head,M3_fried_withdrawal,PASS_BASELINE_FREE_RISK_SET,12751,7972,398,12353,23,23,NOT_EVALUABLE_LOSS_2PLUS_EVENTS,,,3050.0,111.0,2939.0,290.0,11.0,279.0,5509.0,201.0,5308.0,680.0,23.0,657.0,,,,,,,,,,,,,,,,,,
hrs,incident_diabetes,frailty_head_to_head,M1b_any_withdrawal,PASS_BASELINE_FREE_RISK_SET,12751,7972,398,12353,20,20,PASS,,any_withdrawal,,,,,,,,,,,,,risk_ratio,1.2567115373598974,0.1792199448930317,0.884470410747701,1.7856152890387489,0.2023230895485803,3340.0,122.0,3218.0,,,,,,,,,
hrs,incident_diabetes,frailty_head_to_head,M3b_fried_any_withdrawal,PASS_BASELINE_FREE_RISK_SET,12751,7972,398,12353,22,22,PASS,,prefrail,,,,,,,5509.0,201.0,5308.0,680.0,23.0,657.0,risk_ratio,1.2839137435254446,0.1091586134535911,1.036620677605097,1.590200288713029,0.0220533062660753,3340.0,122.0,3218.0,,,,,,,,,
hrs,incident_diabetes,frailty_head_to_head,M3b_fried_any_withdrawal,PASS_BASELINE_FREE_RISK_SET,12751,7972,398,12353,22,22,PASS,,frail,,,,,,,5509.0,201.0,5308.0,680.0,23.0,657.0,risk_ratio,1.1610294172614388,0.237511835563056,0.7289081106964005,1.8493268053480207,0.529591383969874,3340.0,122.0,3218.0,,,,,,,,,
hrs,incident_diabetes,frailty_head_to_head,M3b_fried_any_withdrawal,PASS_BASELINE_FREE_RISK_SET,12751,7972,398,12353,22,22,PASS,,any_withdrawal,,,,,,,5509.0,201.0,5308.0,680.0,23.0,657.0,risk_ratio,1.2504816065151878,0.1783487692688432,0.8815898073987175,1.7737322222982403,0.2100878799180221,3340.0,122.0,3218.0,,,,,,,,,
hrs,incident_diabetes,frailty_head_to_head,M4_fried4_withdrawal,PASS_BASELINE_FREE_RISK_SET,12788,7983,400,12388,22,22,NOT_EVALUABLE_LOSS_2PLUS_EVENTS,,,3055.0,111.0,2944.0,290.0,11.0,279.0,,,,,,,,,,,,,,,,,,,,,,,,
hrs,incident_diabetes,frailty_head_to_head,M5_fi_withdrawal,PASS_BASELINE_FREE_RISK_SET,35615,13131,1254,34361,21,21,PASS,,fi_per_0_1,8838.0,362.0,8476.0,920.0,46.0,874.0,,,,,,,risk_ratio,1.1369456857194018,0.0300593040847061,1.0718973370712652,1.2059415091074333,1.957000665190249e-05,,,,,,,,,,,,
hrs,incident_diabetes,frailty_head_to_head,M5_fi_withdrawal,PASS_BASELINE_FREE_RISK_SET,35615,13131,1254,34361,21,21,PASS,,loss_1,8838.0,362.0,8476.0,920.0,46.0,874.0,,,,,,,risk_ratio,1.1014065309453096,0.1031356642918953,0.8998257369390935,1.3481458649266131,0.3490084381693327,,,,,,,,,,,,
hrs,incident_diabetes,frailty_head_to_head,M5_fi_withdrawal,PASS_BASELINE_FREE_RISK_SET,35615,13131,1254,34361,21,21,PASS,,loss_2plus,8838.0,362.0,8476.0,920.0,46.0,874.0,,,,,,,risk_ratio,1.2500588728510298,0.223602373601149,0.806491475974678,1.937586734819564,0.3182024227765978,,,,,,,,,,,,
hrs,incident_diabetes,frailty_head_to_head,nonfrail_withdrawal,PASS_BASELINE_FREE_RISK_SET,12071,7666,375,11696,21,21,NOT_EVALUABLE_LOSS_2PLUS_EVENTS,,,2755.0,100.0,2655.0,251.0,10.0,241.0,,,,,,,,,,,,,,,,,,,,,,,,
hrs,incident_diabetes,frailty_head_to_head,nonfrail_any_withdrawal,PASS_BASELINE_FREE_RISK_SET,12071,7666,375,11696,20,20,PASS,,any_withdrawal,,,,,,,,,,,,,risk_ratio,1.2504060961458716,0.1851144303670558,0.8699241621563574,1.7973008145941551,0.2273588012537241,3006.0,110.0,2896.0,,,,,,,,,
hrs,incident_diabetes,frailty_head_to_head,four_state,PASS_BASELINE_FREE_RISK_SET,12751,7972,398,12353,22,22,PASS,,withdrawal_only,,,,,,,,,,,,,risk_ratio,1.265878959570321,0.1804402083283533,0.8887941708840303,1.8029478508944063,0.1913419408166023,,,,3006.0,110.0,2896.0,346.0,11.0,335.0,334.0,12.0,322.0
hrs,incident_diabetes,frailty_head_to_head,four_state,PASS_BASELINE_FREE_RISK_SET,12751,7972,398,12353,22,22,PASS,,frailty_only,,,,,,,,,,,,,risk_ratio,1.0346736261933005,0.3111662440059793,0.5622612994624517,1.9040071115751505,0.9127719297547916,,,,3006.0,110.0,2896.0,346.0,11.0,335.0,334.0,12.0,322.0
hrs,incident_diabetes,frailty_head_to_head,four_state,PASS_BASELINE_FREE_RISK_SET,12751,7972,398,12353,22,22,PASS,,both,,,,,,,,,,,,,risk_ratio,1.156136172940534,0.341659651841504,0.591817450314859,2.258552615625745,0.6710965566248617,,,,3006.0,110.0,2896.0,346.0,11.0,335.0,334.0,12.0,322.0
hrs,incident_stroke,frailty_head_to_head,M0_routine,PASS_BASELINE_FREE_RISK_SET,15075,9366,292,14783,19,19,PASS,,__model__,,,,,,,,,,,,,,,,,,,,,,,,,,,,,,
hrs,incident_stroke,frailty_head_to_head,M1_withdrawal,PASS_BASELINE_FREE_RISK_SET,15075,9366,292,14783,21,21,NOT_EVALUABLE_LOSS_2PLUS_EVENTS,,,3741.0,75.0,3666.0,393.0,11.0,382.0,,,,,,,,,,,,,,,,,,,,,,,,
hrs,incident_stroke,frailty_head_to_head,M2_fried,PASS_BASELINE_FREE_RISK_SET,15075,9366,292,14783,21,21,PASS,,prefrail,,,,,,,6692.0,151.0,6541.0,864.0,32.0,832.0,risk_ratio,1.2127588787252743,0.1370277709567456,0.9271205611542636,1.586400042833546,0.1592116288948556,,,,,,,,,,,,
hrs,incident_stroke,frailty_head_to_head,M2_fried,PASS_BASELINE_FREE_RISK_SET,15075,9366,292,14783,21,21,PASS,,frail,,,,,,,6692.0,151.0,6541.0,864.0,32.0,832.0,risk_ratio,1.494562902612823,0.2259622027941367,0.9597869098313352,2.327306454157624,0.0753508144971266,,,,,,,,,,,,
hrs,incident_stroke,frailty_head_to_head,M3_fried_withdrawal,PASS_BASELINE_FREE_RISK_SET,15075,9366,292,14783,23,23,NOT_EVALUABLE_LOSS_2PLUS_EVENTS,,,3741.0,75.0,3666.0,393.0,11.0,382.0,6692.0,151.0,6541.0,864.0,32.0,832.0,,,,,,,,,,,,,,,,,,
hrs,incident_stroke,frailty_head_to_head,M1b_any_withdrawal,PASS_BASELINE_FREE_RISK_SET,15075,9366,292,14783,20,20,PASS,,any_withdrawal,,,,,,,,,,,,,risk_ratio,0.7155911817677048,0.2436052814022225,0.443923145050154,1.153512145364367,0.1695276015382893,4134.0,86.0,4048.0,,,,,,,,,
hrs,incident_stroke,frailty_head_to_head,M3b_fried_any_withdrawal,PASS_BASELINE_FREE_RISK_SET,15075,9366,292,14783,22,22,PASS,,prefrail,,,,,,,6692.0,151.0,6541.0,864.0,32.0,832.0,risk_ratio,1.214268949350381,0.1370336310457335,0.92826430660824,1.588393597448477,0.1565564359480186,4134.0,86.0,4048.0,,,,,,,,,
hrs,incident_stroke,frailty_head_to_head,M3b_fried_any_withdrawal,PASS_BASELINE_FREE_RISK_SET,15075,9366,292,14783,22,22,PASS,,frail,,,,,,,6692.0,151.0,6541.0,864.0,32.0,832.0,risk_ratio,1.4975935049689186,0.2262897465551461,0.9611159098024512,2.333523234035398,0.0743098625045054,4134.0,86.0,4048.0,,,,,,,,,
hrs,incident_stroke,frailty_head_to_head,M3b_fried_any_withdrawal,PASS_BASELINE_FREE_RISK_SET,15075,9366,292,14783,22,22,PASS,,any_withdrawal,,,,,,,6692.0,151.0,6541.0,864.0,32.0,832.0,risk_ratio,0.7140577315214077,0.2428980863101203,0.4435862747783878,1.14944594306988,0.1655776145328142,4134.0,86.0,4048.0,,,,,,,,,
hrs,incident_stroke,frailty_head_to_head,M4_fried4_withdrawal,PASS_BASELINE_FREE_RISK_SET,15119,9378,292,14827,22,22,NOT_EVALUABLE_LOSS_2PLUS_EVENTS,,,3746.0,75.0,3671.0,394.0,11.0,383.0,,,,,,,,,,,,,,,,,,,,,,,,
hrs,incident_stroke,frailty_head_to_head,M5_fi_withdrawal,PASS_BASELINE_FREE_RISK_SET,42088,15330,832,41256,21,21,PASS,,fi_per_0_1,10778.0,254.0,10524.0,1164.0,33.0,1131.0,,,,,,,risk_ratio,1.3400886979670463,0.0326575601501629,1.2570002928301671,1.4286692920139583,3.1368057032513547e-19,,,,,,,,,,,,
hrs,incident_stroke,frailty_head_to_head,M5_fi_withdrawal,PASS_BASELINE_FREE_RISK_SET,42088,15330,832,41256,21,21,PASS,,loss_1,10778.0,254.0,10524.0,1164.0,33.0,1131.0,,,,,,,risk_ratio,0.9981505289921851,0.1289870954732637,0.7751790492756427,1.285257231162742,0.988549397606441,,,,,,,,,,,,
hrs,incident_stroke,frailty_head_to_head,M5_fi_withdrawal,PASS_BASELINE_FREE_RISK_SET,42088,15330,832,41256,21,21,PASS,,loss_2plus,10778.0,254.0,10524.0,1164.0,33.0,1131.0,,,,,,,risk_ratio,1.123678625471768,0.2639227113697982,0.6698702655879802,1.8849226756375352,0.6586154672348944,,,,,,,,,,,,
hrs,incident_stroke,frailty_head_to_head,nonfrail_withdrawal,PASS_BASELINE_FREE_RISK_SET,14211,8974,260,13951,21,21,NOT_EVALUABLE_LOSS_2PLUS_EVENTS,,,3352.0,62.0,3290.0,337.0,7.0,330.0,,,,,,,,,,,,,,,,,,,,,,,,
hrs,incident_stroke,frailty_head_to_head,nonfrail_any_withdrawal,PASS_BASELINE_FREE_RISK_SET,14211,8974,260,13951,20,20,PASS,,any_withdrawal,,,,,,,,,,,,,risk_ratio,0.7751130318371974,0.2561835890234235,0.4691386052347316,1.280645432757008,0.3200330087627827,3689.0,69.0,3620.0,,,,,,,,,
hrs,incident_stroke,frailty_head_to_head,four_state,PASS_BASELINE_FREE_RISK_SET,15075,9366,292,14783,22,22,PASS,,withdrawal_only,,,,,,,,,,,,,risk_ratio,0.7166507679576638,0.2500948771657897,0.4389614938926212,1.1700076894214857,0.1828073029991541,,,,3689.0,69.0,3620.0,419.0,15.0,404.0,445.0,17.0,428.0
hrs,incident_stroke,frailty_head_to_head,four_state,PASS_BASELINE_FREE_RISK_SET,15075,9366,292,14783,22,22,PASS,,frailty_only,,,,,,,,,,,,,risk_ratio,1.3049377898067285,0.2706212308306223,0.7677796532069766,2.217905395321299,0.3253625269213308,,,,3689.0,69.0,3620.0,419.0,15.0,404.0,445.0,17.0,428.0
hrs,incident_stroke,frailty_head_to_head,four_state,PASS_BASELINE_FREE_RISK_SET,15075,9366,292,14783,22,22,PASS,,both,,,,,,,,,,,,,risk_ratio,0.9203130158048746,0.3371866424155156,0.4752496151313047,1.782170926799921,0.8054675433301814,,,,3689.0,69.0,3620.0,419.0,15.0,404.0,445.0,17.0,428.0
hrs,incident_heart_disease,frailty_head_to_head,M0_routine,PASS_BASELINE_FREE_RISK_SET,11802,7552,599,11203,19,19,PASS,,__model__,,,,,,,,,,,,,,,,,,,,,,,,,,,,,,
hrs,incident_heart_disease,frailty_head_to_head,M1_withdrawal,PASS_BASELINE_FREE_RISK_SET,11802,7552,599,11203,21,21,NOT_EVALUABLE_LOSS_2PLUS_EVENTS,,,2913.0,163.0,2750.0,303.0,15.0,288.0,,,,,,,,,,,,,,,,,,,,,,,,
hrs,incident_heart_disease,frailty_head_to_head,M2_fried,PASS_BASELINE_FREE_RISK_SET,11802,7552,599,11203,21,21,PASS,,prefrail,,,,,,,5115.0,287.0,4828.0,607.0,48.0,559.0,risk_ratio,1.1316941750322729,0.0877727266759698,0.9528330224407092,1.3441302679889764,0.1586869639899202,,,,,,,,,,,,
hrs,incident_heart_disease,frailty_head_to_head,M2_fried,PASS_BASELINE_FREE_RISK_SET,11802,7552,599,11203,21,21,PASS,,frail,,,,,,,5115.0,287.0,4828.0,607.0,48.0,559.0,risk_ratio,1.3932164631871045,0.1643065985321085,1.009626096382342,1.9225455049653493,0.0435631508336193,,,,,,,,,,,,
hrs,incident_heart_disease,frailty_head_to_head,M3_fried_withdrawal,PASS_BASELINE_FREE_RISK_SET,11802,7552,599,11203,23,23,NOT_EVALUABLE_LOSS_2PLUS_EVENTS,,,2913.0,163.0,2750.0,303.0,15.0,288.0,5115.0,287.0,4828.0,607.0,48.0,559.0,,,,,,,,,,,,,,,,,,
hrs,incident_heart_disease,frailty_head_to_head,M1b_any_withdrawal,PASS_BASELINE_FREE_RISK_SET,11802,7552,599,11203,20,20,PASS,,any_withdrawal,,,,,,,,,,,,,risk_ratio,1.1317040566251355,0.1494467401719142,0.8443520784414603,1.516848367503112,0.4077363998180091,3216.0,178.0,3038.0,,,,,,,,,
hrs,incident_heart_disease,frailty_head_to_head,M3b_fried_any_withdrawal,PASS_BASELINE_FREE_RISK_SET,11802,7552,599,11203,22,22,PASS,,prefrail,,,,,,,5115.0,287.0,4828.0,607.0,48.0,559.0,risk_ratio,1.1302382307177596,0.0878266626928331,0.9515065945208512,1.3425429372029625,0.1633242532251756,3216.0,178.0,3038.0,,,,,,,,,
hrs,incident_heart_disease,frailty_head_to_head,M3b_fried_any_withdrawal,PASS_BASELINE_FREE_RISK_SET,11802,7552,599,11203,22,22,PASS,,frail,,,,,,,5115.0,287.0,4828.0,607.0,48.0,559.0,risk_ratio,1.3913465795461464,0.1642239816551919,1.0084343211605309,1.919654323334556,0.0443141293523396,3216.0,178.0,3038.0,,,,,,,,,
hrs,incident_heart_disease,frailty_head_to_head,M3b_fried_any_withdrawal,PASS_BASELINE_FREE_RISK_SET,11802,7552,599,11203,22,22,PASS,,any_withdrawal,,,,,,,5115.0,287.0,4828.0,607.0,48.0,559.0,risk_ratio,1.1268895191160566,0.1493518769029284,0.8409163402664213,1.51011453516445,0.4237895601848241,3216.0,178.0,3038.0,,,,,,,,,
hrs,incident_heart_disease,frailty_head_to_head,M4_fried4_withdrawal,PASS_BASELINE_FREE_RISK_SET,11833,7562,600,11233,22,22,NOT_EVALUABLE_LOSS_2PLUS_EVENTS,,,2916.0,163.0,2753.0,304.0,15.0,289.0,,,,,,,,,,,,,,,,,,,,,,,,
hrs,incident_heart_disease,frailty_head_to_head,M5_fi_withdrawal,PASS_BASELINE_FREE_RISK_SET,34327,12901,1701,32626,21,21,PASS,,fi_per_0_1,8620.0,470.0,8150.0,932.0,59.0,873.0,,,,,,,risk_ratio,1.160150437427622,0.0247930837923198,1.105122438438956,1.217918477308928,2.078151894233395e-09,,,,,,,,,,,,
hrs,incident_heart_disease,frailty_head_to_head,M5_fi_withdrawal,PASS_BASELINE_FREE_RISK_SET,34327,12901,1701,32626,21,21,PASS,,loss_1,8620.0,470.0,8150.0,932.0,59.0,873.0,,,,,,,risk_ratio,0.9406949500162513,0.0891746896162792,0.789847375050438,1.1203518767528586,0.492978105683603,,,,,,,,,,,,
hrs,incident_heart_disease,frailty_head_to_head,M5_fi_withdrawal,PASS_BASELINE_FREE_RISK_SET,34327,12901,1701,32626,21,21,PASS,,loss_2plus,8620.0,470.0,8150.0,932.0,59.0,873.0,,,,,,,risk_ratio,0.9424860470856842,0.1902168277525158,0.6491754267977756,1.3683203526862795,0.7554939813840282,,,,,,,,,,,,
hrs,incident_heart_disease,frailty_head_to_head,nonfrail_withdrawal,PASS_BASELINE_FREE_RISK_SET,11195,7267,551,10644,21,21,NOT_EVALUABLE_LOSS_2PLUS_EVENTS,,,2640.0,140.0,2500.0,270.0,12.0,258.0,,,,,,,,,,,,,,,,,,,,,,,,
hrs,incident_heart_disease,frailty_head_to_head,nonfrail_any_withdrawal,PASS_BASELINE_FREE_RISK_SET,11195,7267,551,10644,20,20,PASS,,any_withdrawal,,,,,,,,,,,,,risk_ratio,1.1442555245648007,0.1557127344156541,0.8432961121113562,1.5526227225439562,0.3868177718848211,2910.0,152.0,2758.0,,,,,,,,,
hrs,incident_heart_disease,frailty_head_to_head,four_state,PASS_BASELINE_FREE_RISK_SET,11802,7552,599,11203,22,22,PASS,,withdrawal_only,,,,,,,,,,,,,risk_ratio,1.1254055523377775,0.1520286448382057,0.8354145528614101,1.516058887045518,0.4370920062903229,,,,2910.0,152.0,2758.0,301.0,22.0,279.0,306.0,26.0,280.0
hrs,incident_heart_disease,frailty_head_to_head,four_state,PASS_BASELINE_FREE_RISK_SET,11802,7552,599,11203,22,22,PASS,,frailty_only,,,,,,,,,,,,,risk_ratio,1.2362890593227496,0.2183355395889658,0.8058838966437889,1.896564312261852,0.3312965679666707,,,,2910.0,152.0,2758.0,301.0,22.0,279.0,306.0,26.0,280.0
hrs,incident_heart_disease,frailty_head_to_head,four_state,PASS_BASELINE_FREE_RISK_SET,11802,7552,599,11203,22,22,PASS,,both,,,,,,,,,,,,,risk_ratio,1.477542482967772,0.2409546890658655,0.9213804086345164,2.3694141621808145,0.1052023017916109,,,,2910.0,152.0,2758.0,301.0,22.0,279.0,306.0,26.0,280.0
hrs,incident_hypertension,frailty_head_to_head,M0_routine,PASS_BASELINE_FREE_RISK_SET,6009,3956,593,5416,19,19,PASS,,__model__,,,,,,,,,,,,,,,,,,,,,,,,,,,,,,
hrs,incident_hypertension,frailty_head_to_head,M1_withdrawal,PASS_BASELINE_FREE_RISK_SET,6009,3956,593,5416,21,21,NOT_EVALUABLE_LOSS_2PLUS_EVENTS,,,1358.0,150.0,1208.0,124.0,11.0,113.0,,,,,,,,,,,,,,,,,,,,,,,,
hrs,incident_hypertension,frailty_head_to_head,M2_fried,PASS_BASELINE_FREE_RISK_SET,6009,3956,593,5416,21,21,PASS,,prefrail,,,,,,,2384.0,267.0,2117.0,242.0,29.0,213.0,risk_ratio,1.1412768041706154,0.0851621650246466,0.9658302962474123,1.348593794167163,0.1207297842554267,,,,,,,,,,,,
hrs,incident_hypertension,frailty_head_to_head,M2_fried,PASS_BASELINE_FREE_RISK_SET,6009,3956,593,5416,21,21,PASS,,frail,,,,,,,2384.0,267.0,2117.0,242.0,29.0,213.0,risk_ratio,1.1310019947007794,0.1965832396835025,0.7693632079514056,1.6626289102427894,0.5311719703584263,,,,,,,,,,,,
hrs,incident_hypertension,frailty_head_to_head,M3_fried_withdrawal,PASS_BASELINE_FREE_RISK_SET,6009,3956,593,5416,23,23,NOT_EVALUABLE_LOSS_2PLUS_EVENTS,,,1358.0,150.0,1208.0,124.0,11.0,113.0,2384.0,267.0,2117.0,242.0,29.0,213.0,,,,,,,,,,,,,,,,,,
hrs,incident_hypertension,frailty_head_to_head,M1b_any_withdrawal,PASS_BASELINE_FREE_RISK_SET,6009,3956,593,5416,20,20,PASS,,any_withdrawal,,,,,,,,,,,,,risk_ratio,1.250680991276376,0.143438987630882,0.9441718794272428,1.656692998407177,0.1188861724059467,1482.0,161.0,1321.0,,,,,,,,,
hrs,incident_hypertension,frailty_head_to_head,M3b_fried_any_withdrawal,PASS_BASELINE_FREE_RISK_SET,6009,3956,593,5416,22,22,PASS,,prefrail,,,,,,,2384.0,267.0,2117.0,242.0,29.0,213.0,risk_ratio,1.1387301343177072,0.0850856369516775,0.963819676200261,1.3453827005434529,0.1267962119305886,1482.0,161.0,1321.0,,,,,,,,,
hrs,incident_hypertension,frailty_head_to_head,M3b_fried_any_withdrawal,PASS_BASELINE_FREE_RISK_SET,6009,3956,593,5416,22,22,PASS,,frail,,,,,,,2384.0,267.0,2117.0,242.0,29.0,213.0,risk_ratio,1.1312680590474695,0.1967304637730388,0.7693221750564283,1.663499978181651,0.5306952913416271,1482.0,161.0,1321.0,,,,,,,,,
hrs,incident_hypertension,frailty_head_to_head,M3b_fried_any_withdrawal,PASS_BASELINE_FREE_RISK_SET,6009,3956,593,5416,22,22,PASS,,any_withdrawal,,,,,,,2384.0,267.0,2117.0,242.0,29.0,213.0,risk_ratio,1.2457099995956848,0.1428350557746487,0.9415329662628134,1.6481562076919605,0.1240052564585096,1482.0,161.0,1321.0,,,,,,,,,
hrs,incident_hypertension,frailty_head_to_head,M4_fried4_withdrawal,PASS_BASELINE_FREE_RISK_SET,6026,3965,595,5431,22,22,NOT_EVALUABLE_LOSS_2PLUS_EVENTS,,,1359.0,150.0,1209.0,124.0,11.0,113.0,,,,,,,,,,,,,,,,,,,,,,,,
hrs,incident_hypertension,frailty_head_to_head,M5_fi_withdrawal,PASS_BASELINE_FREE_RISK_SET,17758,7085,1703,16055,21,21,PASS,,fi_per_0_1,4077.0,426.0,3651.0,432.0,53.0,379.0,,,,,,,risk_ratio,1.066396258833885,0.0278659171217356,1.0097156814423014,1.1262586109690818,0.0210581996047825,,,,,,,,,,,,
hrs,incident_hypertension,frailty_head_to_head,M5_fi_withdrawal,PASS_BASELINE_FREE_RISK_SET,17758,7085,1703,16055,21,21,PASS,,loss_1,4077.0,426.0,3651.0,432.0,53.0,379.0,,,,,,,risk_ratio,1.1385450622940234,0.0836854432788908,0.9663112722122114,1.341477530223227,0.1210304197913942,,,,,,,,,,,,
hrs,incident_hypertension,frailty_head_to_head,M5_fi_withdrawal,PASS_BASELINE_FREE_RISK_SET,17758,7085,1703,16055,21,21,PASS,,loss_2plus,4077.0,426.0,3651.0,432.0,53.0,379.0,,,,,,,risk_ratio,1.4717467197357328,0.1820528569528419,1.0300763206291224,2.1027940975577177,0.0337760787280354,,,,,,,,,,,,
hrs,incident_hypertension,frailty_head_to_head,nonfrail_withdrawal,PASS_BASELINE_FREE_RISK_SET,5767,3845,564,5203,21,21,NOT_EVALUABLE_LOSS_2PLUS_EVENTS,,,1259.0,142.0,1117.0,111.0,9.0,102.0,,,,,,,,,,,,,,,,,,,,,,,,
hrs,incident_hypertension,frailty_head_to_head,nonfrail_any_withdrawal,PASS_BASELINE_FREE_RISK_SET,5767,3845,564,5203,20,20,PASS,,any_withdrawal,,,,,,,,,,,,,risk_ratio,1.2924269447760772,0.1454134398074897,0.971918523587502,1.7186290486754383,0.0777175127319959,1370.0,151.0,1219.0,,,,,,,,,
hrs,incident_hypertension,frailty_head_to_head,four_state,PASS_BASELINE_FREE_RISK_SET,6009,3956,593,5416,22,22,PASS,,withdrawal_only,,,,,,,,,,,,,risk_ratio,1.2996447428376388,0.1446337089371502,0.9788411489584184,1.725587915243299,0.0699705237779426,,,,1370.0,151.0,1219.0,130.0,19.0,111.0,112.0,10.0,102.0
hrs,incident_hypertension,frailty_head_to_head,four_state,PASS_BASELINE_FREE_RISK_SET,6009,3956,593,5416,22,22,PASS,,frailty_only,,,,,,,,,,,,,risk_ratio,1.3383956192701325,0.2211021265685404,0.8677248502240933,2.0643673316707143,0.1874143435816672,,,,1370.0,151.0,1219.0,130.0,19.0,111.0,112.0,10.0,102.0
hrs,incident_hypertension,frailty_head_to_head,four_state,PASS_BASELINE_FREE_RISK_SET,6009,3956,593,5416,22,22,PASS,,both,,,,,,,,,,,,,risk_ratio,0.9189238256577466,0.3273643895354439,0.4837560822133374,1.7455511742570238,0.7961899391995588,,,,1370.0,151.0,1219.0,130.0,19.0,111.0,112.0,10.0,102.0
hrs,incident_cancer,frailty_head_to_head,M0_routine,PASS_BASELINE_FREE_RISK_SET,13372,8458,414,12958,19,19,PASS,,__model__,,,,,,,,,,,,,,,,,,,,,,,,,,,,,,
hrs,incident_cancer,frailty_head_to_head,M1_withdrawal,PASS_BASELINE_FREE_RISK_SET,13372,8458,414,12958,21,21,NOT_EVALUABLE_LOSS_2PLUS_EVENTS,,,3373.0,101.0,3272.0,356.0,11.0,345.0,,,,,,,,,,,,,,,,,,,,,,,,
hrs,incident_cancer,frailty_head_to_head,M2_fried,PASS_BASELINE_FREE_RISK_SET,13372,8458,414,12958,21,21,PASS,,prefrail,,,,,,,5986.0,168.0,5818.0,844.0,29.0,815.0,risk_ratio,0.8670026838075299,0.1115243511384771,0.6967720833489485,1.0788228628743812,0.2006648785186104,,,,,,,,,,,,
hrs,incident_cancer,frailty_head_to_head,M2_fried,PASS_BASELINE_FREE_RISK_SET,13372,8458,414,12958,21,21,PASS,,frail,,,,,,,5986.0,168.0,5818.0,844.0,29.0,815.0,risk_ratio,1.0720879985985885,0.2143488907492594,0.7043302283317809,1.631866176553911,0.7453761324826141,,,,,,,,,,,,
hrs,incident_cancer,frailty_head_to_head,M3_fried_withdrawal,PASS_BASELINE_FREE_RISK_SET,13372,8458,414,12958,23,23,NOT_EVALUABLE_LOSS_2PLUS_EVENTS,,,3373.0,101.0,3272.0,356.0,11.0,345.0,5986.0,168.0,5818.0,844.0,29.0,815.0,,,,,,,,,,,,,,,,,,
hrs,incident_cancer,frailty_head_to_head,M1b_any_withdrawal,PASS_BASELINE_FREE_RISK_SET,13372,8458,414,12958,20,20,PASS,,any_withdrawal,,,,,,,,,,,,,risk_ratio,1.1065885305923024,0.1759963153871585,0.7837504971685177,1.5624081649228452,0.5649685290016286,3729.0,112.0,3617.0,,,,,,,,,
hrs,incident_cancer,frailty_head_to_head,M3b_fried_any_withdrawal,PASS_BASELINE_FREE_RISK_SET,13372,8458,414,12958,22,22,PASS,,prefrail,,,,,,,5986.0,168.0,5818.0,844.0,29.0,815.0,risk_ratio,0.8669793033180118,0.1114840114691305,0.6968083839621471,1.0787084795217063,0.200416962032496,3729.0,112.0,3617.0,,,,,,,,,
hrs,incident_cancer,frailty_head_to_head,M3b_fried_any_withdrawal,PASS_BASELINE_FREE_RISK_SET,13372,8458,414,12958,22,22,PASS,,frail,,,,,,,5986.0,168.0,5818.0,844.0,29.0,815.0,risk_ratio,1.0719860128568786,0.2142515486866013,0.7043976037464089,1.6313996607156207,0.7456005509065906,3729.0,112.0,3617.0,,,,,,,,,
hrs,incident_cancer,frailty_head_to_head,M3b_fried_any_withdrawal,PASS_BASELINE_FREE_RISK_SET,13372,8458,414,12958,22,22,PASS,,any_withdrawal,,,,,,,5986.0,168.0,5818.0,844.0,29.0,815.0,risk_ratio,1.106707850033192,0.1763027017702986,0.7833644496107708,1.56351525261793,0.5652312488990705,3729.0,112.0,3617.0,,,,,,,,,
hrs,incident_cancer,frailty_head_to_head,M4_fried4_withdrawal,PASS_BASELINE_FREE_RISK_SET,13409,8469,417,12992,22,22,NOT_EVALUABLE_LOSS_2PLUS_EVENTS,,,3378.0,101.0,3277.0,357.0,11.0,346.0,,,,,,,,,,,,,,,,,,,,,,,,
hrs,incident_cancer,frailty_head_to_head,M5_fi_withdrawal,PASS_BASELINE_FREE_RISK_SET,38274,14280,1125,37149,21,21,PASS,,fi_per_0_1,9957.0,341.0,9616.0,1070.0,32.0,1038.0,,,,,,,risk_ratio,1.0273310628430987,0.0362472342540807,0.9568783270975074,1.102971070401078,0.456938300963725,,,,,,,,,,,,
hrs,incident_cancer,frailty_head_to_head,M5_fi_withdrawal,PASS_BASELINE_FREE_RISK_SET,38274,14280,1125,37149,21,21,PASS,,loss_1,9957.0,341.0,9616.0,1070.0,32.0,1038.0,,,,,,,risk_ratio,1.2741288520664913,0.1059256803330602,1.035259555268118,1.5681133522576718,0.0221899492584358,,,,,,,,,,,,
hrs,incident_cancer,frailty_head_to_head,M5_fi_withdrawal,PASS_BASELINE_FREE_RISK_SET,38274,14280,1125,37149,21,21,PASS,,loss_2plus,9957.0,341.0,9616.0,1070.0,32.0,1038.0,,,,,,,risk_ratio,1.1451459413595249,0.2430728867187271,0.7111428074407791,1.8440167196957784,0.5771325980239519,,,,,,,,,,,,
hrs,incident_cancer,frailty_head_to_head,nonfrail_withdrawal,PASS_BASELINE_FREE_RISK_SET,12528,8050,385,12143,21,21,NOT_EVALUABLE_LOSS_2PLUS_EVENTS,,,2991.0,87.0,2904.0,308.0,10.0,298.0,,,,,,,,,,,,,,,,,,,,,,,,
hrs,incident_cancer,frailty_head_to_head,nonfrail_any_withdrawal,PASS_BASELINE_FREE_RISK_SET,12528,8050,385,12143,20,20,PASS,,any_withdrawal,,,,,,,,,,,,,risk_ratio,1.1074634842249007,0.1827835640602771,0.7740049953405187,1.5845832730730334,0.5765492032244153,3299.0,97.0,3202.0,,,,,,,,,
hrs,incident_cancer,frailty_head_to_head,four_state,PASS_BASELINE_FREE_RISK_SET,13372,8458,414,12958,22,22,PASS,,withdrawal_only,,,,,,,,,,,,,risk_ratio,1.1002033581905502,0.1774809642340141,0.7769639982084495,1.5579195846459497,0.5905370805230121,,,,3299.0,97.0,3202.0,414.0,14.0,400.0,430.0,15.0,415.0
hrs,incident_cancer,frailty_head_to_head,four_state,PASS_BASELINE_FREE_RISK_SET,13372,8458,414,12958,22,22,PASS,,frailty_only,,,,,,,,,,,,,risk_ratio,1.1470683236776733,0.2769248878019263,0.6666078061007891,1.9738228792744856,0.6202647505035566,,,,3299.0,97.0,3202.0,414.0,14.0,400.0,430.0,15.0,415.0
hrs,incident_cancer,frailty_head_to_head,four_state,PASS_BASELINE_FREE_RISK_SET,13372,8458,414,12958,22,22,PASS,,both,,,,,,,,,,,,,risk_ratio,1.3481729381792955,0.3147369882114554,0.7275133971221731,2.498332372199279,0.3425157551554662,,,,3299.0,97.0,3202.0,414.0,14.0,400.0,430.0,15.0,415.0
hrs,incident_arthritis,frailty_head_to_head,M0_routine,PASS_BASELINE_FREE_RISK_SET,5648,3773,500,5148,19,19,PASS,,__model__,,,,,,,,,,,,,,,,,,,,,,,,,,,,,,
hrs,incident_arthritis,frailty_head_to_head,M1_withdrawal,PASS_BASELINE_FREE_RISK_SET,5648,3773,500,5148,21,21,NOT_EVALUABLE_LOSS_2PLUS_EVENTS,,,1307.0,133.0,1174.0,122.0,13.0,109.0,,,,,,,,,,,,,,,,,,,,,,,,
hrs,incident_arthritis,frailty_head_to_head,M2_fried,PASS_BASELINE_FREE_RISK_SET,5648,3773,500,5148,21,21,PASS,,prefrail,,,,,,,2178.0,203.0,1975.0,221.0,24.0,197.0,risk_ratio,1.0594529065452782,0.0937737347526137,0.88157914754761,1.273215756418082,0.5379787816731536,,,,,,,,,,,,
hrs,incident_arthritis,frailty_head_to_head,M2_fried,PASS_BASELINE_FREE_RISK_SET,5648,3773,500,5148,21,21,PASS,,frail,,,,,,,2178.0,203.0,1975.0,221.0,24.0,197.0,risk_ratio,1.1615029064855669,0.2238398687362703,0.7490097295867147,1.8011635209582844,0.503592651774361,,,,,,,,,,,,
hrs,incident_arthritis,frailty_head_to_head,M3_fried_withdrawal,PASS_BASELINE_FREE_RISK_SET,5648,3773,500,5148,23,23,NOT_EVALUABLE_LOSS_2PLUS_EVENTS,,,1307.0,133.0,1174.0,122.0,13.0,109.0,2178.0,203.0,1975.0,221.0,24.0,197.0,,,,,,,,,,,,,,,,,,
hrs,incident_arthritis,frailty_head_to_head,M1b_any_withdrawal,PASS_BASELINE_FREE_RISK_SET,5648,3773,500,5148,20,20,PASS,,any_withdrawal,,,,,,,,,,,,,risk_ratio,1.2180498162292526,0.1582202510144358,0.8932802432243165,1.6608957447226893,0.2125124301676751,1429.0,146.0,1283.0,,,,,,,,,
hrs,incident_arthritis,frailty_head_to_head,M3b_fried_any_withdrawal,PASS_BASELINE_FREE_RISK_SET,5648,3773,500,5148,22,22,PASS,,prefrail,,,,,,,2178.0,203.0,1975.0,221.0,24.0,197.0,risk_ratio,1.0592371967961174,0.0937398317774549,0.8814582234863183,1.272871940134451,0.5392663188934517,1429.0,146.0,1283.0,,,,,,,,,
hrs,incident_arthritis,frailty_head_to_head,M3b_fried_any_withdrawal,PASS_BASELINE_FREE_RISK_SET,5648,3773,500,5148,22,22,PASS,,frail,,,,,,,2178.0,203.0,1975.0,221.0,24.0,197.0,risk_ratio,1.1606657119256718,0.2236517289600026,0.7487459012103134,1.799201695344614,0.5052919934478439,1429.0,146.0,1283.0,,,,,,,,,
hrs,incident_arthritis,frailty_head_to_head,M3b_fried_any_withdrawal,PASS_BASELINE_FREE_RISK_SET,5648,3773,500,5148,22,22,PASS,,any_withdrawal,,,,,,,2178.0,203.0,1975.0,221.0,24.0,197.0,risk_ratio,1.217519738520876,0.1581798551968952,0.8929621974495728,1.6600415089482594,0.2134063960438024,1429.0,146.0,1283.0,,,,,,,,,
hrs,incident_arthritis,frailty_head_to_head,M4_fried4_withdrawal,PASS_BASELINE_FREE_RISK_SET,5663,3777,500,5163,22,22,NOT_EVALUABLE_LOSS_2PLUS_EVENTS,,,1308.0,133.0,1175.0,123.0,13.0,110.0,,,,,,,,,,,,,,,,,,,,,,,,
hrs,incident_arthritis,frailty_head_to_head,M5_fi_withdrawal,PASS_BASELINE_FREE_RISK_SET,17153,6989,1609,15544,21,21,PASS,,fi_per_0_1,4021.0,450.0,3571.0,420.0,39.0,381.0,,,,,,,risk_ratio,1.3066139588764114,0.0266295644711876,1.240166989421958,1.3766210938467514,9.869150082240897e-24,,,,,,,,,,,,
hrs,incident_arthritis,frailty_head_to_head,M5_fi_withdrawal,PASS_BASELINE_FREE_RISK_SET,17153,6989,1609,15544,21,21,PASS,,loss_1,4021.0,450.0,3571.0,420.0,39.0,381.0,,,,,,,risk_ratio,1.2974718449041875,0.085315539596768,1.097683720883125,1.5336231705838688,0.0022701507435494,,,,,,,,,,,,
hrs,incident_arthritis,frailty_head_to_head,M5_fi_withdrawal,PASS_BASELINE_FREE_RISK_SET,17153,6989,1609,15544,21,21,PASS,,loss_2plus,4021.0,450.0,3571.0,420.0,39.0,381.0,,,,,,,risk_ratio,1.1286417301051257,0.20734679251771,0.7517305392821736,1.694532932174169,0.5594657263640903,,,,,,,,,,,,
hrs,incident_arthritis,frailty_head_to_head,nonfrail_withdrawal,PASS_BASELINE_FREE_RISK_SET,5427,3663,476,4951,21,21,NOT_EVALUABLE_LOSS_2PLUS_EVENTS,,,1209.0,120.0,1089.0,111.0,12.0,99.0,,,,,,,,,,,,,,,,,,,,,,,,
hrs,incident_arthritis,frailty_head_to_head,nonfrail_any_withdrawal,PASS_BASELINE_FREE_RISK_SET,5427,3663,476,4951,20,20,PASS,,any_withdrawal,,,,,,,,,,,,,risk_ratio,1.1946333783139704,0.165149163247799,0.864289868823614,1.651238733741429,0.2815514353969301,1320.0,132.0,1188.0,,,,,,,,,
hrs,incident_arthritis,frailty_head_to_head,four_state,PASS_BASELINE_FREE_RISK_SET,5648,3773,500,5148,22,22,PASS,,withdrawal_only,,,,,,,,,,,,,risk_ratio,1.204631860989795,0.1609083233720565,0.8787977419814518,1.6512763417436784,0.2472645385951052,,,,1320.0,132.0,1188.0,112.0,10.0,102.0,109.0,14.0,95.0
hrs,incident_arthritis,frailty_head_to_head,four_state,PASS_BASELINE_FREE_RISK_SET,5648,3773,500,5148,22,22,PASS,,frailty_only,,,,,,,,,,,,,risk_ratio,1.006490263409629,0.3173439038084851,0.540363439425232,1.8747061263358344,0.9837356542264156,,,,1320.0,132.0,1188.0,112.0,10.0,102.0,109.0,14.0,95.0
hrs,incident_arthritis,frailty_head_to_head,four_state,PASS_BASELINE_FREE_RISK_SET,5648,3773,500,5148,22,22,PASS,,both,,,,,,,,,,,,,risk_ratio,1.46745068415861,0.3036475985147738,0.8092788874281761,2.660901629697696,0.20656580585501,,,,1320.0,132.0,1188.0,112.0,10.0,102.0,109.0,14.0,95.0
share,incident_diabetes,frailty_head_to_head,M0_routine,PASS_BASELINE_FREE_RISK_SET,28199,19990,827,27372,17,17,PASS,,__model__,,,,,,,,,,,,,,,,,,,,,,,,,,,,,,
share,incident_diabetes,frailty_head_to_head,M1_withdrawal,PASS_BASELINE_FREE_RISK_SET,28199,19990,827,27372,19,19,PASS,,loss_1,6602.0,228.0,6374.0,710.0,32.0,678.0,,,,,,,risk_ratio,1.0261091711049128,0.134374671555656,0.7885216852855464,1.3352835447313358,0.8478925536734977,,,,,,,,,,,,
share,incident_diabetes,frailty_head_to_head,M1_withdrawal,PASS_BASELINE_FREE_RISK_SET,28199,19990,827,27372,19,19,PASS,,loss_2plus,6602.0,228.0,6374.0,710.0,32.0,678.0,,,,,,,risk_ratio,1.1731512574557217,0.2825262196035074,0.6743218872742821,2.040989472302466,0.5719144080102538,,,,,,,,,,,,
share,incident_diabetes,frailty_head_to_head,M2_fried,PASS_BASELINE_FREE_RISK_SET,28199,19990,827,27372,19,19,PASS,,prefrail,,,,,,,11912.0,366.0,11546.0,2033.0,129.0,1904.0,risk_ratio,1.101973956595957,0.0819731704016398,0.9384165136914012,1.2940379706650034,0.2361869294013437,,,,,,,,,,,,
share,incident_diabetes,frailty_head_to_head,M2_fried,PASS_BASELINE_FREE_RISK_SET,28199,19990,827,27372,19,19,PASS,,frail,,,,,,,11912.0,366.0,11546.0,2033.0,129.0,1904.0,risk_ratio,1.6559909429879864,0.1440041694044379,1.2487669208032994,2.196011087076351,0.0004606137087492,,,,,,,,,,,,
share,incident_diabetes,frailty_head_to_head,M3_fried_withdrawal,PASS_BASELINE_FREE_RISK_SET,28199,19990,827,27372,21,21,PASS,,prefrail,6602.0,228.0,6374.0,710.0,32.0,678.0,11912.0,366.0,11546.0,2033.0,129.0,1904.0,risk_ratio,1.1011269713146277,0.0819901604405046,0.93766401525833,1.2930864224564296,0.2400155218327373,,,,,,,,,,,,
share,incident_diabetes,frailty_head_to_head,M3_fried_withdrawal,PASS_BASELINE_FREE_RISK_SET,28199,19990,827,27372,21,21,PASS,,frail,6602.0,228.0,6374.0,710.0,32.0,678.0,11912.0,366.0,11546.0,2033.0,129.0,1904.0,risk_ratio,1.6561439711542771,0.1438208428281865,1.2493311387680714,2.1954250303048286,0.0004518611993495,,,,,,,,,,,,
share,incident_diabetes,frailty_head_to_head,M3_fried_withdrawal,PASS_BASELINE_FREE_RISK_SET,28199,19990,827,27372,21,21,PASS,,loss_1,6602.0,228.0,6374.0,710.0,32.0,678.0,11912.0,366.0,11546.0,2033.0,129.0,1904.0,risk_ratio,1.0281988898334435,0.1337836472231408,0.7910433494566161,1.3364538843300222,0.8353362278456028,,,,,,,,,,,,
share,incident_diabetes,frailty_head_to_head,M3_fried_withdrawal,PASS_BASELINE_FREE_RISK_SET,28199,19990,827,27372,21,21,PASS,,loss_2plus,6602.0,228.0,6374.0,710.0,32.0,678.0,11912.0,366.0,11546.0,2033.0,129.0,1904.0,risk_ratio,1.182514124796756,0.2813730579807564,0.6812415929601826,2.052633999148035,0.5513071382916301,,,,,,,,,,,,
share,incident_diabetes,frailty_head_to_head,M1b_any_withdrawal,PASS_BASELINE_FREE_RISK_SET,28199,19990,827,27372,18,18,PASS,,any_withdrawal,,,,,,,,,,,,,risk_ratio,1.0041543693487829,0.1302998162468887,0.7778378595635663,1.2963190015564536,0.9746179005408612,7312.0,260.0,7052.0,,,,,,,,,
share,incident_diabetes,frailty_head_to_head,M3b_fried_any_withdrawal,PASS_BASELINE_FREE_RISK_SET,28199,19990,827,27372,20,20,PASS,,prefrail,,,,,,,11912.0,366.0,11546.0,2033.0,129.0,1904.0,risk_ratio,1.1019834297070947,0.0819765161397662,0.9384184270585392,1.2940575806417518,0.2361645724237134,7312.0,260.0,7052.0,,,,,,,,,
share,incident_diabetes,frailty_head_to_head,M3b_fried_any_withdrawal,PASS_BASELINE_FREE_RISK_SET,28199,19990,827,27372,20,20,PASS,,frail,,,,,,,11912.0,366.0,11546.0,2033.0,129.0,1904.0,risk_ratio,1.6560070908588664,0.1440082534933173,1.2487691017372125,2.196050079362022,0.000460668392678,7312.0,260.0,7052.0,,,,,,,,,
share,incident_diabetes,frailty_head_to_head,M3b_fried_any_withdrawal,PASS_BASELINE_FREE_RISK_SET,28199,19990,827,27372,20,20,PASS,,any_withdrawal,,,,,,,11912.0,366.0,11546.0,2033.0,129.0,1904.0,risk_ratio,1.005434098042399,0.1298922065516571,0.7794516182279035,1.2969345394453415,0.9667201687064928,7312.0,260.0,7052.0,,,,,,,,,
share,incident_diabetes,frailty_head_to_head,M4_fried4_withdrawal,PASS_BASELINE_FREE_RISK_SET,28202,19991,827,27375,20,20,PASS,,fried4,6603.0,228.0,6375.0,710.0,32.0,678.0,,,,,,,risk_ratio,1.1626170103194138,0.0427197438188843,1.0692359715466009,1.264153422306688,0.0004202606838001,,,,,,,,,,,,
share,incident_diabetes,frailty_head_to_head,M4_fried4_withdrawal,PASS_BASELINE_FREE_RISK_SET,28202,19991,827,27375,20,20,PASS,,loss_1,6603.0,228.0,6375.0,710.0,32.0,678.0,,,,,,,risk_ratio,1.0273191289771355,0.1337600905644715,0.7904029989207003,1.3352487202142127,0.840307843061546,,,,,,,,,,,,
share,incident_diabetes,frailty_head_to_head,M4_fried4_withdrawal,PASS_BASELINE_FREE_RISK_SET,28202,19991,827,27375,20,20,PASS,,loss_2plus,6603.0,228.0,6375.0,710.0,32.0,678.0,,,,,,,risk_ratio,1.1796884041966205,0.2818278596611686,0.6790081725025947,2.0495552002956945,0.5576389691352939,,,,,,,,,,,,
share,incident_diabetes,frailty_head_to_head,M5_fi_withdrawal,PASS_BASELINE_FREE_RISK_SET,29316,20629,891,28425,20,20,PASS,,fi_per_0_1,6966.0,248.0,6718.0,757.0,36.0,721.0,,,,,,,risk_ratio,1.170245750348585,0.0359310777524155,1.0906677806674725,1.2556299365245982,1.2119558434127974e-05,,,,,,,,,,,,
share,incident_diabetes,frailty_head_to_head,M5_fi_withdrawal,PASS_BASELINE_FREE_RISK_SET,29316,20629,891,28425,20,20,PASS,,loss_1,6966.0,248.0,6718.0,757.0,36.0,721.0,,,,,,,risk_ratio,0.9884329298697284,0.1293957567657181,0.7670176147548573,1.2737643022228495,0.9283555619077152,,,,,,,,,,,,
share,incident_diabetes,frailty_head_to_head,M5_fi_withdrawal,PASS_BASELINE_FREE_RISK_SET,29316,20629,891,28425,20,20,PASS,,loss_2plus,6966.0,248.0,6718.0,757.0,36.0,721.0,,,,,,,risk_ratio,1.1629440695168998,0.2689759217859652,0.6864455731330098,1.9702055949634203,0.5746472814945612,,,,,,,,,,,,
share,incident_diabetes,frailty_head_to_head,nonfrail_withdrawal,PASS_BASELINE_FREE_RISK_SET,26166,18640,698,25468,19,19,NOT_EVALUABLE_LOSS_2PLUS_EVENTS,,,5483.0,151.0,5332.0,498.0,17.0,481.0,,,,,,,,,,,,,,,,,,,,,,,,
share,incident_diabetes,frailty_head_to_head,nonfrail_any_withdrawal,PASS_BASELINE_FREE_RISK_SET,26166,18640,698,25468,18,18,PASS,,any_withdrawal,,,,,,,,,,,,,risk_ratio,0.9739977511836608,0.142176442443359,0.7371182213071895,1.2870006355676225,0.8529882800769573,5981.0,168.0,5813.0,,,,,,,,,
share,incident_diabetes,frailty_head_to_head,four_state,PASS_BASELINE_FREE_RISK_SET,28199,19990,827,27372,20,20,PASS,,withdrawal_only,,,,,,,,,,,,,risk_ratio,0.9999159277117468,0.1329534489209929,0.7705366588688073,1.297578578492884,0.9994954414736597,,,,5981.0,168.0,5813.0,702.0,37.0,665.0,1331.0,92.0,1239.0
share,incident_diabetes,frailty_head_to_head,four_state,PASS_BASELINE_FREE_RISK_SET,28199,19990,827,27372,20,20,PASS,,frailty_only,,,,,,,,,,,,,risk_ratio,1.4866495815360825,0.1749108932645716,1.0551742653937348,2.094561107834361,0.0233895307032884,,,,5981.0,168.0,5813.0,702.0,37.0,665.0,1331.0,92.0,1239.0
share,incident_diabetes,frailty_head_to_head,four_state,PASS_BASELINE_FREE_RISK_SET,28199,19990,827,27372,20,20,PASS,,both,,,,,,,,,,,,,risk_ratio,1.5466404458604333,0.1939131932842223,1.0576212148643185,2.2617706936582582,0.0245209121401245,,,,5981.0,168.0,5813.0,702.0,37.0,665.0,1331.0,92.0,1239.0
share,incident_stroke,frailty_head_to_head,M0_routine,PASS_BASELINE_FREE_RISK_SET,31291,22245,667,30624,17,17,PASS,,__model__,,,,,,,,,,,,,,,,,,,,,,,,,,,,,,
share,incident_stroke,frailty_head_to_head,M1_withdrawal,PASS_BASELINE_FREE_RISK_SET,31291,22245,667,30624,19,19,PASS,,loss_1,7426.0,190.0,7236.0,792.0,25.0,767.0,,,,,,,risk_ratio,1.0964468166743302,0.1523448371345421,0.8134135646880868,1.4779635771826212,0.5455883583676774,,,,,,,,,,,,
share,incident_stroke,frailty_head_to_head,M1_withdrawal,PASS_BASELINE_FREE_RISK_SET,31291,22245,667,30624,19,19,PASS,,loss_2plus,7426.0,190.0,7236.0,792.0,25.0,767.0,,,,,,,risk_ratio,1.216955970796866,0.3177162491325637,0.6528814122429101,2.2683780041621566,0.5365670543312104,,,,,,,,,,,,
share,incident_stroke,frailty_head_to_head,M2_fried,PASS_BASELINE_FREE_RISK_SET,31291,22245,667,30624,19,19,PASS,,prefrail,,,,,,,13420.0,333.0,13087.0,2354.0,109.0,2245.0,risk_ratio,1.4157654934750057,0.0905657315543028,1.185500202720986,1.690756296720998,0.0001236001822768,,,,,,,,,,,,
share,incident_stroke,frailty_head_to_head,M2_fried,PASS_BASELINE_FREE_RISK_SET,31291,22245,667,30624,19,19,PASS,,frail,,,,,,,13420.0,333.0,13087.0,2354.0,109.0,2245.0,risk_ratio,2.087484125041347,0.150592149716839,1.5539566924858133,2.804190099615289,1.0232978400732817e-06,,,,,,,,,,,,
share,incident_stroke,frailty_head_to_head,M3_fried_withdrawal,PASS_BASELINE_FREE_RISK_SET,31291,22245,667,30624,21,21,PASS,,prefrail,7426.0,190.0,7236.0,792.0,25.0,767.0,13420.0,333.0,13087.0,2354.0,109.0,2245.0,risk_ratio,1.4153571024523253,0.0905108305909377,1.1852857684340996,1.690086712260748,0.0001240332251265,,,,,,,,,,,,
share,incident_stroke,frailty_head_to_head,M3_fried_withdrawal,PASS_BASELINE_FREE_RISK_SET,31291,22245,667,30624,21,21,PASS,,frail,7426.0,190.0,7236.0,792.0,25.0,767.0,13420.0,333.0,13087.0,2354.0,109.0,2245.0,risk_ratio,2.0880101557827078,0.1504628332706974,1.5547422863833682,2.8041859083883507,9.932083872025092e-07,,,,,,,,,,,,
share,incident_stroke,frailty_head_to_head,M3_fried_withdrawal,PASS_BASELINE_FREE_RISK_SET,31291,22245,667,30624,21,21,PASS,,loss_1,7426.0,190.0,7236.0,792.0,25.0,767.0,13420.0,333.0,13087.0,2354.0,109.0,2245.0,risk_ratio,1.0990316277095566,0.1516022359857594,0.8165186961834816,1.4792931556272586,0.5333657535123772,,,,,,,,,,,,
share,incident_stroke,frailty_head_to_head,M3_fried_withdrawal,PASS_BASELINE_FREE_RISK_SET,31291,22245,667,30624,21,21,PASS,,loss_2plus,7426.0,190.0,7236.0,792.0,25.0,767.0,13420.0,333.0,13087.0,2354.0,109.0,2245.0,risk_ratio,1.217337808091053,0.3168581702149238,0.654185550174336,2.2652767836480194,0.5348126401785734,,,,,,,,,,,,
share,incident_stroke,frailty_head_to_head,M1b_any_withdrawal,PASS_BASELINE_FREE_RISK_SET,31291,22245,667,30624,18,18,PASS,,any_withdrawal,,,,,,,,,,,,,risk_ratio,1.0755557783471157,0.1477961173021396,0.8050607521725165,1.436935323469817,0.6221366768434335,8218.0,215.0,8003.0,,,,,,,,,
share,incident_stroke,frailty_head_to_head,M3b_fried_any_withdrawal,PASS_BASELINE_FREE_RISK_SET,31291,22245,667,30624,20,20,PASS,,prefrail,,,,,,,13420.0,333.0,13087.0,2354.0,109.0,2245.0,risk_ratio,1.416175016707787,0.0905419908563969,1.1858982992403104,1.691166670221268,0.0001215027255934,8218.0,215.0,8003.0,,,,,,,,,
share,incident_stroke,frailty_head_to_head,M3b_fried_any_withdrawal,PASS_BASELINE_FREE_RISK_SET,31291,22245,667,30624,20,20,PASS,,frail,,,,,,,13420.0,333.0,13087.0,2354.0,109.0,2245.0,risk_ratio,2.087542189930286,0.1505381218130758,1.5541644829520256,2.8039711642757017,1.013272342172373e-06,8218.0,215.0,8003.0,,,,,,,,,
share,incident_stroke,frailty_head_to_head,M3b_fried_any_withdrawal,PASS_BASELINE_FREE_RISK_SET,31291,22245,667,30624,20,20,PASS,,any_withdrawal,,,,,,,13420.0,333.0,13087.0,2354.0,109.0,2245.0,risk_ratio,1.0785665451724409,0.1470327368474827,0.8085231377708185,1.438803341574823,0.6069759404788679,8218.0,215.0,8003.0,,,,,,,,,
share,incident_stroke,frailty_head_to_head,M4_fried4_withdrawal,PASS_BASELINE_FREE_RISK_SET,31293,22245,668,30625,20,20,PASS,,fried4,7427.0,190.0,7237.0,792.0,25.0,767.0,,,,,,,risk_ratio,1.3124479966566218,0.0451508654267345,1.2012948575476223,1.4338858883025685,1.7237911345227274e-09,,,,,,,,,,,,
share,incident_stroke,frailty_head_to_head,M4_fried4_withdrawal,PASS_BASELINE_FREE_RISK_SET,31293,22245,668,30625,20,20,PASS,,loss_1,7427.0,190.0,7237.0,792.0,25.0,767.0,,,,,,,risk_ratio,1.0970014483516883,0.1512831985712221,0.8155201739513629,1.4756375331034703,0.5405588197903868,,,,,,,,,,,,
share,incident_stroke,frailty_head_to_head,M4_fried4_withdrawal,PASS_BASELINE_FREE_RISK_SET,31293,22245,668,30625,20,20,PASS,,loss_2plus,7427.0,190.0,7237.0,792.0,25.0,767.0,,,,,,,risk_ratio,1.2254222977156508,0.3161017370665221,0.6595071253707465,2.276942507474104,0.5201582080961558,,,,,,,,,,,,
share,incident_stroke,frailty_head_to_head,M5_fi_withdrawal,PASS_BASELINE_FREE_RISK_SET,32541,22964,712,31829,20,20,PASS,,fi_per_0_1,7853.0,208.0,7645.0,842.0,26.0,816.0,,,,,,,risk_ratio,1.3459631054819523,0.0362144826264806,1.2537395668340363,1.4449704940662802,2.3218677706436717e-16,,,,,,,,,,,,
share,incident_stroke,frailty_head_to_head,M5_fi_withdrawal,PASS_BASELINE_FREE_RISK_SET,32541,22964,712,31829,20,20,PASS,,loss_1,7853.0,208.0,7645.0,842.0,26.0,816.0,,,,,,,risk_ratio,1.0582874003438725,0.1468084145908562,0.793670204382352,1.4111304866209176,0.6995779231679307,,,,,,,,,,,,
share,incident_stroke,frailty_head_to_head,M5_fi_withdrawal,PASS_BASELINE_FREE_RISK_SET,32541,22964,712,31829,20,20,PASS,,loss_2plus,7853.0,208.0,7645.0,842.0,26.0,816.0,,,,,,,risk_ratio,1.126329702828866,0.3066794721838083,0.6174751683332713,2.0545256951771824,0.6980820060084161,,,,,,,,,,,,
share,incident_stroke,frailty_head_to_head,nonfrail_withdrawal,PASS_BASELINE_FREE_RISK_SET,28937,20665,558,28379,19,19,NOT_EVALUABLE_LOSS_2PLUS_EVENTS,,,6110.0,127.0,5983.0,564.0,12.0,552.0,,,,,,,,,,,,,,,,,,,,,,,,
share,incident_stroke,frailty_head_to_head,nonfrail_any_withdrawal,PASS_BASELINE_FREE_RISK_SET,28937,20665,558,28379,18,18,PASS,,any_withdrawal,,,,,,,,,,,,,risk_ratio,1.1090666121221775,0.1617639855036757,0.8077256550182145,1.522829864920444,0.5222135098003633,6674.0,139.0,6535.0,,,,,,,,,
share,incident_stroke,frailty_head_to_head,four_state,PASS_BASELINE_FREE_RISK_SET,31291,22245,667,30624,20,20,PASS,,withdrawal_only,,,,,,,,,,,,,risk_ratio,1.0589921346348874,0.1520087234245544,0.7861450325280072,1.4265361921988644,0.7061230023290879,,,,6674.0,139.0,6535.0,810.0,33.0,777.0,1544.0,76.0,1468.0
share,incident_stroke,frailty_head_to_head,four_state,PASS_BASELINE_FREE_RISK_SET,31291,22245,667,30624,20,20,PASS,,frailty_only,,,,,,,,,,,,,risk_ratio,1.4571861931865002,0.1830133236048349,1.0179672923177905,2.085913386056496,0.0396605288165019,,,,6674.0,139.0,6535.0,810.0,33.0,777.0,1544.0,76.0,1468.0
share,incident_stroke,frailty_head_to_head,four_state,PASS_BASELINE_FREE_RISK_SET,31291,22245,667,30624,20,20,PASS,,both,,,,,,,,,,,,,risk_ratio,1.72680617370726,0.2104927955110608,1.1430672982816583,2.60864742262862,0.0094532419089206,,,,6674.0,139.0,6535.0,810.0,33.0,777.0,1544.0,76.0,1468.0
share,incident_heart_disease,frailty_head_to_head,M0_routine,PASS_BASELINE_FREE_RISK_SET,26644,18995,1340,25304,17,17,PASS,,__model__,,,,,,,,,,,,,,,,,,,,,,,,,,,,,,
share,incident_heart_disease,frailty_head_to_head,M1_withdrawal,PASS_BASELINE_FREE_RISK_SET,26644,18995,1340,25304,19,19,PASS,,loss_1,6223.0,348.0,5875.0,651.0,39.0,612.0,,,,,,,risk_ratio,0.9566953398298438,0.108227718402953,0.7738380093076392,1.1827617178833565,0.6825047368143459,,,,,,,,,,,,
share,incident_heart_disease,frailty_head_to_head,M1_withdrawal,PASS_BASELINE_FREE_RISK_SET,26644,18995,1340,25304,19,19,PASS,,loss_2plus,6223.0,348.0,5875.0,651.0,39.0,612.0,,,,,,,risk_ratio,0.911313091756686,0.2318851216307656,0.5784777188311646,1.4356500244904304,0.6887921884666282,,,,,,,,,,,,
share,incident_heart_disease,frailty_head_to_head,M2_fried,PASS_BASELINE_FREE_RISK_SET,26644,18995,1340,25304,19,19,PASS,,prefrail,,,,,,,11161.0,646.0,10515.0,1661.0,195.0,1466.0,risk_ratio,1.365091323564885,0.0613486003750882,1.2104355855331124,1.539507218677315,3.915965129298213e-07,,,,,,,,,,,,
share,incident_heart_disease,frailty_head_to_head,M2_fried,PASS_BASELINE_FREE_RISK_SET,26644,18995,1340,25304,19,19,PASS,,frail,,,,,,,11161.0,646.0,10515.0,1661.0,195.0,1466.0,risk_ratio,2.2401179966021814,0.1075639874552157,1.8143132112262228,2.7658557561345294,6.473569176629058e-14,,,,,,,,,,,,
share,incident_heart_disease,frailty_head_to_head,M3_fried_withdrawal,PASS_BASELINE_FREE_RISK_SET,26644,18995,1340,25304,21,21,PASS,,prefrail,6223.0,348.0,5875.0,651.0,39.0,612.0,11161.0,646.0,10515.0,1661.0,195.0,1466.0,risk_ratio,1.365294420893945,0.061358754346519,1.2105915805608305,1.5397669087212589,3.883464737086792e-07,,,,,,,,,,,,
share,incident_heart_disease,frailty_head_to_head,M3_fried_withdrawal,PASS_BASELINE_FREE_RISK_SET,26644,18995,1340,25304,21,21,PASS,,frail,6223.0,348.0,5875.0,651.0,39.0,612.0,11161.0,646.0,10515.0,1661.0,195.0,1466.0,risk_ratio,2.239474635362978,0.1075988753844253,1.8136681197916928,2.7652504819956625,6.730294311489356e-14,,,,,,,,,,,,
share,incident_heart_disease,frailty_head_to_head,M3_fried_withdrawal,PASS_BASELINE_FREE_RISK_SET,26644,18995,1340,25304,21,21,PASS,,loss_1,6223.0,348.0,5875.0,651.0,39.0,612.0,11161.0,646.0,10515.0,1661.0,195.0,1466.0,risk_ratio,0.9632824201681692,0.1078021612745705,0.7798162277311815,1.1899124280918605,0.7285823357368553,,,,,,,,,,,,
share,incident_heart_disease,frailty_head_to_head,M3_fried_withdrawal,PASS_BASELINE_FREE_RISK_SET,26644,18995,1340,25304,21,21,PASS,,loss_2plus,6223.0,348.0,5875.0,651.0,39.0,612.0,11161.0,646.0,10515.0,1661.0,195.0,1466.0,risk_ratio,0.9164065627794236,0.2310261695032346,0.5826910650464369,1.4412456937850429,0.7055358252740297,,,,,,,,,,,,
share,incident_heart_disease,frailty_head_to_head,M1b_any_withdrawal,PASS_BASELINE_FREE_RISK_SET,26644,18995,1340,25304,18,18,PASS,,any_withdrawal,,,,,,,,,,,,,risk_ratio,0.9631999982139746,0.1049126773235246,0.7841779750848188,1.1830914231671097,0.7208036823601847,6874.0,387.0,6487.0,,,,,,,,,
share,incident_heart_disease,frailty_head_to_head,M3b_fried_any_withdrawal,PASS_BASELINE_FREE_RISK_SET,26644,18995,1340,25304,20,20,PASS,,prefrail,,,,,,,11161.0,646.0,10515.0,1661.0,195.0,1466.0,risk_ratio,1.3650062598165955,0.0613513829374393,1.2103535579900762,1.5394196819916055,3.941693334607128e-07,6874.0,387.0,6487.0,,,,,,,,,
share,incident_heart_disease,frailty_head_to_head,M3b_fried_any_withdrawal,PASS_BASELINE_FREE_RISK_SET,26644,18995,1340,25304,20,20,PASS,,frail,,,,,,,11161.0,646.0,10515.0,1661.0,195.0,1466.0,risk_ratio,2.239455921639032,0.1075604702148158,1.8137894880181296,2.7650192362973915,6.598321301088554e-14,6874.0,387.0,6487.0,,,,,,,,,
share,incident_heart_disease,frailty_head_to_head,M3b_fried_any_withdrawal,PASS_BASELINE_FREE_RISK_SET,26644,18995,1340,25304,20,20,PASS,,any_withdrawal,,,,,,,11161.0,646.0,10515.0,1661.0,195.0,1466.0,risk_ratio,0.9699668012526036,0.1045340600746195,0.7902733138246228,1.1905192533693445,0.770509804337837,6874.0,387.0,6487.0,,,,,,,,,
share,incident_heart_disease,frailty_head_to_head,M4_fried4_withdrawal,PASS_BASELINE_FREE_RISK_SET,26645,18995,1340,25305,20,20,PASS,,fried4,6224.0,348.0,5876.0,651.0,39.0,612.0,,,,,,,risk_ratio,1.2744962328251122,0.0311717396939545,1.1989611840135603,1.3547900208477734,7.188632720214503e-15,,,,,,,,,,,,
share,incident_heart_disease,frailty_head_to_head,M4_fried4_withdrawal,PASS_BASELINE_FREE_RISK_SET,26645,18995,1340,25305,20,20,PASS,,loss_1,6224.0,348.0,5876.0,651.0,39.0,612.0,,,,,,,risk_ratio,0.96568677377236,0.1076925985437421,0.7819305425494878,1.1926263194660267,0.7457739150110124,,,,,,,,,,,,
share,incident_heart_disease,frailty_head_to_head,M4_fried4_withdrawal,PASS_BASELINE_FREE_RISK_SET,26645,18995,1340,25305,20,20,PASS,,loss_2plus,6224.0,348.0,5876.0,651.0,39.0,612.0,,,,,,,risk_ratio,0.9307474114234736,0.2307448535046083,0.5921359945874716,1.462992879659381,0.7557818490701562,,,,,,,,,,,,
share,incident_heart_disease,frailty_head_to_head,M5_fi_withdrawal,PASS_BASELINE_FREE_RISK_SET,27709,19596,1415,26294,20,20,PASS,,fi_per_0_1,6570.0,374.0,6196.0,693.0,45.0,648.0,,,,,,,risk_ratio,1.2126142961458086,0.026162834004767,1.1520009556913344,1.276416850136,1.7266927445923554e-13,,,,,,,,,,,,
share,incident_heart_disease,frailty_head_to_head,M5_fi_withdrawal,PASS_BASELINE_FREE_RISK_SET,27709,19596,1415,26294,20,20,PASS,,loss_1,6570.0,374.0,6196.0,693.0,45.0,648.0,,,,,,,risk_ratio,0.9443092411786124,0.1042794914640499,0.769752974392809,1.1584494930711071,0.5826623650540088,,,,,,,,,,,,
share,incident_heart_disease,frailty_head_to_head,M5_fi_withdrawal,PASS_BASELINE_FREE_RISK_SET,27709,19596,1415,26294,20,20,PASS,,loss_2plus,6570.0,374.0,6196.0,693.0,45.0,648.0,,,,,,,risk_ratio,0.9587176169510596,0.2183382023418636,0.624943698169274,1.4707556404598836,0.8468892743052099,,,,,,,,,,,,
share,incident_heart_disease,frailty_head_to_head,nonfrail_withdrawal,PASS_BASELINE_FREE_RISK_SET,24983,17893,1145,23838,19,19,NOT_EVALUABLE_LOSS_2PLUS_EVENTS,,,5308.0,245.0,5063.0,477.0,18.0,459.0,,,,,,,,,,,,,,,,,,,,,,,,
share,incident_heart_disease,frailty_head_to_head,nonfrail_any_withdrawal,PASS_BASELINE_FREE_RISK_SET,24983,17893,1145,23838,18,18,PASS,,any_withdrawal,,,,,,,,,,,,,risk_ratio,1.0057438639506482,0.1121875856675258,0.8072222898299024,1.2530881922097656,0.9592838697639112,5785.0,263.0,5522.0,,,,,,,,,
share,incident_heart_disease,frailty_head_to_head,four_state,PASS_BASELINE_FREE_RISK_SET,26644,18995,1340,25304,20,20,PASS,,withdrawal_only,,,,,,,,,,,,,risk_ratio,0.9891516360135492,0.1061821072858229,0.8033050553187171,1.2179942757114672,0.9181806366369496,,,,5785.0,263.0,5522.0,572.0,71.0,501.0,1089.0,124.0,965.0
share,incident_heart_disease,frailty_head_to_head,four_state,PASS_BASELINE_FREE_RISK_SET,26644,18995,1340,25304,20,20,PASS,,frailty_only,,,,,,,,,,,,,risk_ratio,1.8823482687151645,0.1227026008289751,1.479978259381706,2.394112874479144,2.537614655142371e-07,,,,5785.0,263.0,5522.0,572.0,71.0,501.0,1089.0,124.0,965.0
share,incident_heart_disease,frailty_head_to_head,four_state,PASS_BASELINE_FREE_RISK_SET,26644,18995,1340,25304,20,20,PASS,,both,,,,,,,,,,,,,risk_ratio,1.5619545023686292,0.1555053804758452,1.1516008041597483,2.11853088210522,0.0041350819426124,,,,5785.0,263.0,5522.0,572.0,71.0,501.0,1089.0,124.0,965.0
share,incident_hypertension,frailty_head_to_head,M0_routine,PASS_BASELINE_FREE_RISK_SET,15238,11095,1750,13488,17,17,PASS,,__model__,,,,,,,,,,,,,,,,,,,,,,,,,,,,,,
share,incident_hypertension,frailty_head_to_head,M1_withdrawal,PASS_BASELINE_FREE_RISK_SET,15238,11095,1750,13488,19,19,PASS,,loss_1,3485.0,419.0,3066.0,343.0,43.0,300.0,,,,,,,risk_ratio,0.9317618852739448,0.0886154039822106,0.7832048579247527,1.1084969686598485,0.4251135343152442,,,,,,,,,,,,
share,incident_hypertension,frailty_head_to_head,M1_withdrawal,PASS_BASELINE_FREE_RISK_SET,15238,11095,1750,13488,19,19,PASS,,loss_2plus,3485.0,419.0,3066.0,343.0,43.0,300.0,,,,,,,risk_ratio,0.8519465943982019,0.2052224287473441,0.5698056131303074,1.2737905401095269,0.4349380078368841,,,,,,,,,,,,
share,incident_hypertension,frailty_head_to_head,M2_fried,PASS_BASELINE_FREE_RISK_SET,15238,11095,1750,13488,19,19,PASS,,prefrail,,,,,,,6093.0,781.0,5312.0,767.0,147.0,620.0,risk_ratio,1.1336139818163518,0.0499456627301574,1.0279011894260277,1.2501986309473028,0.0120408925038421,,,,,,,,,,,,
share,incident_hypertension,frailty_head_to_head,M2_fried,PASS_BASELINE_FREE_RISK_SET,15238,11095,1750,13488,19,19,PASS,,frail,,,,,,,6093.0,781.0,5312.0,767.0,147.0,620.0,risk_ratio,1.3450224461126976,0.1051316874054308,1.0945642956037396,1.652790418811468,0.0048110066452735,,,,,,,,,,,,
share,incident_hypertension,frailty_head_to_head,M3_fried_withdrawal,PASS_BASELINE_FREE_RISK_SET,15238,11095,1750,13488,21,21,PASS,,prefrail,3485.0,419.0,3066.0,343.0,43.0,300.0,6093.0,781.0,5312.0,767.0,147.0,620.0,risk_ratio,1.1345637101663013,0.0499246268626143,1.028804769128027,1.2511944452953214,0.0114461166648706,,,,,,,,,,,,
share,incident_hypertension,frailty_head_to_head,M3_fried_withdrawal,PASS_BASELINE_FREE_RISK_SET,15238,11095,1750,13488,21,21,PASS,,frail,3485.0,419.0,3066.0,343.0,43.0,300.0,6093.0,781.0,5312.0,767.0,147.0,620.0,risk_ratio,1.3441861416526713,0.1051329250188196,1.0938810669367305,1.6517667578532114,0.0049009378758529,,,,,,,,,,,,
share,incident_hypertension,frailty_head_to_head,M3_fried_withdrawal,PASS_BASELINE_FREE_RISK_SET,15238,11095,1750,13488,21,21,PASS,,loss_1,3485.0,419.0,3066.0,343.0,43.0,300.0,6093.0,781.0,5312.0,767.0,147.0,620.0,risk_ratio,0.9311056289181824,0.0882441233087623,0.7832229743945346,1.106910446381275,0.4185604180860215,,,,,,,,,,,,
share,incident_hypertension,frailty_head_to_head,M3_fried_withdrawal,PASS_BASELINE_FREE_RISK_SET,15238,11095,1750,13488,21,21,PASS,,loss_2plus,3485.0,419.0,3066.0,343.0,43.0,300.0,6093.0,781.0,5312.0,767.0,147.0,620.0,risk_ratio,0.8484921057061481,0.2048644499467109,0.5678934636883038,1.2677357629190842,0.4225721326874935,,,,,,,,,,,,
share,incident_hypertension,frailty_head_to_head,M1b_any_withdrawal,PASS_BASELINE_FREE_RISK_SET,15238,11095,1750,13488,18,18,PASS,,any_withdrawal,,,,,,,,,,,,,risk_ratio,0.9414237561853775,0.0858994600365024,0.7955498538459111,1.1140454421877717,0.4822400804374888,3828.0,462.0,3366.0,,,,,,,,,
share,incident_hypertension,frailty_head_to_head,M3b_fried_any_withdrawal,PASS_BASELINE_FREE_RISK_SET,15238,11095,1750,13488,20,20,PASS,,prefrail,,,,,,,6093.0,781.0,5312.0,767.0,147.0,620.0,risk_ratio,1.134163671743237,0.0499261609985164,1.0284389281253756,1.250757044608182,0.0116811034932964,3828.0,462.0,3366.0,,,,,,,,,
share,incident_hypertension,frailty_head_to_head,M3b_fried_any_withdrawal,PASS_BASELINE_FREE_RISK_SET,15238,11095,1750,13488,20,20,PASS,,frail,,,,,,,6093.0,781.0,5312.0,767.0,147.0,620.0,risk_ratio,1.344142512816918,0.1051026764732007,1.0939104140779576,1.6516152250773093,0.004893307894051,3828.0,462.0,3366.0,,,,,,,,,
share,incident_hypertension,frailty_head_to_head,M3b_fried_any_withdrawal,PASS_BASELINE_FREE_RISK_SET,15238,11095,1750,13488,20,20,PASS,,any_withdrawal,,,,,,,6093.0,781.0,5312.0,767.0,147.0,620.0,risk_ratio,0.9411215782748316,0.0855339081224719,0.7958645061928072,1.1128902196323562,0.4780386292643778,3828.0,462.0,3366.0,,,,,,,,,
share,incident_hypertension,frailty_head_to_head,M4_fried4_withdrawal,PASS_BASELINE_FREE_RISK_SET,15240,11095,1750,13490,20,20,PASS,,fried4,3486.0,419.0,3067.0,343.0,43.0,300.0,,,,,,,risk_ratio,1.0972516559228809,0.0288548163281766,1.03691935430958,1.161094342989814,0.0012981090077674,,,,,,,,,,,,
share,incident_hypertension,frailty_head_to_head,M4_fried4_withdrawal,PASS_BASELINE_FREE_RISK_SET,15240,11095,1750,13490,20,20,PASS,,loss_1,3486.0,419.0,3067.0,343.0,43.0,300.0,,,,,,,risk_ratio,0.9327073072508656,0.0883131605980848,0.7844641130128741,1.10896458686681,0.4302129065791532,,,,,,,,,,,,
share,incident_hypertension,frailty_head_to_head,M4_fried4_withdrawal,PASS_BASELINE_FREE_RISK_SET,15240,11095,1750,13490,20,20,PASS,,loss_2plus,3486.0,419.0,3067.0,343.0,43.0,300.0,,,,,,,risk_ratio,0.8550228766705414,0.2049630036039233,0.5721539621113102,1.2777402028857092,0.4447645592011644,,,,,,,,,,,,
share,incident_hypertension,frailty_head_to_head,M5_fi_withdrawal,PASS_BASELINE_FREE_RISK_SET,15765,11419,1839,13926,20,20,PASS,,fi_per_0_1,3639.0,450.0,3189.0,375.0,50.0,325.0,,,,,,,risk_ratio,1.100903358394323,0.0270966700015214,1.0439614676263431,1.1609510907328775,0.0003885985220139,,,,,,,,,,,,
share,incident_hypertension,frailty_head_to_head,M5_fi_withdrawal,PASS_BASELINE_FREE_RISK_SET,15765,11419,1839,13926,20,20,PASS,,loss_1,3639.0,450.0,3189.0,375.0,50.0,325.0,,,,,,,risk_ratio,0.9499593613526952,0.0860427384984371,0.8025374636319061,1.124461883857335,0.5507513812264201,,,,,,,,,,,,
share,incident_hypertension,frailty_head_to_head,M5_fi_withdrawal,PASS_BASELINE_FREE_RISK_SET,15765,11419,1839,13926,20,20,PASS,,loss_2plus,3639.0,450.0,3189.0,375.0,50.0,325.0,,,,,,,risk_ratio,0.8948270392519513,0.1949431216782355,0.6106652580298508,1.3112182487009474,0.5686524662078349,,,,,,,,,,,,
share,incident_hypertension,frailty_head_to_head,nonfrail_withdrawal,PASS_BASELINE_FREE_RISK_SET,14471,10555,1603,12868,19,19,PASS,,loss_1,3079.0,350.0,2729.0,258.0,27.0,231.0,,,,,,,risk_ratio,0.9672083729782484,0.0915773288328176,0.8082938675611006,1.157366243024867,0.7157995030824515,,,,,,,,,,,,
share,incident_hypertension,frailty_head_to_head,nonfrail_withdrawal,PASS_BASELINE_FREE_RISK_SET,14471,10555,1603,12868,19,19,PASS,,loss_2plus,3079.0,350.0,2729.0,258.0,27.0,231.0,,,,,,,risk_ratio,0.8152170182245112,0.2380090824043377,0.511304410611865,1.2997712771684844,0.3906857174114336,,,,,,,,,,,,
share,incident_hypertension,frailty_head_to_head,nonfrail_any_withdrawal,PASS_BASELINE_FREE_RISK_SET,14471,10555,1603,12868,18,18,PASS,,any_withdrawal,,,,,,,,,,,,,risk_ratio,0.9803491666373824,0.0894820133612501,0.8226470717083382,1.168282878015706,0.8244750802957679,3337.0,377.0,2960.0,,,,,,,,,
share,incident_hypertension,frailty_head_to_head,four_state,PASS_BASELINE_FREE_RISK_SET,15238,11095,1750,13488,20,20,PASS,,withdrawal_only,,,,,,,,,,,,,risk_ratio,0.9682053932725916,0.0864885008140365,0.817237623353305,1.1470613402692929,0.7087111639517407,,,,3337.0,377.0,2960.0,276.0,62.0,214.0,491.0,85.0,406.0
share,incident_hypertension,frailty_head_to_head,four_state,PASS_BASELINE_FREE_RISK_SET,15238,11095,1750,13488,20,20,PASS,,frailty_only,,,,,,,,,,,,,risk_ratio,1.4528536985641136,0.1202583024042519,1.1477778270743644,1.8390178130655483,0.0018959724065832,,,,3337.0,377.0,2960.0,276.0,62.0,214.0,491.0,85.0,406.0
share,incident_hypertension,frailty_head_to_head,four_state,PASS_BASELINE_FREE_RISK_SET,15238,11095,1750,13488,20,20,PASS,,both,,,,,,,,,,,,,risk_ratio,0.9846191782059028,0.1439577764579833,0.7425594153524001,1.3055856623012168,0.9142552641096076,,,,3337.0,377.0,2960.0,276.0,62.0,214.0,491.0,85.0,406.0
share,incident_cancer,frailty_head_to_head,M0_routine,PASS_BASELINE_FREE_RISK_SET,29906,21430,816,29090,17,17,PASS,,__model__,,,,,,,,,,,,,,,,,,,,,,,,,,,,,,
share,incident_cancer,frailty_head_to_head,M1_withdrawal,PASS_BASELINE_FREE_RISK_SET,29906,21430,816,29090,19,19,PASS,,loss_1,7183.0,205.0,6978.0,779.0,32.0,747.0,,,,,,,risk_ratio,0.9419988160357868,0.1392041347273834,0.7170667461621681,1.2374883846756195,0.6677523477843874,,,,,,,,,,,,
share,incident_cancer,frailty_head_to_head,M1_withdrawal,PASS_BASELINE_FREE_RISK_SET,29906,21430,816,29090,19,19,PASS,,loss_2plus,7183.0,205.0,6978.0,779.0,32.0,747.0,,,,,,,risk_ratio,1.1754209998442529,0.2865935797383349,0.6702619228757366,2.061305408708124,0.5727835729827582,,,,,,,,,,,,
share,incident_cancer,frailty_head_to_head,M2_fried,PASS_BASELINE_FREE_RISK_SET,29906,21430,816,29090,19,19,PASS,,prefrail,,,,,,,12795.0,391.0,12404.0,2441.0,91.0,2350.0,risk_ratio,1.297934628728216,0.0800899322732186,1.1093795234601551,1.5185374029596983,0.0011298662392037,,,,,,,,,,,,
share,incident_cancer,frailty_head_to_head,M2_fried,PASS_BASELINE_FREE_RISK_SET,29906,21430,816,29090,19,19,PASS,,frail,,,,,,,12795.0,391.0,12404.0,2441.0,91.0,2350.0,risk_ratio,1.447318434038353,0.1490752826191778,1.080614978387448,1.9384616088082551,0.013136807848067,,,,,,,,,,,,
share,incident_cancer,frailty_head_to_head,M3_fried_withdrawal,PASS_BASELINE_FREE_RISK_SET,29906,21430,816,29090,21,21,PASS,,prefrail,7183.0,205.0,6978.0,779.0,32.0,747.0,12795.0,391.0,12404.0,2441.0,91.0,2350.0,risk_ratio,1.296369970554074,0.0800891489479078,1.1080438693385457,1.5167044799025884,0.0011911589738699,,,,,,,,,,,,
share,incident_cancer,frailty_head_to_head,M3_fried_withdrawal,PASS_BASELINE_FREE_RISK_SET,29906,21430,816,29090,21,21,PASS,,frail,7183.0,205.0,6978.0,779.0,32.0,747.0,12795.0,391.0,12404.0,2441.0,91.0,2350.0,risk_ratio,1.4494527719076895,0.148923658614813,1.0825302003200243,1.94074339669212,0.0126862040204071,,,,,,,,,,,,
share,incident_cancer,frailty_head_to_head,M3_fried_withdrawal,PASS_BASELINE_FREE_RISK_SET,29906,21430,816,29090,21,21,PASS,,loss_1,7183.0,205.0,6978.0,779.0,32.0,747.0,12795.0,391.0,12404.0,2441.0,91.0,2350.0,risk_ratio,0.9435457378276828,0.138873945278883,0.7187092603557524,1.2387186425455394,0.675625315014124,,,,,,,,,,,,
share,incident_cancer,frailty_head_to_head,M3_fried_withdrawal,PASS_BASELINE_FREE_RISK_SET,29906,21430,816,29090,21,21,PASS,,loss_2plus,7183.0,205.0,6978.0,779.0,32.0,747.0,12795.0,391.0,12404.0,2441.0,91.0,2350.0,risk_ratio,1.1725097121492345,0.2860938529614189,0.6692569958178537,2.054187006897486,0.5780237193059883,,,,,,,,,,,,
share,incident_cancer,frailty_head_to_head,M1b_any_withdrawal,PASS_BASELINE_FREE_RISK_SET,29906,21430,816,29090,18,18,PASS,,any_withdrawal,,,,,,,,,,,,,risk_ratio,0.90952448866487,0.1360433516486666,0.6966491089040667,1.1874482934205672,0.4857515503455031,7962.0,237.0,7725.0,,,,,,,,,
share,incident_cancer,frailty_head_to_head,M3b_fried_any_withdrawal,PASS_BASELINE_FREE_RISK_SET,29906,21430,816,29090,20,20,PASS,,prefrail,,,,,,,12795.0,391.0,12404.0,2441.0,91.0,2350.0,risk_ratio,1.297571786513186,0.0801196607081022,1.1090047726030736,1.5182013484063115,0.0011487045671905,7962.0,237.0,7725.0,,,,,,,,,
share,incident_cancer,frailty_head_to_head,M3b_fried_any_withdrawal,PASS_BASELINE_FREE_RISK_SET,29906,21430,816,29090,20,20,PASS,,frail,,,,,,,12795.0,391.0,12404.0,2441.0,91.0,2350.0,risk_ratio,1.4471309346222836,0.1491095041836769,1.0804025169250149,1.9383404880443376,0.0131898850500668,7962.0,237.0,7725.0,,,,,,,,,
share,incident_cancer,frailty_head_to_head,M3b_fried_any_withdrawal,PASS_BASELINE_FREE_RISK_SET,29906,21430,816,29090,20,20,PASS,,any_withdrawal,,,,,,,12795.0,391.0,12404.0,2441.0,91.0,2350.0,risk_ratio,0.9116612814553556,0.1357204559664024,0.698727842322047,1.1894850065553146,0.4955865375223622,7962.0,237.0,7725.0,,,,,,,,,
share,incident_cancer,frailty_head_to_head,M4_fried4_withdrawal,PASS_BASELINE_FREE_RISK_SET,29908,21431,816,29092,20,20,PASS,,fried4,7184.0,205.0,6979.0,779.0,32.0,747.0,,,,,,,risk_ratio,1.1392718396657129,0.0421135330550372,1.049011521993764,1.2372984447190978,0.0019605891685911,,,,,,,,,,,,
share,incident_cancer,frailty_head_to_head,M4_fried4_withdrawal,PASS_BASELINE_FREE_RISK_SET,29908,21431,816,29092,20,20,PASS,,loss_1,7184.0,205.0,6979.0,779.0,32.0,747.0,,,,,,,risk_ratio,0.9450485414520032,0.1389837112555896,0.7196991117309542,1.2409585216140069,0.6842584090116479,,,,,,,,,,,,
share,incident_cancer,frailty_head_to_head,M4_fried4_withdrawal,PASS_BASELINE_FREE_RISK_SET,29908,21431,816,29092,20,20,PASS,,loss_2plus,7184.0,205.0,6979.0,779.0,32.0,747.0,,,,,,,risk_ratio,1.1899984843799736,0.2858625539253946,0.6795474094588951,2.083881673471808,0.5428450756570022,,,,,,,,,,,,
share,incident_cancer,frailty_head_to_head,M5_fi_withdrawal,PASS_BASELINE_FREE_RISK_SET,31153,22124,847,30306,20,20,PASS,,fi_per_0_1,7613.0,215.0,7398.0,831.0,32.0,799.0,,,,,,,risk_ratio,1.121948311340371,0.040854850723239,1.0356121505679514,1.2154820823888317,0.0048553555154045,,,,,,,,,,,,
share,incident_cancer,frailty_head_to_head,M5_fi_withdrawal,PASS_BASELINE_FREE_RISK_SET,31153,22124,847,30306,20,20,PASS,,loss_1,7613.0,215.0,7398.0,831.0,32.0,799.0,,,,,,,risk_ratio,0.9271221120466387,0.1368743822960599,0.7089722778319812,1.212396362343417,0.5803711725790537,,,,,,,,,,,,
share,incident_cancer,frailty_head_to_head,M5_fi_withdrawal,PASS_BASELINE_FREE_RISK_SET,31153,22124,847,30306,20,20,PASS,,loss_2plus,7613.0,215.0,7398.0,831.0,32.0,799.0,,,,,,,risk_ratio,1.0946325315836145,0.2829246354791949,0.6286985584342041,1.9058742272057416,0.7492822775840116,,,,,,,,,,,,
share,incident_cancer,frailty_head_to_head,nonfrail_withdrawal,PASS_BASELINE_FREE_RISK_SET,27465,19784,725,26740,19,19,PASS,,loss_1,5813.0,152.0,5661.0,548.0,21.0,527.0,,,,,,,risk_ratio,0.919671540009815,0.1464581646925529,0.6901878842417091,1.2254572426076096,0.5674856244632863,,,,,,,,,,,,
share,incident_cancer,frailty_head_to_head,nonfrail_withdrawal,PASS_BASELINE_FREE_RISK_SET,27465,19784,725,26740,19,19,PASS,,loss_2plus,5813.0,152.0,5661.0,548.0,21.0,527.0,,,,,,,risk_ratio,1.1891607524186931,0.3254683929427652,0.6283496373770134,2.2505038771026173,0.5945161414053803,,,,,,,,,,,,
share,incident_cancer,frailty_head_to_head,nonfrail_any_withdrawal,PASS_BASELINE_FREE_RISK_SET,27465,19784,725,26740,18,18,PASS,,any_withdrawal,,,,,,,,,,,,,risk_ratio,0.8932794389465845,0.1446745770548131,0.672728945519264,1.186136201451547,0.4353515930965016,6361.0,173.0,6188.0,,,,,,,,,
share,incident_cancer,frailty_head_to_head,four_state,PASS_BASELINE_FREE_RISK_SET,29906,21430,816,29090,20,20,PASS,,withdrawal_only,,,,,,,,,,,,,risk_ratio,0.90658594811081,0.1383717226494225,0.6912366542560402,1.1890256054152155,0.4784864411080748,,,,6361.0,173.0,6188.0,840.0,27.0,813.0,1601.0,64.0,1537.0
share,incident_cancer,frailty_head_to_head,four_state,PASS_BASELINE_FREE_RISK_SET,29906,21430,816,29090,20,20,PASS,,frailty_only,,,,,,,,,,,,,risk_ratio,1.1210548348381064,0.2015471763831591,0.7552132283120817,1.664118020711567,0.5707384194070674,,,,6361.0,173.0,6188.0,840.0,27.0,813.0,1601.0,64.0,1537.0
share,incident_cancer,frailty_head_to_head,four_state,PASS_BASELINE_FREE_RISK_SET,29906,21430,816,29090,20,20,PASS,,both,,,,,,,,,,,,,risk_ratio,1.049729921189119,0.2025625215023244,0.7057583831278788,1.5613458285199715,0.8106444486540556,,,,6361.0,173.0,6188.0,840.0,27.0,813.0,1601.0,64.0,1537.0
share,incident_arthritis,frailty_head_to_head,M0_routine,PASS_BASELINE_FREE_RISK_SET,19598,14716,2510,17088,17,17,PASS,,__model__,,,,,,,,,,,,,,,,,,,,,,,,,,,,,,
share,incident_arthritis,frailty_head_to_head,M1_withdrawal,PASS_BASELINE_FREE_RISK_SET,19598,14716,2510,17088,19,19,PASS,,loss_1,4460.0,609.0,3851.0,480.0,57.0,423.0,,,,,,,risk_ratio,1.1373982052018068,0.0712798075756901,0.9890973912215996,1.3079345761882144,0.0708919474569436,,,,,,,,,,,,
share,incident_arthritis,frailty_head_to_head,M1_withdrawal,PASS_BASELINE_FREE_RISK_SET,19598,14716,2510,17088,19,19,PASS,,loss_2plus,4460.0,609.0,3851.0,480.0,57.0,423.0,,,,,,,risk_ratio,1.0909839286413876,0.1724744091972717,0.7780506497703811,1.5297794981664274,0.613638657985088,,,,,,,,,,,,
share,incident_arthritis,frailty_head_to_head,M2_fried,PASS_BASELINE_FREE_RISK_SET,19598,14716,2510,17088,19,19,PASS,,prefrail,,,,,,,7481.0,1122.0,6359.0,923.0,212.0,711.0,risk_ratio,1.3106278682309405,0.0411404529369282,1.2090954342713458,1.4206863745364886,4.85909495271897e-11,,,,,,,,,,,,
share,incident_arthritis,frailty_head_to_head,M2_fried,PASS_BASELINE_FREE_RISK_SET,19598,14716,2510,17088,19,19,PASS,,frail,,,,,,,7481.0,1122.0,6359.0,923.0,212.0,711.0,risk_ratio,1.8579854242823224,0.0852338136229361,1.5721397515807392,2.195803415933328,3.6442332098566884e-13,,,,,,,,,,,,
share,incident_arthritis,frailty_head_to_head,M3_fried_withdrawal,PASS_BASELINE_FREE_RISK_SET,19598,14716,2510,17088,21,21,PASS,,prefrail,4460.0,609.0,3851.0,480.0,57.0,423.0,7481.0,1122.0,6359.0,923.0,212.0,711.0,risk_ratio,1.311639041817947,0.0411278014246807,1.210058278560052,1.4217472054886022,4.224990557275465e-11,,,,,,,,,,,,
share,incident_arthritis,frailty_head_to_head,M3_fried_withdrawal,PASS_BASELINE_FREE_RISK_SET,19598,14716,2510,17088,21,21,PASS,,frail,4460.0,609.0,3851.0,480.0,57.0,423.0,7481.0,1122.0,6359.0,923.0,212.0,711.0,risk_ratio,1.8598106275090565,0.0851109359730405,1.5740631976547774,2.197431192946443,3.095242810534385e-13,,,,,,,,,,,,
share,incident_arthritis,frailty_head_to_head,M3_fried_withdrawal,PASS_BASELINE_FREE_RISK_SET,19598,14716,2510,17088,21,21,PASS,,loss_1,4460.0,609.0,3851.0,480.0,57.0,423.0,7481.0,1122.0,6359.0,923.0,212.0,711.0,risk_ratio,1.1433053676149652,0.0707316608756991,0.9953030697544364,1.3133157159252942,0.0583043465678657,,,,,,,,,,,,
share,incident_arthritis,frailty_head_to_head,M3_fried_withdrawal,PASS_BASELINE_FREE_RISK_SET,19598,14716,2510,17088,21,21,PASS,,loss_2plus,4460.0,609.0,3851.0,480.0,57.0,423.0,7481.0,1122.0,6359.0,923.0,212.0,711.0,risk_ratio,1.0952866463485291,0.1724626959191558,0.7811371267102963,1.5357775179905495,0.5976772168649627,,,,,,,,,,,,
share,incident_arthritis,frailty_head_to_head,M1b_any_withdrawal,PASS_BASELINE_FREE_RISK_SET,19598,14716,2510,17088,18,18,PASS,,any_withdrawal,,,,,,,,,,,,,risk_ratio,1.1420055304906145,0.0697345893635368,0.996116231816116,1.3092614998285683,0.0568890911287603,4940.0,666.0,4274.0,,,,,,,,,
share,incident_arthritis,frailty_head_to_head,M3b_fried_any_withdrawal,PASS_BASELINE_FREE_RISK_SET,19598,14716,2510,17088,20,20,PASS,,prefrail,,,,,,,7481.0,1122.0,6359.0,923.0,212.0,711.0,risk_ratio,1.3115703683165252,0.0411256015946454,1.2100001405343044,1.4216666373991844,4.251282500101479e-11,4940.0,666.0,4274.0,,,,,,,,,
share,incident_arthritis,frailty_head_to_head,M3b_fried_any_withdrawal,PASS_BASELINE_FREE_RISK_SET,19598,14716,2510,17088,20,20,PASS,,frail,,,,,,,7481.0,1122.0,6359.0,923.0,212.0,711.0,risk_ratio,1.8598160826098624,0.0851056779747484,1.5740840362353623,2.197414992789563,3.084122741453393e-13,4940.0,666.0,4274.0,,,,,,,,,
share,incident_arthritis,frailty_head_to_head,M3b_fried_any_withdrawal,PASS_BASELINE_FREE_RISK_SET,19598,14716,2510,17088,20,20,PASS,,any_withdrawal,,,,,,,7481.0,1122.0,6359.0,923.0,212.0,711.0,risk_ratio,1.148061517266628,0.0692300874326774,1.0023892546468842,1.314903607873236,0.0461045785762523,4940.0,666.0,4274.0,,,,,,,,,
share,incident_arthritis,frailty_head_to_head,M4_fried4_withdrawal,PASS_BASELINE_FREE_RISK_SET,19600,14717,2511,17089,20,20,PASS,,fried4,4461.0,609.0,3852.0,480.0,57.0,423.0,,,,,,,risk_ratio,1.2150957658937045,0.0234060520379535,1.1606124899371948,1.272136680497644,8.532264997075868e-17,,,,,,,,,,,,
share,incident_arthritis,frailty_head_to_head,M4_fried4_withdrawal,PASS_BASELINE_FREE_RISK_SET,19600,14717,2511,17089,20,20,PASS,,loss_1,4461.0,609.0,3852.0,480.0,57.0,423.0,,,,,,,risk_ratio,1.1481830967674145,0.0706374118983532,0.9997340292321666,1.3186751527453078,0.050441811941955,,,,,,,,,,,,
share,incident_arthritis,frailty_head_to_head,M4_fried4_withdrawal,PASS_BASELINE_FREE_RISK_SET,19600,14717,2511,17089,20,20,PASS,,loss_2plus,4461.0,609.0,3852.0,480.0,57.0,423.0,,,,,,,risk_ratio,1.1096099275967624,0.1720837021446306,0.7919402582254614,1.5547058993820793,0.5455733038366811,,,,,,,,,,,,
share,incident_arthritis,frailty_head_to_head,M5_fi_withdrawal,PASS_BASELINE_FREE_RISK_SET,20264,15141,2614,17650,20,20,PASS,,fi_per_0_1,4677.0,649.0,4028.0,510.0,62.0,448.0,,,,,,,risk_ratio,1.268783916375441,0.0200652154174704,1.2198547521088043,1.319675661114624,1.8150413096429088e-32,,,,,,,,,,,,
share,incident_arthritis,frailty_head_to_head,M5_fi_withdrawal,PASS_BASELINE_FREE_RISK_SET,20264,15141,2614,17650,20,20,PASS,,loss_1,4677.0,649.0,4028.0,510.0,62.0,448.0,,,,,,,risk_ratio,1.1355820073963092,0.0691733457527041,0.9916034842984468,1.3004658776835352,0.0660524112300374,,,,,,,,,,,,
share,incident_arthritis,frailty_head_to_head,M5_fi_withdrawal,PASS_BASELINE_FREE_RISK_SET,20264,15141,2614,17650,20,20,PASS,,loss_2plus,4677.0,649.0,4028.0,510.0,62.0,448.0,,,,,,,risk_ratio,1.097495760386583,0.1661729862940281,0.7924213148991237,1.52002087957447,0.575585628405375,,,,,,,,,,,,
share,incident_arthritis,frailty_head_to_head,nonfrail_withdrawal,PASS_BASELINE_FREE_RISK_SET,18675,14002,2298,16377,19,19,PASS,,loss_1,3948.0,487.0,3461.0,367.0,46.0,321.0,,,,,,,risk_ratio,1.1172523968505557,0.0742723867518529,0.9658963497347944,1.2923259505132654,0.1354943588734979,,,,,,,,,,,,
share,incident_arthritis,frailty_head_to_head,nonfrail_withdrawal,PASS_BASELINE_FREE_RISK_SET,18675,14002,2298,16377,19,19,PASS,,loss_2plus,3948.0,487.0,3461.0,367.0,46.0,321.0,,,,,,,risk_ratio,1.3074692650642512,0.1853661777626506,0.909175056144446,1.880249427802228,0.1480956361743942,,,,,,,,,,,,
share,incident_arthritis,frailty_head_to_head,nonfrail_any_withdrawal,PASS_BASELINE_FREE_RISK_SET,18675,14002,2298,16377,18,18,PASS,,any_withdrawal,,,,,,,,,,,,,risk_ratio,1.104569442429214,0.0736282142822196,0.9561379912253454,1.276043483623939,0.1767655036335383,4315.0,533.0,3782.0,,,,,,,,,
share,incident_arthritis,frailty_head_to_head,four_state,PASS_BASELINE_FREE_RISK_SET,19598,14716,2510,17088,20,20,PASS,,withdrawal_only,,,,,,,,,,,,,risk_ratio,1.1616242385844135,0.0699598910758567,1.0127813566928423,1.3323417366933792,0.0322335949165684,,,,4315.0,533.0,3782.0,298.0,79.0,219.0,625.0,133.0,492.0
share,incident_arthritis,frailty_head_to_head,four_state,PASS_BASELINE_FREE_RISK_SET,19598,14716,2510,17088,20,20,PASS,,frailty_only,,,,,,,,,,,,,risk_ratio,1.682376728998555,0.1032818986301146,1.3740721615087794,2.059856489027481,4.734448537195795e-07,,,,4315.0,533.0,3782.0,298.0,79.0,219.0,625.0,133.0,492.0
share,incident_arthritis,frailty_head_to_head,four_state,PASS_BASELINE_FREE_RISK_SET,19598,14716,2510,17088,20,20,PASS,,both,,,,,,,,,,,,,risk_ratio,1.5492019135434076,0.1189039064902091,1.2271476952325224,1.9557764548233896,0.0002319027246809,,,,4315.0,533.0,3782.0,298.0,79.0,219.0,625.0,133.0,492.0
