cohort,outcome_id,analysis_family,n,people,events,nonevents,parameters,matrix_rank,model_id,model_status,prefrail_n,prefrail_events,prefrail_nonevents,frail_n,frail_events,frail_nonevents,loss_1_n,loss_1_events,loss_1_nonevents,loss_2plus_n,loss_2plus_events,loss_2plus_nonevents,any_withdrawal_n,any_withdrawal_events,any_withdrawal_nonevents,metric,estimate,ci_low,ci_high,bootstrap_replicates
charls,incident_diabetes,head_to_head_cv,818,818,19,799,18,18,M0_routine,NOT_EVALUABLE_CV_SUPPORT,,,,,,,,,,,,,,,,,,,,
charls,incident_diabetes,head_to_head_cv,818,818,19,799,18,18,M1_withdrawal,NOT_EVALUABLE_CV_SUPPORT,,,,,,,,,,,,,,,,,,,,
charls,incident_diabetes,head_to_head_cv,818,818,19,799,18,18,M2_fried,NOT_EVALUABLE_CV_SUPPORT,,,,,,,,,,,,,,,,,,,,
charls,incident_diabetes,head_to_head_cv,818,818,19,799,18,18,M3_fried_withdrawal,NOT_EVALUABLE_CV_SUPPORT,,,,,,,,,,,,,,,,,,,,
charls,incident_diabetes,head_to_head_cv_binary_flag,818,818,19,799,17,17,M0_routine,NOT_EVALUABLE_CV_SUPPORT,,,,,,,,,,,,,,,,,,,,
charls,incident_diabetes,head_to_head_cv_binary_flag,818,818,19,799,17,17,M1b_any_withdrawal,NOT_EVALUABLE_CV_SUPPORT,,,,,,,,,,,,,,,,,,,,
charls,incident_diabetes,head_to_head_cv_binary_flag,818,818,19,799,17,17,M2_fried,NOT_EVALUABLE_CV_SUPPORT,,,,,,,,,,,,,,,,,,,,
charls,incident_diabetes,head_to_head_cv_binary_flag,818,818,19,799,17,17,M3b_fried_any_withdrawal,NOT_EVALUABLE_CV_SUPPORT,,,,,,,,,,,,,,,,,,,,
charls,incident_stroke,head_to_head_cv,867,867,5,862,18,18,M0_routine,NOT_EVALUABLE_CV_SUPPORT,,,,,,,,,,,,,,,,,,,,
charls,incident_stroke,head_to_head_cv,867,867,5,862,18,18,M1_withdrawal,NOT_EVALUABLE_CV_SUPPORT,,,,,,,,,,,,,,,,,,,,
charls,incident_stroke,head_to_head_cv,867,867,5,862,18,18,M2_fried,NOT_EVALUABLE_CV_SUPPORT,,,,,,,,,,,,,,,,,,,,
charls,incident_stroke,head_to_head_cv,867,867,5,862,18,18,M3_fried_withdrawal,NOT_EVALUABLE_CV_SUPPORT,,,,,,,,,,,,,,,,,,,,
charls,incident_stroke,head_to_head_cv_binary_flag,867,867,5,862,17,17,M0_routine,NOT_EVALUABLE_CV_SUPPORT,,,,,,,,,,,,,,,,,,,,
charls,incident_stroke,head_to_head_cv_binary_flag,867,867,5,862,17,17,M1b_any_withdrawal,NOT_EVALUABLE_CV_SUPPORT,,,,,,,,,,,,,,,,,,,,
charls,incident_stroke,head_to_head_cv_binary_flag,867,867,5,862,17,17,M2_fried,NOT_EVALUABLE_CV_SUPPORT,,,,,,,,,,,,,,,,,,,,
charls,incident_stroke,head_to_head_cv_binary_flag,867,867,5,862,17,17,M3b_fried_any_withdrawal,NOT_EVALUABLE_CV_SUPPORT,,,,,,,,,,,,,,,,,,,,
charls,incident_heart_disease,head_to_head_cv,752,752,28,724,18,18,M0_routine,NOT_EVALUABLE_CV_SUPPORT,,,,,,,,,,,,,,,,,,,,
charls,incident_heart_disease,head_to_head_cv,752,752,28,724,18,18,M1_withdrawal,NOT_EVALUABLE_CV_SUPPORT,,,,,,,,,,,,,,,,,,,,
charls,incident_heart_disease,head_to_head_cv,752,752,28,724,18,18,M2_fried,NOT_EVALUABLE_CV_SUPPORT,,,,,,,,,,,,,,,,,,,,
charls,incident_heart_disease,head_to_head_cv,752,752,28,724,18,18,M3_fried_withdrawal,NOT_EVALUABLE_CV_SUPPORT,,,,,,,,,,,,,,,,,,,,
charls,incident_heart_disease,head_to_head_cv_binary_flag,752,752,28,724,17,17,M0_routine,NOT_EVALUABLE_CV_SUPPORT,,,,,,,,,,,,,,,,,,,,
charls,incident_heart_disease,head_to_head_cv_binary_flag,752,752,28,724,17,17,M1b_any_withdrawal,NOT_EVALUABLE_CV_SUPPORT,,,,,,,,,,,,,,,,,,,,
charls,incident_heart_disease,head_to_head_cv_binary_flag,752,752,28,724,17,17,M2_fried,NOT_EVALUABLE_CV_SUPPORT,,,,,,,,,,,,,,,,,,,,
charls,incident_heart_disease,head_to_head_cv_binary_flag,752,752,28,724,17,17,M3b_fried_any_withdrawal,NOT_EVALUABLE_CV_SUPPORT,,,,,,,,,,,,,,,,,,,,
charls,incident_hypertension,head_to_head_cv,569,569,35,534,18,18,M0_routine,NOT_EVALUABLE_CV_SUPPORT,,,,,,,,,,,,,,,,,,,,
charls,incident_hypertension,head_to_head_cv,569,569,35,534,18,18,M1_withdrawal,NOT_EVALUABLE_CV_SUPPORT,,,,,,,,,,,,,,,,,,,,
charls,incident_hypertension,head_to_head_cv,569,569,35,534,18,18,M2_fried,NOT_EVALUABLE_CV_SUPPORT,,,,,,,,,,,,,,,,,,,,
charls,incident_hypertension,head_to_head_cv,569,569,35,534,18,18,M3_fried_withdrawal,NOT_EVALUABLE_CV_SUPPORT,,,,,,,,,,,,,,,,,,,,
charls,incident_hypertension,head_to_head_cv_binary_flag,569,569,35,534,17,17,M0_routine,NOT_EVALUABLE_CV_SUPPORT,,,,,,,,,,,,,,,,,,,,
charls,incident_hypertension,head_to_head_cv_binary_flag,569,569,35,534,17,17,M1b_any_withdrawal,NOT_EVALUABLE_CV_SUPPORT,,,,,,,,,,,,,,,,,,,,
charls,incident_hypertension,head_to_head_cv_binary_flag,569,569,35,534,17,17,M2_fried,NOT_EVALUABLE_CV_SUPPORT,,,,,,,,,,,,,,,,,,,,
charls,incident_hypertension,head_to_head_cv_binary_flag,569,569,35,534,17,17,M3b_fried_any_withdrawal,NOT_EVALUABLE_CV_SUPPORT,,,,,,,,,,,,,,,,,,,,
charls,incident_cancer,head_to_head_cv,889,889,1,888,18,18,M0_routine,NOT_EVALUABLE_CV_SUPPORT,,,,,,,,,,,,,,,,,,,,
charls,incident_cancer,head_to_head_cv,889,889,1,888,18,18,M1_withdrawal,NOT_EVALUABLE_CV_SUPPORT,,,,,,,,,,,,,,,,,,,,
charls,incident_cancer,head_to_head_cv,889,889,1,888,18,18,M2_fried,NOT_EVALUABLE_CV_SUPPORT,,,,,,,,,,,,,,,,,,,,
charls,incident_cancer,head_to_head_cv,889,889,1,888,18,18,M3_fried_withdrawal,NOT_EVALUABLE_CV_SUPPORT,,,,,,,,,,,,,,,,,,,,
charls,incident_cancer,head_to_head_cv_binary_flag,889,889,1,888,17,17,M0_routine,NOT_EVALUABLE_CV_SUPPORT,,,,,,,,,,,,,,,,,,,,
charls,incident_cancer,head_to_head_cv_binary_flag,889,889,1,888,17,17,M1b_any_withdrawal,NOT_EVALUABLE_CV_SUPPORT,,,,,,,,,,,,,,,,,,,,
charls,incident_cancer,head_to_head_cv_binary_flag,889,889,1,888,17,17,M2_fried,NOT_EVALUABLE_CV_SUPPORT,,,,,,,,,,,,,,,,,,,,
charls,incident_cancer,head_to_head_cv_binary_flag,889,889,1,888,17,17,M3b_fried_any_withdrawal,NOT_EVALUABLE_CV_SUPPORT,,,,,,,,,,,,,,,,,,,,
charls,incident_arthritis,head_to_head_cv,536,536,16,520,18,18,M0_routine,NOT_EVALUABLE_CV_SUPPORT,,,,,,,,,,,,,,,,,,,,
charls,incident_arthritis,head_to_head_cv,536,536,16,520,18,18,M1_withdrawal,NOT_EVALUABLE_CV_SUPPORT,,,,,,,,,,,,,,,,,,,,
charls,incident_arthritis,head_to_head_cv,536,536,16,520,18,18,M2_fried,NOT_EVALUABLE_CV_SUPPORT,,,,,,,,,,,,,,,,,,,,
charls,incident_arthritis,head_to_head_cv,536,536,16,520,18,18,M3_fried_withdrawal,NOT_EVALUABLE_CV_SUPPORT,,,,,,,,,,,,,,,,,,,,
charls,incident_arthritis,head_to_head_cv_binary_flag,536,536,16,520,17,17,M0_routine,NOT_EVALUABLE_CV_SUPPORT,,,,,,,,,,,,,,,,,,,,
charls,incident_arthritis,head_to_head_cv_binary_flag,536,536,16,520,17,17,M1b_any_withdrawal,NOT_EVALUABLE_CV_SUPPORT,,,,,,,,,,,,,,,,,,,,
charls,incident_arthritis,head_to_head_cv_binary_flag,536,536,16,520,17,17,M2_fried,NOT_EVALUABLE_CV_SUPPORT,,,,,,,,,,,,,,,,,,,,
charls,incident_arthritis,head_to_head_cv_binary_flag,536,536,16,520,17,17,M3b_fried_any_withdrawal,NOT_EVALUABLE_CV_SUPPORT,,,,,,,,,,,,,,,,,,,,
elsa,incident_diabetes,head_to_head_cv,11572,6128,236,11336,21,21,M0_routine,NOT_EVALUABLE_CV_SUPPORT,4369.0,103.0,4266.0,497.0,23.0,474.0,2165.0,50.0,2115.0,152.0,9.0,143.0,,,,,,,,
elsa,incident_diabetes,head_to_head_cv,11572,6128,236,11336,21,21,M1_withdrawal,NOT_EVALUABLE_CV_SUPPORT,4369.0,103.0,4266.0,497.0,23.0,474.0,2165.0,50.0,2115.0,152.0,9.0,143.0,,,,,,,,
elsa,incident_diabetes,head_to_head_cv,11572,6128,236,11336,21,21,M2_fried,NOT_EVALUABLE_CV_SUPPORT,4369.0,103.0,4266.0,497.0,23.0,474.0,2165.0,50.0,2115.0,152.0,9.0,143.0,,,,,,,,
elsa,incident_diabetes,head_to_head_cv,11572,6128,236,11336,21,21,M3_fried_withdrawal,NOT_EVALUABLE_CV_SUPPORT,4369.0,103.0,4266.0,497.0,23.0,474.0,2165.0,50.0,2115.0,152.0,9.0,143.0,,,,,,,,
elsa,incident_diabetes,head_to_head_cv_binary_flag,11572,6128,236,11336,20,20,M0_routine,PASS,4369.0,103.0,4266.0,497.0,23.0,474.0,,,,,,,2317.0,59.0,2258.0,c_statistic,0.6208935385093837,0.5851206261940092,0.657355206706048,500.0
elsa,incident_diabetes,head_to_head_cv_binary_flag,11572,6128,236,11336,20,20,M0_routine,PASS,4369.0,103.0,4266.0,497.0,23.0,474.0,,,,,,,2317.0,59.0,2258.0,brier_score,0.0199172660744007,0.017501406795315,0.022184925780886,500.0
elsa,incident_diabetes,head_to_head_cv_binary_flag,11572,6128,236,11336,20,20,M1b_any_withdrawal,PASS,4369.0,103.0,4266.0,497.0,23.0,474.0,,,,,,,2317.0,59.0,2258.0,c_statistic,0.6211652841405213,0.5858078754358323,0.6568374714524527,500.0
elsa,incident_diabetes,head_to_head_cv_binary_flag,11572,6128,236,11336,20,20,M1b_any_withdrawal,PASS,4369.0,103.0,4266.0,497.0,23.0,474.0,,,,,,,2317.0,59.0,2258.0,brier_score,0.019920751795538,0.0175039620618949,0.0221895198497801,500.0
elsa,incident_diabetes,head_to_head_cv_binary_flag,11572,6128,236,11336,20,20,M2_fried,PASS,4369.0,103.0,4266.0,497.0,23.0,474.0,,,,,,,2317.0,59.0,2258.0,c_statistic,0.6200693306460294,0.5827173882750701,0.6548301337682435,500.0
elsa,incident_diabetes,head_to_head_cv_binary_flag,11572,6128,236,11336,20,20,M2_fried,PASS,4369.0,103.0,4266.0,497.0,23.0,474.0,,,,,,,2317.0,59.0,2258.0,brier_score,0.0199127330759949,0.0175003247962034,0.022185125500237,500.0
elsa,incident_diabetes,head_to_head_cv_binary_flag,11572,6128,236,11336,20,20,M3b_fried_any_withdrawal,PASS,4369.0,103.0,4266.0,497.0,23.0,474.0,,,,,,,2317.0,59.0,2258.0,c_statistic,0.6200932532325395,0.5832060671267401,0.6545950799748126,500.0
elsa,incident_diabetes,head_to_head_cv_binary_flag,11572,6128,236,11336,20,20,M3b_fried_any_withdrawal,PASS,4369.0,103.0,4266.0,497.0,23.0,474.0,,,,,,,2317.0,59.0,2258.0,brier_score,0.019915632142317,0.01750218801715,0.0221909635419774,500.0
elsa,incident_diabetes,head_to_head_cv_binary_flag,11572,6128,236,11336,20,20,M1b_any_withdrawal_minus_M0_routine,PASS,4369.0,103.0,4266.0,497.0,23.0,474.0,,,,,,,2317.0,59.0,2258.0,delta_c_statistic,0.0002717456311376,-0.0016890763162245,0.0020370108235476,500.0
elsa,incident_diabetes,head_to_head_cv_binary_flag,11572,6128,236,11336,20,20,M1b_any_withdrawal_minus_M0_routine,PASS,4369.0,103.0,4266.0,497.0,23.0,474.0,,,,,,,2317.0,59.0,2258.0,delta_brier_score,3.485721137317516e-06,-1.2963359237913238e-06,8.781139205904681e-06,500.0
elsa,incident_diabetes,head_to_head_cv_binary_flag,11572,6128,236,11336,20,20,M2_fried_minus_M0_routine,PASS,4369.0,103.0,4266.0,497.0,23.0,474.0,,,,,,,2317.0,59.0,2258.0,delta_c_statistic,-0.0008242078633542,-0.0105969821812526,0.0087852837194117,500.0
elsa,incident_diabetes,head_to_head_cv_binary_flag,11572,6128,236,11336,20,20,M2_fried_minus_M0_routine,PASS,4369.0,103.0,4266.0,497.0,23.0,474.0,,,,,,,2317.0,59.0,2258.0,delta_brier_score,-4.532998405765848e-06,-3.436261693409784e-05,2.5696695294642305e-05,500.0
elsa,incident_diabetes,head_to_head_cv_binary_flag,11572,6128,236,11336,20,20,M3b_fried_any_withdrawal_minus_M0_routine,PASS,4369.0,103.0,4266.0,497.0,23.0,474.0,,,,,,,2317.0,59.0,2258.0,delta_c_statistic,-0.0008002852768441,-0.0106119116421388,0.0092755394583505,500.0
elsa,incident_diabetes,head_to_head_cv_binary_flag,11572,6128,236,11336,20,20,M3b_fried_any_withdrawal_minus_M0_routine,PASS,4369.0,103.0,4266.0,497.0,23.0,474.0,,,,,,,2317.0,59.0,2258.0,delta_brier_score,-1.6339320836264435e-06,-3.224813634464642e-05,2.9243103065217095e-05,500.0
elsa,incident_diabetes,head_to_head_cv_binary_flag,11572,6128,236,11336,20,20,M3b_fried_any_withdrawal_minus_M2_fried,PASS,4369.0,103.0,4266.0,497.0,23.0,474.0,,,,,,,2317.0,59.0,2258.0,delta_c_statistic,2.392258651007229e-05,-0.0018696083279925,0.0016896534341189,500.0
elsa,incident_diabetes,head_to_head_cv_binary_flag,11572,6128,236,11336,20,20,M3b_fried_any_withdrawal_minus_M2_fried,PASS,4369.0,103.0,4266.0,497.0,23.0,474.0,,,,,,,2317.0,59.0,2258.0,delta_brier_score,2.899066322139404e-06,-1.7137618948614986e-06,8.180853696585896e-06,500.0
elsa,incident_stroke,head_to_head_cv,12298,6474,117,12181,21,21,M0_routine,NOT_EVALUABLE_CV_SUPPORT,,,,,,,,,,,,,,,,,,,,
elsa,incident_stroke,head_to_head_cv,12298,6474,117,12181,21,21,M1_withdrawal,NOT_EVALUABLE_CV_SUPPORT,,,,,,,,,,,,,,,,,,,,
elsa,incident_stroke,head_to_head_cv,12298,6474,117,12181,21,21,M2_fried,NOT_EVALUABLE_CV_SUPPORT,,,,,,,,,,,,,,,,,,,,
elsa,incident_stroke,head_to_head_cv,12298,6474,117,12181,21,21,M3_fried_withdrawal,NOT_EVALUABLE_CV_SUPPORT,,,,,,,,,,,,,,,,,,,,
elsa,incident_stroke,head_to_head_cv_binary_flag,12298,6474,117,12181,20,20,M0_routine,NOT_EVALUABLE_CV_SUPPORT,,,,,,,,,,,,,,,,,,,,
elsa,incident_stroke,head_to_head_cv_binary_flag,12298,6474,117,12181,20,20,M1b_any_withdrawal,NOT_EVALUABLE_CV_SUPPORT,,,,,,,,,,,,,,,,,,,,
elsa,incident_stroke,head_to_head_cv_binary_flag,12298,6474,117,12181,20,20,M2_fried,NOT_EVALUABLE_CV_SUPPORT,,,,,,,,,,,,,,,,,,,,
elsa,incident_stroke,head_to_head_cv_binary_flag,12298,6474,117,12181,20,20,M3b_fried_any_withdrawal,NOT_EVALUABLE_CV_SUPPORT,,,,,,,,,,,,,,,,,,,,
elsa,incident_heart_disease,head_to_head_cv,10502,5640,390,10112,21,21,M0_routine,NOT_EVALUABLE_CV_SUPPORT,3894.0,163.0,3731.0,418.0,36.0,382.0,1990.0,88.0,1902.0,136.0,3.0,133.0,,,,,,,,
elsa,incident_heart_disease,head_to_head_cv,10502,5640,390,10112,21,21,M1_withdrawal,NOT_EVALUABLE_CV_SUPPORT,3894.0,163.0,3731.0,418.0,36.0,382.0,1990.0,88.0,1902.0,136.0,3.0,133.0,,,,,,,,
elsa,incident_heart_disease,head_to_head_cv,10502,5640,390,10112,21,21,M2_fried,NOT_EVALUABLE_CV_SUPPORT,3894.0,163.0,3731.0,418.0,36.0,382.0,1990.0,88.0,1902.0,136.0,3.0,133.0,,,,,,,,
elsa,incident_heart_disease,head_to_head_cv,10502,5640,390,10112,21,21,M3_fried_withdrawal,NOT_EVALUABLE_CV_SUPPORT,3894.0,163.0,3731.0,418.0,36.0,382.0,1990.0,88.0,1902.0,136.0,3.0,133.0,,,,,,,,
elsa,incident_heart_disease,head_to_head_cv_binary_flag,10502,5640,390,10112,20,20,M0_routine,PASS,3894.0,163.0,3731.0,418.0,36.0,382.0,,,,,,,2126.0,91.0,2035.0,c_statistic,0.6429053574326518,0.614714506454262,0.6718324329452605,500.0
elsa,incident_heart_disease,head_to_head_cv_binary_flag,10502,5640,390,10112,20,20,M0_routine,PASS,3894.0,163.0,3731.0,418.0,36.0,382.0,,,,,,,2126.0,91.0,2035.0,brier_score,0.0354586164368851,0.0320687074713875,0.0384838247181254,500.0
elsa,incident_heart_disease,head_to_head_cv_binary_flag,10502,5640,390,10112,20,20,M1b_any_withdrawal,PASS,3894.0,163.0,3731.0,418.0,36.0,382.0,,,,,,,2126.0,91.0,2035.0,c_statistic,0.6426132444823109,0.6147237621395946,0.6710182868009993,500.0
elsa,incident_heart_disease,head_to_head_cv_binary_flag,10502,5640,390,10112,20,20,M1b_any_withdrawal,PASS,3894.0,163.0,3731.0,418.0,36.0,382.0,,,,,,,2126.0,91.0,2035.0,brier_score,0.035462865018204,0.0320771323805132,0.0384895446974364,500.0
elsa,incident_heart_disease,head_to_head_cv_binary_flag,10502,5640,390,10112,20,20,M2_fried,PASS,3894.0,163.0,3731.0,418.0,36.0,382.0,,,,,,,2126.0,91.0,2035.0,c_statistic,0.6424641451639078,0.6139482358734619,0.6711787627123764,500.0
elsa,incident_heart_disease,head_to_head_cv_binary_flag,10502,5640,390,10112,20,20,M2_fried,PASS,3894.0,163.0,3731.0,418.0,36.0,382.0,,,,,,,2126.0,91.0,2035.0,brier_score,0.035460966254797,0.0320674124932339,0.038484121254016,500.0
elsa,incident_heart_disease,head_to_head_cv_binary_flag,10502,5640,390,10112,20,20,M3b_fried_any_withdrawal,PASS,3894.0,163.0,3731.0,418.0,36.0,382.0,,,,,,,2126.0,91.0,2035.0,c_statistic,0.6421882607108081,0.6135050760806345,0.6708788957108728,500.0
elsa,incident_heart_disease,head_to_head_cv_binary_flag,10502,5640,390,10112,20,20,M3b_fried_any_withdrawal,PASS,3894.0,163.0,3731.0,418.0,36.0,382.0,,,,,,,2126.0,91.0,2035.0,brier_score,0.0354652305151802,0.0320753168320173,0.0384895821855558,500.0
elsa,incident_heart_disease,head_to_head_cv_binary_flag,10502,5640,390,10112,20,20,M1b_any_withdrawal_minus_M0_routine,PASS,3894.0,163.0,3731.0,418.0,36.0,382.0,,,,,,,2126.0,91.0,2035.0,delta_c_statistic,-0.0002921129503408,-0.0012649546141279,0.0007679135603339,500.0
elsa,incident_heart_disease,head_to_head_cv_binary_flag,10502,5640,390,10112,20,20,M1b_any_withdrawal_minus_M0_routine,PASS,3894.0,163.0,3731.0,418.0,36.0,382.0,,,,,,,2126.0,91.0,2035.0,delta_brier_score,4.24858131890804e-06,-3.2604189383167446e-06,1.1726081068602102e-05,500.0
elsa,incident_heart_disease,head_to_head_cv_binary_flag,10502,5640,390,10112,20,20,M2_fried_minus_M0_routine,PASS,3894.0,163.0,3731.0,418.0,36.0,382.0,,,,,,,2126.0,91.0,2035.0,delta_c_statistic,-0.0004412122687439,-0.0040850822394763,0.0034236719232886,500.0
elsa,incident_heart_disease,head_to_head_cv_binary_flag,10502,5640,390,10112,20,20,M2_fried_minus_M0_routine,PASS,3894.0,163.0,3731.0,418.0,36.0,382.0,,,,,,,2126.0,91.0,2035.0,delta_brier_score,2.349817911875829e-06,-6.255437034786495e-05,5.720252305043485e-05,500.0
elsa,incident_heart_disease,head_to_head_cv_binary_flag,10502,5640,390,10112,20,20,M3b_fried_any_withdrawal_minus_M0_routine,PASS,3894.0,163.0,3731.0,418.0,36.0,382.0,,,,,,,2126.0,91.0,2035.0,delta_c_statistic,-0.0007170967218436,-0.0047011958588792,0.0034774457986103,500.0
elsa,incident_heart_disease,head_to_head_cv_binary_flag,10502,5640,390,10112,20,20,M3b_fried_any_withdrawal_minus_M0_routine,PASS,3894.0,163.0,3731.0,418.0,36.0,382.0,,,,,,,2126.0,91.0,2035.0,delta_brier_score,6.614078295115455e-06,-5.997614515317277e-05,6.108977312513814e-05,500.0
elsa,incident_heart_disease,head_to_head_cv_binary_flag,10502,5640,390,10112,20,20,M3b_fried_any_withdrawal_minus_M2_fried,PASS,3894.0,163.0,3731.0,418.0,36.0,382.0,,,,,,,2126.0,91.0,2035.0,delta_c_statistic,-0.0002758844530996,-0.0012716977545995,0.0007819788207927,500.0
elsa,incident_heart_disease,head_to_head_cv_binary_flag,10502,5640,390,10112,20,20,M3b_fried_any_withdrawal_minus_M2_fried,PASS,3894.0,163.0,3731.0,418.0,36.0,382.0,,,,,,,2126.0,91.0,2035.0,delta_brier_score,4.264260383239626e-06,-3.605553532404216e-06,1.218642409769252e-05,500.0
elsa,incident_hypertension,head_to_head_cv,7218,3959,418,6800,21,21,M0_routine,NOT_EVALUABLE_CV_SUPPORT,2557.0,159.0,2398.0,255.0,12.0,243.0,,,,,,,,,,,,,,
elsa,incident_hypertension,head_to_head_cv,7218,3959,418,6800,21,21,M1_withdrawal,NOT_EVALUABLE_CV_SUPPORT,2557.0,159.0,2398.0,255.0,12.0,243.0,,,,,,,,,,,,,,
elsa,incident_hypertension,head_to_head_cv,7218,3959,418,6800,21,21,M2_fried,NOT_EVALUABLE_CV_SUPPORT,2557.0,159.0,2398.0,255.0,12.0,243.0,,,,,,,,,,,,,,
elsa,incident_hypertension,head_to_head_cv,7218,3959,418,6800,21,21,M3_fried_withdrawal,NOT_EVALUABLE_CV_SUPPORT,2557.0,159.0,2398.0,255.0,12.0,243.0,,,,,,,,,,,,,,
elsa,incident_hypertension,head_to_head_cv_binary_flag,7218,3959,418,6800,20,20,M0_routine,NOT_EVALUABLE_CV_SUPPORT,2557.0,159.0,2398.0,255.0,12.0,243.0,,,,,,,,,,,,,,
elsa,incident_hypertension,head_to_head_cv_binary_flag,7218,3959,418,6800,20,20,M1b_any_withdrawal,NOT_EVALUABLE_CV_SUPPORT,2557.0,159.0,2398.0,255.0,12.0,243.0,,,,,,,,,,,,,,
elsa,incident_hypertension,head_to_head_cv_binary_flag,7218,3959,418,6800,20,20,M2_fried,NOT_EVALUABLE_CV_SUPPORT,2557.0,159.0,2398.0,255.0,12.0,243.0,,,,,,,,,,,,,,
elsa,incident_hypertension,head_to_head_cv_binary_flag,7218,3959,418,6800,20,20,M3b_fried_any_withdrawal,NOT_EVALUABLE_CV_SUPPORT,2557.0,159.0,2398.0,255.0,12.0,243.0,,,,,,,,,,,,,,
elsa,incident_cancer,head_to_head_cv,11438,6119,326,11112,21,21,M0_routine,NOT_EVALUABLE_CV_SUPPORT,4346.0,128.0,4218.0,558.0,23.0,535.0,2230.0,54.0,2176.0,155.0,7.0,148.0,,,,,,,,
elsa,incident_cancer,head_to_head_cv,11438,6119,326,11112,21,21,M1_withdrawal,NOT_EVALUABLE_CV_SUPPORT,4346.0,128.0,4218.0,558.0,23.0,535.0,2230.0,54.0,2176.0,155.0,7.0,148.0,,,,,,,,
elsa,incident_cancer,head_to_head_cv,11438,6119,326,11112,21,21,M2_fried,NOT_EVALUABLE_CV_SUPPORT,4346.0,128.0,4218.0,558.0,23.0,535.0,2230.0,54.0,2176.0,155.0,7.0,148.0,,,,,,,,
elsa,incident_cancer,head_to_head_cv,11438,6119,326,11112,21,21,M3_fried_withdrawal,NOT_EVALUABLE_CV_SUPPORT,4346.0,128.0,4218.0,558.0,23.0,535.0,2230.0,54.0,2176.0,155.0,7.0,148.0,,,,,,,,
elsa,incident_cancer,head_to_head_cv_binary_flag,11438,6119,326,11112,20,20,M0_routine,PASS,4346.0,128.0,4218.0,558.0,23.0,535.0,,,,,,,2385.0,61.0,2324.0,c_statistic,0.5555128595847302,0.5202581758899748,0.5886366179764162,500.0
elsa,incident_cancer,head_to_head_cv_binary_flag,11438,6119,326,11112,20,20,M0_routine,PASS,4346.0,128.0,4218.0,558.0,23.0,535.0,,,,,,,2385.0,61.0,2324.0,brier_score,0.027685131897429,0.024872873311993,0.0309560567924313,500.0
elsa,incident_cancer,head_to_head_cv_binary_flag,11438,6119,326,11112,20,20,M1b_any_withdrawal,PASS,4346.0,128.0,4218.0,558.0,23.0,535.0,,,,,,,2385.0,61.0,2324.0,c_statistic,0.5658449164557633,0.5307935304318224,0.598896484587262,500.0
elsa,incident_cancer,head_to_head_cv_binary_flag,11438,6119,326,11112,20,20,M1b_any_withdrawal,PASS,4346.0,128.0,4218.0,558.0,23.0,535.0,,,,,,,2385.0,61.0,2324.0,brier_score,0.0276768554920537,0.0248768416269598,0.0309471176263448,500.0
elsa,incident_cancer,head_to_head_cv_binary_flag,11438,6119,326,11112,20,20,M2_fried,PASS,4346.0,128.0,4218.0,558.0,23.0,535.0,,,,,,,2385.0,61.0,2324.0,c_statistic,0.551897964727239,0.5168086105734251,0.587111914090974,500.0
elsa,incident_cancer,head_to_head_cv_binary_flag,11438,6119,326,11112,20,20,M2_fried,PASS,4346.0,128.0,4218.0,558.0,23.0,535.0,,,,,,,2385.0,61.0,2324.0,brier_score,0.0276952414181869,0.0248776188333661,0.030963835859099,500.0
elsa,incident_cancer,head_to_head_cv_binary_flag,11438,6119,326,11112,20,20,M3b_fried_any_withdrawal,PASS,4346.0,128.0,4218.0,558.0,23.0,535.0,,,,,,,2385.0,61.0,2324.0,c_statistic,0.5621748112911703,0.5269028484195799,0.5948415398847016,500.0
elsa,incident_cancer,head_to_head_cv_binary_flag,11438,6119,326,11112,20,20,M3b_fried_any_withdrawal,PASS,4346.0,128.0,4218.0,558.0,23.0,535.0,,,,,,,2385.0,61.0,2324.0,brier_score,0.0276874223323074,0.024886017388105,0.0309546487977938,500.0
elsa,incident_cancer,head_to_head_cv_binary_flag,11438,6119,326,11112,20,20,M1b_any_withdrawal_minus_M0_routine,PASS,4346.0,128.0,4218.0,558.0,23.0,535.0,,,,,,,2385.0,61.0,2324.0,delta_c_statistic,0.0103320568710331,-0.0019578225119108,0.0211889486944386,500.0
elsa,incident_cancer,head_to_head_cv_binary_flag,11438,6119,326,11112,20,20,M1b_any_withdrawal_minus_M0_routine,PASS,4346.0,128.0,4218.0,558.0,23.0,535.0,,,,,,,2385.0,61.0,2324.0,delta_brier_score,-8.276405375297335e-06,-2.931215705240008e-05,1.5704266414275336e-05,500.0
elsa,incident_cancer,head_to_head_cv_binary_flag,11438,6119,326,11112,20,20,M2_fried_minus_M0_routine,PASS,4346.0,128.0,4218.0,558.0,23.0,535.0,,,,,,,2385.0,61.0,2324.0,delta_c_statistic,-0.0036148948574912,-0.0083596201329299,0.0011511411576561,500.0
elsa,incident_cancer,head_to_head_cv_binary_flag,11438,6119,326,11112,20,20,M2_fried_minus_M0_routine,PASS,4346.0,128.0,4218.0,558.0,23.0,535.0,,,,,,,2385.0,61.0,2324.0,delta_brier_score,1.010952075782348e-05,-1.3995110005053828e-06,2.145601686967361e-05,500.0
elsa,incident_cancer,head_to_head_cv_binary_flag,11438,6119,326,11112,20,20,M3b_fried_any_withdrawal_minus_M0_routine,PASS,4346.0,128.0,4218.0,558.0,23.0,535.0,,,,,,,2385.0,61.0,2324.0,delta_c_statistic,0.0066619517064401,-0.0074713276880054,0.0186791452272566,500.0
elsa,incident_cancer,head_to_head_cv_binary_flag,11438,6119,326,11112,20,20,M3b_fried_any_withdrawal_minus_M0_routine,PASS,4346.0,128.0,4218.0,558.0,23.0,535.0,,,,,,,2385.0,61.0,2324.0,delta_brier_score,2.290434878402664e-06,-2.031506583258669e-05,2.9867151203994028e-05,500.0
elsa,incident_cancer,head_to_head_cv_binary_flag,11438,6119,326,11112,20,20,M3b_fried_any_withdrawal_minus_M2_fried,PASS,4346.0,128.0,4218.0,558.0,23.0,535.0,,,,,,,2385.0,61.0,2324.0,delta_c_statistic,0.0102768465639313,-0.0018756446774486,0.0207515377455668,500.0
elsa,incident_cancer,head_to_head_cv_binary_flag,11438,6119,326,11112,20,20,M3b_fried_any_withdrawal_minus_M2_fried,PASS,4346.0,128.0,4218.0,558.0,23.0,535.0,,,,,,,2385.0,61.0,2324.0,delta_brier_score,-7.819085879420817e-06,-2.842675810849869e-05,1.60859868689224e-05,500.0
elsa,incident_arthritis,head_to_head_cv,7829,4306,403,7426,21,21,M0_routine,NOT_EVALUABLE_CV_SUPPORT,2593.0,182.0,2411.0,207.0,18.0,189.0,,,,,,,,,,,,,,
elsa,incident_arthritis,head_to_head_cv,7829,4306,403,7426,21,21,M1_withdrawal,NOT_EVALUABLE_CV_SUPPORT,2593.0,182.0,2411.0,207.0,18.0,189.0,,,,,,,,,,,,,,
elsa,incident_arthritis,head_to_head_cv,7829,4306,403,7426,21,21,M2_fried,NOT_EVALUABLE_CV_SUPPORT,2593.0,182.0,2411.0,207.0,18.0,189.0,,,,,,,,,,,,,,
elsa,incident_arthritis,head_to_head_cv,7829,4306,403,7426,21,21,M3_fried_withdrawal,NOT_EVALUABLE_CV_SUPPORT,2593.0,182.0,2411.0,207.0,18.0,189.0,,,,,,,,,,,,,,
elsa,incident_arthritis,head_to_head_cv_binary_flag,7829,4306,403,7426,20,20,M0_routine,NOT_EVALUABLE_CV_SUPPORT,2593.0,182.0,2411.0,207.0,18.0,189.0,,,,,,,,,,,,,,
elsa,incident_arthritis,head_to_head_cv_binary_flag,7829,4306,403,7426,20,20,M1b_any_withdrawal,NOT_EVALUABLE_CV_SUPPORT,2593.0,182.0,2411.0,207.0,18.0,189.0,,,,,,,,,,,,,,
elsa,incident_arthritis,head_to_head_cv_binary_flag,7829,4306,403,7426,20,20,M2_fried,NOT_EVALUABLE_CV_SUPPORT,2593.0,182.0,2411.0,207.0,18.0,189.0,,,,,,,,,,,,,,
elsa,incident_arthritis,head_to_head_cv_binary_flag,7829,4306,403,7426,20,20,M3b_fried_any_withdrawal,NOT_EVALUABLE_CV_SUPPORT,2593.0,182.0,2411.0,207.0,18.0,189.0,,,,,,,,,,,,,,
hrs,incident_diabetes,head_to_head_cv,12751,7972,398,12353,23,23,M0_routine,NOT_EVALUABLE_CV_SUPPORT,5509.0,201.0,5308.0,680.0,23.0,657.0,3050.0,111.0,2939.0,290.0,11.0,279.0,,,,,,,,
hrs,incident_diabetes,head_to_head_cv,12751,7972,398,12353,23,23,M1_withdrawal,NOT_EVALUABLE_CV_SUPPORT,5509.0,201.0,5308.0,680.0,23.0,657.0,3050.0,111.0,2939.0,290.0,11.0,279.0,,,,,,,,
hrs,incident_diabetes,head_to_head_cv,12751,7972,398,12353,23,23,M2_fried,NOT_EVALUABLE_CV_SUPPORT,5509.0,201.0,5308.0,680.0,23.0,657.0,3050.0,111.0,2939.0,290.0,11.0,279.0,,,,,,,,
hrs,incident_diabetes,head_to_head_cv,12751,7972,398,12353,23,23,M3_fried_withdrawal,NOT_EVALUABLE_CV_SUPPORT,5509.0,201.0,5308.0,680.0,23.0,657.0,3050.0,111.0,2939.0,290.0,11.0,279.0,,,,,,,,
hrs,incident_diabetes,head_to_head_cv_binary_flag,12751,7972,398,12353,22,22,M0_routine,PASS,5509.0,201.0,5308.0,680.0,23.0,657.0,,,,,,,3340.0,122.0,3218.0,c_statistic,0.6137184343151848,0.586114293939302,0.6392025849894857,500.0
hrs,incident_diabetes,head_to_head_cv_binary_flag,12751,7972,398,12353,22,22,M0_routine,PASS,5509.0,201.0,5308.0,680.0,23.0,657.0,,,,,,,3340.0,122.0,3218.0,brier_score,0.0301265701115905,0.027146823277813,0.0327937781737204,500.0
hrs,incident_diabetes,head_to_head_cv_binary_flag,12751,7972,398,12353,22,22,M1b_any_withdrawal,PASS,5509.0,201.0,5308.0,680.0,23.0,657.0,,,,,,,3340.0,122.0,3218.0,c_statistic,0.6143093025233022,0.5864916492927641,0.6397821744926312,500.0
hrs,incident_diabetes,head_to_head_cv_binary_flag,12751,7972,398,12353,22,22,M1b_any_withdrawal,PASS,5509.0,201.0,5308.0,680.0,23.0,657.0,,,,,,,3340.0,122.0,3218.0,brier_score,0.0301272163276224,0.0271530810357327,0.0327927025628611,500.0
hrs,incident_diabetes,head_to_head_cv_binary_flag,12751,7972,398,12353,22,22,M2_fried,PASS,5509.0,201.0,5308.0,680.0,23.0,657.0,,,,,,,3340.0,122.0,3218.0,c_statistic,0.6175390430660548,0.5902630849203339,0.6433627294700509,500.0
hrs,incident_diabetes,head_to_head_cv_binary_flag,12751,7972,398,12353,22,22,M2_fried,PASS,5509.0,201.0,5308.0,680.0,23.0,657.0,,,,,,,3340.0,122.0,3218.0,brier_score,0.0301159784934836,0.0271404643004212,0.032787474939202,500.0
hrs,incident_diabetes,head_to_head_cv_binary_flag,12751,7972,398,12353,22,22,M3b_fried_any_withdrawal,PASS,5509.0,201.0,5308.0,680.0,23.0,657.0,,,,,,,3340.0,122.0,3218.0,c_statistic,0.6177227105331563,0.5911643603456701,0.6433554557034791,500.0
hrs,incident_diabetes,head_to_head_cv_binary_flag,12751,7972,398,12353,22,22,M3b_fried_any_withdrawal,PASS,5509.0,201.0,5308.0,680.0,23.0,657.0,,,,,,,3340.0,122.0,3218.0,brier_score,0.0301157947765899,0.0271478140553284,0.0327891154469898,500.0
hrs,incident_diabetes,head_to_head_cv_binary_flag,12751,7972,398,12353,22,22,M1b_any_withdrawal_minus_M0_routine,PASS,5509.0,201.0,5308.0,680.0,23.0,657.0,,,,,,,3340.0,122.0,3218.0,delta_c_statistic,0.0005908682081173,-0.0031982726788654,0.0046620722701527,500.0
hrs,incident_diabetes,head_to_head_cv_binary_flag,12751,7972,398,12353,22,22,M1b_any_withdrawal_minus_M0_routine,PASS,5509.0,201.0,5308.0,680.0,23.0,657.0,,,,,,,3340.0,122.0,3218.0,delta_brier_score,6.462160318763954e-07,-1.6321800553441895e-05,1.8357629228759816e-05,500.0
hrs,incident_diabetes,head_to_head_cv_binary_flag,12751,7972,398,12353,22,22,M2_fried_minus_M0_routine,PASS,5509.0,201.0,5308.0,680.0,23.0,657.0,,,,,,,3340.0,122.0,3218.0,delta_c_statistic,0.0038206087508699,-0.0031424917170122,0.0111018034465976,500.0
hrs,incident_diabetes,head_to_head_cv_binary_flag,12751,7972,398,12353,22,22,M2_fried_minus_M0_routine,PASS,5509.0,201.0,5308.0,680.0,23.0,657.0,,,,,,,3340.0,122.0,3218.0,delta_brier_score,-1.0591618106847722e-05,-3.920408968609403e-05,1.935401309429644e-05,500.0
hrs,incident_diabetes,head_to_head_cv_binary_flag,12751,7972,398,12353,22,22,M3b_fried_any_withdrawal_minus_M0_routine,PASS,5509.0,201.0,5308.0,680.0,23.0,657.0,,,,,,,3340.0,122.0,3218.0,delta_c_statistic,0.0040042762179715,-0.0039374861237162,0.0123211171047269,500.0
hrs,incident_diabetes,head_to_head_cv_binary_flag,12751,7972,398,12353,22,22,M3b_fried_any_withdrawal_minus_M0_routine,PASS,5509.0,201.0,5308.0,680.0,23.0,657.0,,,,,,,3340.0,122.0,3218.0,delta_brier_score,-1.077533500059083e-05,-4.373361899184646e-05,2.421074817026925e-05,500.0
hrs,incident_diabetes,head_to_head_cv_binary_flag,12751,7972,398,12353,22,22,M3b_fried_any_withdrawal_minus_M2_fried,PASS,5509.0,201.0,5308.0,680.0,23.0,657.0,,,,,,,3340.0,122.0,3218.0,delta_c_statistic,0.0001836674671015,-0.003272002082588,0.0039599136968452,500.0
hrs,incident_diabetes,head_to_head_cv_binary_flag,12751,7972,398,12353,22,22,M3b_fried_any_withdrawal_minus_M2_fried,PASS,5509.0,201.0,5308.0,680.0,23.0,657.0,,,,,,,3340.0,122.0,3218.0,delta_brier_score,-1.8371689374310773e-07,-1.716275273280412e-05,1.7463699232217373e-05,500.0
hrs,incident_stroke,head_to_head_cv,15075,9366,292,14783,23,23,M0_routine,NOT_EVALUABLE_CV_SUPPORT,6692.0,151.0,6541.0,864.0,32.0,832.0,3741.0,75.0,3666.0,393.0,11.0,382.0,,,,,,,,
hrs,incident_stroke,head_to_head_cv,15075,9366,292,14783,23,23,M1_withdrawal,NOT_EVALUABLE_CV_SUPPORT,6692.0,151.0,6541.0,864.0,32.0,832.0,3741.0,75.0,3666.0,393.0,11.0,382.0,,,,,,,,
hrs,incident_stroke,head_to_head_cv,15075,9366,292,14783,23,23,M2_fried,NOT_EVALUABLE_CV_SUPPORT,6692.0,151.0,6541.0,864.0,32.0,832.0,3741.0,75.0,3666.0,393.0,11.0,382.0,,,,,,,,
hrs,incident_stroke,head_to_head_cv,15075,9366,292,14783,23,23,M3_fried_withdrawal,NOT_EVALUABLE_CV_SUPPORT,6692.0,151.0,6541.0,864.0,32.0,832.0,3741.0,75.0,3666.0,393.0,11.0,382.0,,,,,,,,
hrs,incident_stroke,head_to_head_cv_binary_flag,15075,9366,292,14783,22,22,M0_routine,PASS,6692.0,151.0,6541.0,864.0,32.0,832.0,,,,,,,4134.0,86.0,4048.0,c_statistic,0.6523406189449377,0.6213213873281591,0.6855540705675557,500.0
hrs,incident_stroke,head_to_head_cv_binary_flag,15075,9366,292,14783,22,22,M0_routine,PASS,6692.0,151.0,6541.0,864.0,32.0,832.0,,,,,,,4134.0,86.0,4048.0,brier_score,0.0189056815409768,0.0169243860481805,0.0211406955449675,500.0
hrs,incident_stroke,head_to_head_cv_binary_flag,15075,9366,292,14783,22,22,M1b_any_withdrawal,PASS,6692.0,151.0,6541.0,864.0,32.0,832.0,,,,,,,4134.0,86.0,4048.0,c_statistic,0.651409338197615,0.6190154235272092,0.6828398636335075,500.0
hrs,incident_stroke,head_to_head_cv_binary_flag,15075,9366,292,14783,22,22,M1b_any_withdrawal,PASS,6692.0,151.0,6541.0,864.0,32.0,832.0,,,,,,,4134.0,86.0,4048.0,brier_score,0.0188964158190235,0.0169198226674857,0.0211240584194474,500.0
hrs,incident_stroke,head_to_head_cv_binary_flag,15075,9366,292,14783,22,22,M2_fried,PASS,6692.0,151.0,6541.0,864.0,32.0,832.0,,,,,,,4134.0,86.0,4048.0,c_statistic,0.6508792958220244,0.6209839317757925,0.682575779909203,500.0
hrs,incident_stroke,head_to_head_cv_binary_flag,15075,9366,292,14783,22,22,M2_fried,PASS,6692.0,151.0,6541.0,864.0,32.0,832.0,,,,,,,4134.0,86.0,4048.0,brier_score,0.0189052150196609,0.0169265114032125,0.0211453341738537,500.0
hrs,incident_stroke,head_to_head_cv_binary_flag,15075,9366,292,14783,22,22,M3b_fried_any_withdrawal,PASS,6692.0,151.0,6541.0,864.0,32.0,832.0,,,,,,,4134.0,86.0,4048.0,c_statistic,0.6502572836810887,0.6195951501199767,0.6821265755744679,500.0
hrs,incident_stroke,head_to_head_cv_binary_flag,15075,9366,292,14783,22,22,M3b_fried_any_withdrawal,PASS,6692.0,151.0,6541.0,864.0,32.0,832.0,,,,,,,4134.0,86.0,4048.0,brier_score,0.0188964751157095,0.016921831276529,0.021128672215808,500.0
hrs,incident_stroke,head_to_head_cv_binary_flag,15075,9366,292,14783,22,22,M1b_any_withdrawal_minus_M0_routine,PASS,6692.0,151.0,6541.0,864.0,32.0,832.0,,,,,,,4134.0,86.0,4048.0,delta_c_statistic,-0.0009312807473226,-0.0059138801495363,0.0038088991263925,500.0
hrs,incident_stroke,head_to_head_cv_binary_flag,15075,9366,292,14783,22,22,M1b_any_withdrawal_minus_M0_routine,PASS,6692.0,151.0,6541.0,864.0,32.0,832.0,,,,,,,4134.0,86.0,4048.0,delta_brier_score,-9.265721953231191e-06,-2.2508097846179152e-05,4.92055464158466e-06,500.0
hrs,incident_stroke,head_to_head_cv_binary_flag,15075,9366,292,14783,22,22,M2_fried_minus_M0_routine,PASS,6692.0,151.0,6541.0,864.0,32.0,832.0,,,,,,,4134.0,86.0,4048.0,delta_c_statistic,-0.0014613231229132,-0.0073822877751481,0.0049783319955871,500.0
hrs,incident_stroke,head_to_head_cv_binary_flag,15075,9366,292,14783,22,22,M2_fried_minus_M0_routine,PASS,6692.0,151.0,6541.0,864.0,32.0,832.0,,,,,,,4134.0,86.0,4048.0,delta_brier_score,-4.665213158804027e-07,-2.0527199556657008e-05,1.830577187259088e-05,500.0
hrs,incident_stroke,head_to_head_cv_binary_flag,15075,9366,292,14783,22,22,M3b_fried_any_withdrawal_minus_M0_routine,PASS,6692.0,151.0,6541.0,864.0,32.0,832.0,,,,,,,4134.0,86.0,4048.0,delta_c_statistic,-0.0020833352638489,-0.009980422130768,0.0052259316068456,500.0
hrs,incident_stroke,head_to_head_cv_binary_flag,15075,9366,292,14783,22,22,M3b_fried_any_withdrawal_minus_M0_routine,PASS,6692.0,151.0,6541.0,864.0,32.0,832.0,,,,,,,4134.0,86.0,4048.0,delta_brier_score,-9.206425267291318e-06,-3.5085476720283536e-05,1.541172227754451e-05,500.0
hrs,incident_stroke,head_to_head_cv_binary_flag,15075,9366,292,14783,22,22,M3b_fried_any_withdrawal_minus_M2_fried,PASS,6692.0,151.0,6541.0,864.0,32.0,832.0,,,,,,,4134.0,86.0,4048.0,delta_c_statistic,-0.0006220121409357,-0.0054600523359138,0.0041800485631472,500.0
hrs,incident_stroke,head_to_head_cv_binary_flag,15075,9366,292,14783,22,22,M3b_fried_any_withdrawal_minus_M2_fried,PASS,6692.0,151.0,6541.0,864.0,32.0,832.0,,,,,,,4134.0,86.0,4048.0,delta_brier_score,-8.739903951410916e-06,-2.2380666877013388e-05,5.316295632820221e-06,500.0
hrs,incident_heart_disease,head_to_head_cv,11802,7552,599,11203,23,23,M0_routine,NOT_EVALUABLE_CV_SUPPORT,5115.0,287.0,4828.0,607.0,48.0,559.0,2913.0,163.0,2750.0,303.0,15.0,288.0,,,,,,,,
hrs,incident_heart_disease,head_to_head_cv,11802,7552,599,11203,23,23,M1_withdrawal,NOT_EVALUABLE_CV_SUPPORT,5115.0,287.0,4828.0,607.0,48.0,559.0,2913.0,163.0,2750.0,303.0,15.0,288.0,,,,,,,,
hrs,incident_heart_disease,head_to_head_cv,11802,7552,599,11203,23,23,M2_fried,NOT_EVALUABLE_CV_SUPPORT,5115.0,287.0,4828.0,607.0,48.0,559.0,2913.0,163.0,2750.0,303.0,15.0,288.0,,,,,,,,
hrs,incident_heart_disease,head_to_head_cv,11802,7552,599,11203,23,23,M3_fried_withdrawal,NOT_EVALUABLE_CV_SUPPORT,5115.0,287.0,4828.0,607.0,48.0,559.0,2913.0,163.0,2750.0,303.0,15.0,288.0,,,,,,,,
hrs,incident_heart_disease,head_to_head_cv_binary_flag,11802,7552,599,11203,22,22,M0_routine,PASS,5115.0,287.0,4828.0,607.0,48.0,559.0,,,,,,,3216.0,178.0,3038.0,c_statistic,0.6046169960735237,0.5826120076083241,0.6278084591071739,500.0
hrs,incident_heart_disease,head_to_head_cv_binary_flag,11802,7552,599,11203,22,22,M0_routine,PASS,5115.0,287.0,4828.0,607.0,48.0,559.0,,,,,,,3216.0,178.0,3038.0,brier_score,0.047939762234276,0.0445963228851339,0.0518526238585046,500.0
hrs,incident_heart_disease,head_to_head_cv_binary_flag,11802,7552,599,11203,22,22,M1b_any_withdrawal,PASS,5115.0,287.0,4828.0,607.0,48.0,559.0,,,,,,,3216.0,178.0,3038.0,c_statistic,0.6028491950865177,0.5798746024164043,0.625875492693793,500.0
hrs,incident_heart_disease,head_to_head_cv_binary_flag,11802,7552,599,11203,22,22,M1b_any_withdrawal,PASS,5115.0,287.0,4828.0,607.0,48.0,559.0,,,,,,,3216.0,178.0,3038.0,brier_score,0.0479510412744848,0.0446065139819415,0.0518524003668692,500.0
hrs,incident_heart_disease,head_to_head_cv_binary_flag,11802,7552,599,11203,22,22,M2_fried,PASS,5115.0,287.0,4828.0,607.0,48.0,559.0,,,,,,,3216.0,178.0,3038.0,c_statistic,0.6050366308690568,0.5819446840799796,0.628442676023645,500.0
hrs,incident_heart_disease,head_to_head_cv_binary_flag,11802,7552,599,11203,22,22,M2_fried,PASS,5115.0,287.0,4828.0,607.0,48.0,559.0,,,,,,,3216.0,178.0,3038.0,brier_score,0.0479331370351225,0.0445839842982132,0.051866846626633,500.0
hrs,incident_heart_disease,head_to_head_cv_binary_flag,11802,7552,599,11203,22,22,M3b_fried_any_withdrawal,PASS,5115.0,287.0,4828.0,607.0,48.0,559.0,,,,,,,3216.0,178.0,3038.0,c_statistic,0.6033256057545998,0.5806695326384352,0.6261017579084379,500.0
hrs,incident_heart_disease,head_to_head_cv_binary_flag,11802,7552,599,11203,22,22,M3b_fried_any_withdrawal,PASS,5115.0,287.0,4828.0,607.0,48.0,559.0,,,,,,,3216.0,178.0,3038.0,brier_score,0.0479449427166561,0.0445951356772852,0.0518678722190226,500.0
hrs,incident_heart_disease,head_to_head_cv_binary_flag,11802,7552,599,11203,22,22,M1b_any_withdrawal_minus_M0_routine,PASS,5115.0,287.0,4828.0,607.0,48.0,559.0,,,,,,,3216.0,178.0,3038.0,delta_c_statistic,-0.001767800987006,-0.0039938941310693,0.0004166370395248,500.0
hrs,incident_heart_disease,head_to_head_cv_binary_flag,11802,7552,599,11203,22,22,M1b_any_withdrawal_minus_M0_routine,PASS,5115.0,287.0,4828.0,607.0,48.0,559.0,,,,,,,3216.0,178.0,3038.0,delta_brier_score,1.1279040208839186e-05,-9.76584490050801e-06,3.048861115215669e-05,500.0
hrs,incident_heart_disease,head_to_head_cv_binary_flag,11802,7552,599,11203,22,22,M2_fried_minus_M0_routine,PASS,5115.0,287.0,4828.0,607.0,48.0,559.0,,,,,,,3216.0,178.0,3038.0,delta_c_statistic,0.000419634795533,-0.00378868405948,0.0044556767955876,500.0
hrs,incident_heart_disease,head_to_head_cv_binary_flag,11802,7552,599,11203,22,22,M2_fried_minus_M0_routine,PASS,5115.0,287.0,4828.0,607.0,48.0,559.0,,,,,,,3216.0,178.0,3038.0,delta_brier_score,-6.625199153488526e-06,-4.535827541266666e-05,3.918927056303419e-05,500.0
hrs,incident_heart_disease,head_to_head_cv_binary_flag,11802,7552,599,11203,22,22,M3b_fried_any_withdrawal_minus_M0_routine,PASS,5115.0,287.0,4828.0,607.0,48.0,559.0,,,,,,,3216.0,178.0,3038.0,delta_c_statistic,-0.0012913903189238,-0.0058707648098907,0.0033028447887266,500.0
hrs,incident_heart_disease,head_to_head_cv_binary_flag,11802,7552,599,11203,22,22,M3b_fried_any_withdrawal_minus_M0_routine,PASS,5115.0,287.0,4828.0,607.0,48.0,559.0,,,,,,,3216.0,178.0,3038.0,delta_brier_score,5.180482380101603e-06,-4.081364935648156e-05,5.319097881133991e-05,500.0
hrs,incident_heart_disease,head_to_head_cv_binary_flag,11802,7552,599,11203,22,22,M3b_fried_any_withdrawal_minus_M2_fried,PASS,5115.0,287.0,4828.0,607.0,48.0,559.0,,,,,,,3216.0,178.0,3038.0,delta_c_statistic,-0.0017110251144569,-0.0038420015849048,0.0004861501508751,500.0
hrs,incident_heart_disease,head_to_head_cv_binary_flag,11802,7552,599,11203,22,22,M3b_fried_any_withdrawal_minus_M2_fried,PASS,5115.0,287.0,4828.0,607.0,48.0,559.0,,,,,,,3216.0,178.0,3038.0,delta_brier_score,1.1805681533590129e-05,-9.336880065263786e-06,3.097027212980406e-05,500.0
hrs,incident_hypertension,head_to_head_cv,6009,3956,593,5416,23,23,M0_routine,NOT_EVALUABLE_CV_SUPPORT,2384.0,267.0,2117.0,242.0,29.0,213.0,1358.0,150.0,1208.0,124.0,11.0,113.0,,,,,,,,
hrs,incident_hypertension,head_to_head_cv,6009,3956,593,5416,23,23,M1_withdrawal,NOT_EVALUABLE_CV_SUPPORT,2384.0,267.0,2117.0,242.0,29.0,213.0,1358.0,150.0,1208.0,124.0,11.0,113.0,,,,,,,,
hrs,incident_hypertension,head_to_head_cv,6009,3956,593,5416,23,23,M2_fried,NOT_EVALUABLE_CV_SUPPORT,2384.0,267.0,2117.0,242.0,29.0,213.0,1358.0,150.0,1208.0,124.0,11.0,113.0,,,,,,,,
hrs,incident_hypertension,head_to_head_cv,6009,3956,593,5416,23,23,M3_fried_withdrawal,NOT_EVALUABLE_CV_SUPPORT,2384.0,267.0,2117.0,242.0,29.0,213.0,1358.0,150.0,1208.0,124.0,11.0,113.0,,,,,,,,
hrs,incident_hypertension,head_to_head_cv_binary_flag,6009,3956,593,5416,22,22,M0_routine,PASS,2384.0,267.0,2117.0,242.0,29.0,213.0,,,,,,,1482.0,161.0,1321.0,c_statistic,0.5694812198445179,0.5452130172361691,0.5940607985665904,500.0
hrs,incident_hypertension,head_to_head_cv_binary_flag,6009,3956,593,5416,22,22,M0_routine,PASS,2384.0,267.0,2117.0,242.0,29.0,213.0,,,,,,,1482.0,161.0,1321.0,brier_score,0.0886466506817923,0.083396480618273,0.0944082390510143,500.0
hrs,incident_hypertension,head_to_head_cv_binary_flag,6009,3956,593,5416,22,22,M1b_any_withdrawal,PASS,2384.0,267.0,2117.0,242.0,29.0,213.0,,,,,,,1482.0,161.0,1321.0,c_statistic,0.5708256841885015,0.5461877836820382,0.5928657231625775,500.0
hrs,incident_hypertension,head_to_head_cv_binary_flag,6009,3956,593,5416,22,22,M1b_any_withdrawal,PASS,2384.0,267.0,2117.0,242.0,29.0,213.0,,,,,,,1482.0,161.0,1321.0,brier_score,0.0886418121288775,0.0833862243553636,0.094385159517259,500.0
hrs,incident_hypertension,head_to_head_cv_binary_flag,6009,3956,593,5416,22,22,M2_fried,PASS,2384.0,267.0,2117.0,242.0,29.0,213.0,,,,,,,1482.0,161.0,1321.0,c_statistic,0.569662744326348,0.5466454694093912,0.5934837129456678,500.0
hrs,incident_hypertension,head_to_head_cv_binary_flag,6009,3956,593,5416,22,22,M2_fried,PASS,2384.0,267.0,2117.0,242.0,29.0,213.0,,,,,,,1482.0,161.0,1321.0,brier_score,0.0886427507904756,0.0834142395518264,0.0944417817269502,500.0
hrs,incident_hypertension,head_to_head_cv_binary_flag,6009,3956,593,5416,22,22,M3b_fried_any_withdrawal,PASS,2384.0,267.0,2117.0,242.0,29.0,213.0,,,,,,,1482.0,161.0,1321.0,c_statistic,0.5705096509997235,0.5461886555952693,0.5939241724910331,500.0
hrs,incident_hypertension,head_to_head_cv_binary_flag,6009,3956,593,5416,22,22,M3b_fried_any_withdrawal,PASS,2384.0,267.0,2117.0,242.0,29.0,213.0,,,,,,,1482.0,161.0,1321.0,brier_score,0.0886279799318118,0.0833879025749068,0.0944022000705488,500.0
hrs,incident_hypertension,head_to_head_cv_binary_flag,6009,3956,593,5416,22,22,M1b_any_withdrawal_minus_M0_routine,PASS,2384.0,267.0,2117.0,242.0,29.0,213.0,,,,,,,1482.0,161.0,1321.0,delta_c_statistic,0.0013444643439836,-0.0031175407495219,0.0062943481209298,500.0
hrs,incident_hypertension,head_to_head_cv_binary_flag,6009,3956,593,5416,22,22,M1b_any_withdrawal_minus_M0_routine,PASS,2384.0,267.0,2117.0,242.0,29.0,213.0,,,,,,,1482.0,161.0,1321.0,delta_brier_score,-4.838552914832039e-06,-0.0001123633968971,9.966935079225163e-05,500.0
hrs,incident_hypertension,head_to_head_cv_binary_flag,6009,3956,593,5416,22,22,M2_fried_minus_M0_routine,PASS,2384.0,267.0,2117.0,242.0,29.0,213.0,,,,,,,1482.0,161.0,1321.0,delta_c_statistic,0.00018152448183,-0.0049215064237567,0.0052311134759762,500.0
hrs,incident_hypertension,head_to_head_cv_binary_flag,6009,3956,593,5416,22,22,M2_fried_minus_M0_routine,PASS,2384.0,267.0,2117.0,242.0,29.0,213.0,,,,,,,1482.0,161.0,1321.0,delta_brier_score,-3.899891316730408e-06,-0.0001020996929422,9.251347775824577e-05,500.0
hrs,incident_hypertension,head_to_head_cv_binary_flag,6009,3956,593,5416,22,22,M3b_fried_any_withdrawal_minus_M0_routine,PASS,2384.0,267.0,2117.0,242.0,29.0,213.0,,,,,,,1482.0,161.0,1321.0,delta_c_statistic,0.0010284311552055,-0.0058709745357235,0.008672745222019,500.0
hrs,incident_hypertension,head_to_head_cv_binary_flag,6009,3956,593,5416,22,22,M3b_fried_any_withdrawal_minus_M0_routine,PASS,2384.0,267.0,2117.0,242.0,29.0,213.0,,,,,,,1482.0,161.0,1321.0,delta_brier_score,-1.8670749980506662e-05,-0.0001701003266666,0.0001317496259889,500.0
hrs,incident_hypertension,head_to_head_cv_binary_flag,6009,3956,593,5416,22,22,M3b_fried_any_withdrawal_minus_M2_fried,PASS,2384.0,267.0,2117.0,242.0,29.0,213.0,,,,,,,1482.0,161.0,1321.0,delta_c_statistic,0.0008469066733755,-0.0036947762541583,0.0055141545634523,500.0
hrs,incident_hypertension,head_to_head_cv_binary_flag,6009,3956,593,5416,22,22,M3b_fried_any_withdrawal_minus_M2_fried,PASS,2384.0,267.0,2117.0,242.0,29.0,213.0,,,,,,,1482.0,161.0,1321.0,delta_brier_score,-1.4770858663776254e-05,-0.0001266967118642,8.858517212762088e-05,500.0
hrs,incident_cancer,head_to_head_cv,13372,8458,414,12958,23,23,M0_routine,NOT_EVALUABLE_CV_SUPPORT,5986.0,168.0,5818.0,844.0,29.0,815.0,3373.0,101.0,3272.0,356.0,11.0,345.0,,,,,,,,
hrs,incident_cancer,head_to_head_cv,13372,8458,414,12958,23,23,M1_withdrawal,NOT_EVALUABLE_CV_SUPPORT,5986.0,168.0,5818.0,844.0,29.0,815.0,3373.0,101.0,3272.0,356.0,11.0,345.0,,,,,,,,
hrs,incident_cancer,head_to_head_cv,13372,8458,414,12958,23,23,M2_fried,NOT_EVALUABLE_CV_SUPPORT,5986.0,168.0,5818.0,844.0,29.0,815.0,3373.0,101.0,3272.0,356.0,11.0,345.0,,,,,,,,
hrs,incident_cancer,head_to_head_cv,13372,8458,414,12958,23,23,M3_fried_withdrawal,NOT_EVALUABLE_CV_SUPPORT,5986.0,168.0,5818.0,844.0,29.0,815.0,3373.0,101.0,3272.0,356.0,11.0,345.0,,,,,,,,
hrs,incident_cancer,head_to_head_cv_binary_flag,13372,8458,414,12958,22,22,M0_routine,PASS,5986.0,168.0,5818.0,844.0,29.0,815.0,,,,,,,3729.0,112.0,3617.0,c_statistic,0.5613654817906681,0.5353677476852049,0.5908067145023697,500.0
hrs,incident_cancer,head_to_head_cv_binary_flag,13372,8458,414,12958,22,22,M0_routine,PASS,5986.0,168.0,5818.0,844.0,29.0,815.0,,,,,,,3729.0,112.0,3617.0,brier_score,0.0300041500735424,0.0271744466020219,0.0329578024312411,500.0
hrs,incident_cancer,head_to_head_cv_binary_flag,13372,8458,414,12958,22,22,M1b_any_withdrawal,PASS,5986.0,168.0,5818.0,844.0,29.0,815.0,,,,,,,3729.0,112.0,3617.0,c_statistic,0.5610062759431623,0.5347146161749379,0.5898617903925275,500.0
hrs,incident_cancer,head_to_head_cv_binary_flag,13372,8458,414,12958,22,22,M1b_any_withdrawal,PASS,5986.0,168.0,5818.0,844.0,29.0,815.0,,,,,,,3729.0,112.0,3617.0,brier_score,0.0300079780608832,0.0271767889720337,0.0329647436538428,500.0
hrs,incident_cancer,head_to_head_cv_binary_flag,13372,8458,414,12958,22,22,M2_fried,PASS,5986.0,168.0,5818.0,844.0,29.0,815.0,,,,,,,3729.0,112.0,3617.0,c_statistic,0.5597795329839325,0.5336095562470312,0.5891471996724965,500.0
hrs,incident_cancer,head_to_head_cv_binary_flag,13372,8458,414,12958,22,22,M2_fried,PASS,5986.0,168.0,5818.0,844.0,29.0,815.0,,,,,,,3729.0,112.0,3617.0,brier_score,0.0300172263511215,0.0271915518683697,0.0329671776612534,500.0
hrs,incident_cancer,head_to_head_cv_binary_flag,13372,8458,414,12958,22,22,M3b_fried_any_withdrawal,PASS,5986.0,168.0,5818.0,844.0,29.0,815.0,,,,,,,3729.0,112.0,3617.0,c_statistic,0.559569266146368,0.5329013115484561,0.5891712147684073,500.0
hrs,incident_cancer,head_to_head_cv_binary_flag,13372,8458,414,12958,22,22,M3b_fried_any_withdrawal,PASS,5986.0,168.0,5818.0,844.0,29.0,815.0,,,,,,,3729.0,112.0,3617.0,brier_score,0.0300204651041441,0.0271931335457068,0.0329732553438304,500.0
hrs,incident_cancer,head_to_head_cv_binary_flag,13372,8458,414,12958,22,22,M1b_any_withdrawal_minus_M0_routine,PASS,5986.0,168.0,5818.0,844.0,29.0,815.0,,,,,,,3729.0,112.0,3617.0,delta_c_statistic,-0.0003592058475058,-0.0027350179499668,0.0019930946621709,500.0
hrs,incident_cancer,head_to_head_cv_binary_flag,13372,8458,414,12958,22,22,M1b_any_withdrawal_minus_M0_routine,PASS,5986.0,168.0,5818.0,844.0,29.0,815.0,,,,,,,3729.0,112.0,3617.0,delta_brier_score,3.8279873408320064e-06,-2.8325463087621253e-06,1.0660126028670143e-05,500.0
hrs,incident_cancer,head_to_head_cv_binary_flag,13372,8458,414,12958,22,22,M2_fried_minus_M0_routine,PASS,5986.0,168.0,5818.0,844.0,29.0,815.0,,,,,,,3729.0,112.0,3617.0,delta_c_statistic,-0.0015859488067356,-0.0082438975269937,0.0054979232167246,500.0
hrs,incident_cancer,head_to_head_cv_binary_flag,13372,8458,414,12958,22,22,M2_fried_minus_M0_routine,PASS,5986.0,168.0,5818.0,844.0,29.0,815.0,,,,,,,3729.0,112.0,3617.0,delta_brier_score,1.3076277579085471e-05,-5.58072037220728e-06,2.908456841416188e-05,500.0
hrs,incident_cancer,head_to_head_cv_binary_flag,13372,8458,414,12958,22,22,M3b_fried_any_withdrawal_minus_M0_routine,PASS,5986.0,168.0,5818.0,844.0,29.0,815.0,,,,,,,3729.0,112.0,3617.0,delta_c_statistic,-0.0017962156443001,-0.0090976636573873,0.0054728377934206,500.0
hrs,incident_cancer,head_to_head_cv_binary_flag,13372,8458,414,12958,22,22,M3b_fried_any_withdrawal_minus_M0_routine,PASS,5986.0,168.0,5818.0,844.0,29.0,815.0,,,,,,,3729.0,112.0,3617.0,delta_brier_score,1.6315030601676828e-05,-4.440456586727627e-06,3.487854062184797e-05,500.0
hrs,incident_cancer,head_to_head_cv_binary_flag,13372,8458,414,12958,22,22,M3b_fried_any_withdrawal_minus_M2_fried,PASS,5986.0,168.0,5818.0,844.0,29.0,815.0,,,,,,,3729.0,112.0,3617.0,delta_c_statistic,-0.0002102668375644,-0.0025875858983996,0.0021177530541571,500.0
hrs,incident_cancer,head_to_head_cv_binary_flag,13372,8458,414,12958,22,22,M3b_fried_any_withdrawal_minus_M2_fried,PASS,5986.0,168.0,5818.0,844.0,29.0,815.0,,,,,,,3729.0,112.0,3617.0,delta_brier_score,3.2387530225913563e-06,-3.157912486113478e-06,9.805958272911424e-06,500.0
hrs,incident_arthritis,head_to_head_cv,5648,3773,500,5148,23,23,M0_routine,NOT_EVALUABLE_CV_SUPPORT,2178.0,203.0,1975.0,221.0,24.0,197.0,1307.0,133.0,1174.0,122.0,13.0,109.0,,,,,,,,
hrs,incident_arthritis,head_to_head_cv,5648,3773,500,5148,23,23,M1_withdrawal,NOT_EVALUABLE_CV_SUPPORT,2178.0,203.0,1975.0,221.0,24.0,197.0,1307.0,133.0,1174.0,122.0,13.0,109.0,,,,,,,,
hrs,incident_arthritis,head_to_head_cv,5648,3773,500,5148,23,23,M2_fried,NOT_EVALUABLE_CV_SUPPORT,2178.0,203.0,1975.0,221.0,24.0,197.0,1307.0,133.0,1174.0,122.0,13.0,109.0,,,,,,,,
hrs,incident_arthritis,head_to_head_cv,5648,3773,500,5148,23,23,M3_fried_withdrawal,NOT_EVALUABLE_CV_SUPPORT,2178.0,203.0,1975.0,221.0,24.0,197.0,1307.0,133.0,1174.0,122.0,13.0,109.0,,,,,,,,
hrs,incident_arthritis,head_to_head_cv_binary_flag,5648,3773,500,5148,22,22,M0_routine,PASS,2178.0,203.0,1975.0,221.0,24.0,197.0,,,,,,,1429.0,146.0,1283.0,c_statistic,0.5268531468531469,0.5030218606814985,0.5545384372304021,500.0
hrs,incident_arthritis,head_to_head_cv_binary_flag,5648,3773,500,5148,22,22,M0_routine,PASS,2178.0,203.0,1975.0,221.0,24.0,197.0,,,,,,,1429.0,146.0,1283.0,brier_score,0.0808381053991392,0.0751830205673579,0.0871941355531539,500.0
hrs,incident_arthritis,head_to_head_cv_binary_flag,5648,3773,500,5148,22,22,M1b_any_withdrawal,PASS,2178.0,203.0,1975.0,221.0,24.0,197.0,,,,,,,1429.0,146.0,1283.0,c_statistic,0.5295765345765345,0.507565485221671,0.557658441143084,500.0
hrs,incident_arthritis,head_to_head_cv_binary_flag,5648,3773,500,5148,22,22,M1b_any_withdrawal,PASS,2178.0,203.0,1975.0,221.0,24.0,197.0,,,,,,,1429.0,146.0,1283.0,brier_score,0.0808353598439846,0.0751689118787364,0.0871742103349753,500.0
hrs,incident_arthritis,head_to_head_cv_binary_flag,5648,3773,500,5148,22,22,M2_fried,PASS,2178.0,203.0,1975.0,221.0,24.0,197.0,,,,,,,1429.0,146.0,1283.0,c_statistic,0.5263531468531468,0.5020256490962608,0.5535946854471677,500.0
hrs,incident_arthritis,head_to_head_cv_binary_flag,5648,3773,500,5148,22,22,M2_fried,PASS,2178.0,203.0,1975.0,221.0,24.0,197.0,,,,,,,1429.0,146.0,1283.0,brier_score,0.0808408986362951,0.0751771506846173,0.0871738602637038,500.0
hrs,incident_arthritis,head_to_head_cv_binary_flag,5648,3773,500,5148,22,22,M3b_fried_any_withdrawal,PASS,2178.0,203.0,1975.0,221.0,24.0,197.0,,,,,,,1429.0,146.0,1283.0,c_statistic,0.5292008547008547,0.5060238854238139,0.5572660749028738,500.0
hrs,incident_arthritis,head_to_head_cv_binary_flag,5648,3773,500,5148,22,22,M3b_fried_any_withdrawal,PASS,2178.0,203.0,1975.0,221.0,24.0,197.0,,,,,,,1429.0,146.0,1283.0,brier_score,0.0808400614387362,0.0751649858666708,0.0871686710846558,500.0
hrs,incident_arthritis,head_to_head_cv_binary_flag,5648,3773,500,5148,22,22,M1b_any_withdrawal_minus_M0_routine,PASS,2178.0,203.0,1975.0,221.0,24.0,197.0,,,,,,,1429.0,146.0,1283.0,delta_c_statistic,0.0027233877233876,-0.0030680490149234,0.0088843088485432,500.0
hrs,incident_arthritis,head_to_head_cv_binary_flag,5648,3773,500,5148,22,22,M1b_any_withdrawal_minus_M0_routine,PASS,2178.0,203.0,1975.0,221.0,24.0,197.0,,,,,,,1429.0,146.0,1283.0,delta_brier_score,-2.7455551546151646e-06,-8.627630832261784e-05,7.079749120832802e-05,500.0
hrs,incident_arthritis,head_to_head_cv_binary_flag,5648,3773,500,5148,22,22,M2_fried_minus_M0_routine,PASS,2178.0,203.0,1975.0,221.0,24.0,197.0,,,,,,,1429.0,146.0,1283.0,delta_c_statistic,-0.0005,-0.0046658263205941,0.0033868429156928,500.0
hrs,incident_arthritis,head_to_head_cv_binary_flag,5648,3773,500,5148,22,22,M2_fried_minus_M0_routine,PASS,2178.0,203.0,1975.0,221.0,24.0,197.0,,,,,,,1429.0,146.0,1283.0,delta_brier_score,2.7932371558653246e-06,-5.279835539465337e-05,5.909360424680985e-05,500.0
hrs,incident_arthritis,head_to_head_cv_binary_flag,5648,3773,500,5148,22,22,M3b_fried_any_withdrawal_minus_M0_routine,PASS,2178.0,203.0,1975.0,221.0,24.0,197.0,,,,,,,1429.0,146.0,1283.0,delta_c_statistic,0.0023477078477077,-0.0041963328366782,0.0096093706959349,500.0
hrs,incident_arthritis,head_to_head_cv_binary_flag,5648,3773,500,5148,22,22,M3b_fried_any_withdrawal_minus_M0_routine,PASS,2178.0,203.0,1975.0,221.0,24.0,197.0,,,,,,,1429.0,146.0,1283.0,delta_brier_score,1.9560395970175115e-06,-9.35797167677624e-05,8.755575940968783e-05,500.0
hrs,incident_arthritis,head_to_head_cv_binary_flag,5648,3773,500,5148,22,22,M3b_fried_any_withdrawal_minus_M2_fried,PASS,2178.0,203.0,1975.0,221.0,24.0,197.0,,,,,,,1429.0,146.0,1283.0,delta_c_statistic,0.0028477078477078,-0.0028098510695224,0.0088246822569103,500.0
hrs,incident_arthritis,head_to_head_cv_binary_flag,5648,3773,500,5148,22,22,M3b_fried_any_withdrawal_minus_M2_fried,PASS,2178.0,203.0,1975.0,221.0,24.0,197.0,,,,,,,1429.0,146.0,1283.0,delta_brier_score,-8.371975588478131e-07,-8.601583619658147e-05,7.329717282800392e-05,500.0
share,incident_diabetes,head_to_head_cv,28199,19990,827,27372,21,21,M0_routine,PASS,11912.0,366.0,11546.0,2033.0,129.0,1904.0,6602.0,228.0,6374.0,710.0,32.0,678.0,,,,c_statistic,0.6491027998673301,0.6296353003971346,0.6670692931082226,500.0
share,incident_diabetes,head_to_head_cv,28199,19990,827,27372,21,21,M0_routine,PASS,11912.0,366.0,11546.0,2033.0,129.0,1904.0,6602.0,228.0,6374.0,710.0,32.0,678.0,,,,brier_score,0.0282416645204845,0.0264541446035861,0.0300968494320812,500.0
share,incident_diabetes,head_to_head_cv,28199,19990,827,27372,21,21,M1_withdrawal,PASS,11912.0,366.0,11546.0,2033.0,129.0,1904.0,6602.0,228.0,6374.0,710.0,32.0,678.0,,,,c_statistic,0.6483676202179086,0.6288267123224959,0.6664132804254314,500.0
share,incident_diabetes,head_to_head_cv,28199,19990,827,27372,21,21,M1_withdrawal,PASS,11912.0,366.0,11546.0,2033.0,129.0,1904.0,6602.0,228.0,6374.0,710.0,32.0,678.0,,,,brier_score,0.02824119009079,0.0264463436440617,0.03009587136327,500.0
share,incident_diabetes,head_to_head_cv,28199,19990,827,27372,21,21,M2_fried,PASS,11912.0,366.0,11546.0,2033.0,129.0,1904.0,6602.0,228.0,6374.0,710.0,32.0,678.0,,,,c_statistic,0.6522227411448446,0.6319879900330991,0.6699182656511778,500.0
share,incident_diabetes,head_to_head_cv,28199,19990,827,27372,21,21,M2_fried,PASS,11912.0,366.0,11546.0,2033.0,129.0,1904.0,6602.0,228.0,6374.0,710.0,32.0,678.0,,,,brier_score,0.0282373507316408,0.0264334599907291,0.0300645220028538,500.0
share,incident_diabetes,head_to_head_cv,28199,19990,827,27372,21,21,M3_fried_withdrawal,PASS,11912.0,366.0,11546.0,2033.0,129.0,1904.0,6602.0,228.0,6374.0,710.0,32.0,678.0,,,,c_statistic,0.6515905361236409,0.6314629666171813,0.6696663683625586,500.0
share,incident_diabetes,head_to_head_cv,28199,19990,827,27372,21,21,M3_fried_withdrawal,PASS,11912.0,366.0,11546.0,2033.0,129.0,1904.0,6602.0,228.0,6374.0,710.0,32.0,678.0,,,,brier_score,0.0282363480309645,0.0264245500604168,0.0300628652367161,500.0
share,incident_diabetes,head_to_head_cv,28199,19990,827,27372,21,21,M1_withdrawal_minus_M0_routine,PASS,11912.0,366.0,11546.0,2033.0,129.0,1904.0,6602.0,228.0,6374.0,710.0,32.0,678.0,,,,delta_c_statistic,-0.0007351796494214,-0.0014771972306027,-3.4752309552688125e-05,500.0
share,incident_diabetes,head_to_head_cv,28199,19990,827,27372,21,21,M1_withdrawal_minus_M0_routine,PASS,11912.0,366.0,11546.0,2033.0,129.0,1904.0,6602.0,228.0,6374.0,710.0,32.0,678.0,,,,delta_brier_score,-4.744296945476123e-07,-6.753916939529307e-06,5.409474525653026e-06,500.0
share,incident_diabetes,head_to_head_cv,28199,19990,827,27372,21,21,M2_fried_minus_M0_routine,PASS,11912.0,366.0,11546.0,2033.0,129.0,1904.0,6602.0,228.0,6374.0,710.0,32.0,678.0,,,,delta_c_statistic,0.0031199412775144,-0.0004007016565789,0.0066406892428242,500.0
share,incident_diabetes,head_to_head_cv,28199,19990,827,27372,21,21,M2_fried_minus_M0_routine,PASS,11912.0,366.0,11546.0,2033.0,129.0,1904.0,6602.0,228.0,6374.0,710.0,32.0,678.0,,,,delta_brier_score,-4.313788843735705e-06,-3.4245223111513485e-05,2.287622056568701e-05,500.0
share,incident_diabetes,head_to_head_cv,28199,19990,827,27372,21,21,M3_fried_withdrawal_minus_M0_routine,PASS,11912.0,366.0,11546.0,2033.0,129.0,1904.0,6602.0,228.0,6374.0,710.0,32.0,678.0,,,,delta_c_statistic,0.0024877362563108,-0.0013571612114479,0.0062219166608562,500.0
share,incident_diabetes,head_to_head_cv,28199,19990,827,27372,21,21,M3_fried_withdrawal_minus_M0_routine,PASS,11912.0,366.0,11546.0,2033.0,129.0,1904.0,6602.0,228.0,6374.0,710.0,32.0,678.0,,,,delta_brier_score,-5.316489519981843e-06,-3.690131885744794e-05,2.4954458249531662e-05,500.0
share,incident_diabetes,head_to_head_cv,28199,19990,827,27372,21,21,M3_fried_withdrawal_minus_M2_fried,PASS,11912.0,366.0,11546.0,2033.0,129.0,1904.0,6602.0,228.0,6374.0,710.0,32.0,678.0,,,,delta_c_statistic,-0.0006322050212036,-0.0014041350503344,0.0001336658686994,500.0
share,incident_diabetes,head_to_head_cv,28199,19990,827,27372,21,21,M3_fried_withdrawal_minus_M2_fried,PASS,11912.0,366.0,11546.0,2033.0,129.0,1904.0,6602.0,228.0,6374.0,710.0,32.0,678.0,,,,delta_brier_score,-1.0027006762461377e-06,-7.932297847662324e-06,5.466563138942485e-06,500.0
share,incident_diabetes,head_to_head_cv_binary_flag,28199,19990,827,27372,20,20,M0_routine,PASS,11912.0,366.0,11546.0,2033.0,129.0,1904.0,,,,,,,7312.0,260.0,7052.0,c_statistic,0.6491027998673301,0.6296353003971346,0.6670692931082226,500.0
share,incident_diabetes,head_to_head_cv_binary_flag,28199,19990,827,27372,20,20,M0_routine,PASS,11912.0,366.0,11546.0,2033.0,129.0,1904.0,,,,,,,7312.0,260.0,7052.0,brier_score,0.0282416645204845,0.0264541446035861,0.0300968494320812,500.0
share,incident_diabetes,head_to_head_cv_binary_flag,28199,19990,827,27372,20,20,M1b_any_withdrawal,PASS,11912.0,366.0,11546.0,2033.0,129.0,1904.0,,,,,,,7312.0,260.0,7052.0,c_statistic,0.6488070404782617,0.6291744079143528,0.6668405322184706,500.0
share,incident_diabetes,head_to_head_cv_binary_flag,28199,19990,827,27372,20,20,M1b_any_withdrawal,PASS,11912.0,366.0,11546.0,2033.0,129.0,1904.0,,,,,,,7312.0,260.0,7052.0,brier_score,0.0282439374319424,0.0264554223858907,0.0300994997852979,500.0
share,incident_diabetes,head_to_head_cv_binary_flag,28199,19990,827,27372,20,20,M2_fried,PASS,11912.0,366.0,11546.0,2033.0,129.0,1904.0,,,,,,,7312.0,260.0,7052.0,c_statistic,0.6522227411448446,0.6319879900330991,0.6699182656511778,500.0
share,incident_diabetes,head_to_head_cv_binary_flag,28199,19990,827,27372,20,20,M2_fried,PASS,11912.0,366.0,11546.0,2033.0,129.0,1904.0,,,,,,,7312.0,260.0,7052.0,brier_score,0.0282373507316408,0.0264334599907291,0.0300645220028538,500.0
share,incident_diabetes,head_to_head_cv_binary_flag,28199,19990,827,27372,20,20,M3b_fried_any_withdrawal,PASS,11912.0,366.0,11546.0,2033.0,129.0,1904.0,,,,,,,7312.0,260.0,7052.0,c_statistic,0.6519525597522319,0.6319044808593705,0.6696972940867303,500.0
share,incident_diabetes,head_to_head_cv_binary_flag,28199,19990,827,27372,20,20,M3b_fried_any_withdrawal,PASS,11912.0,366.0,11546.0,2033.0,129.0,1904.0,,,,,,,7312.0,260.0,7052.0,brier_score,0.0282396801520007,0.0264346879001885,0.0300665447528122,500.0
share,incident_diabetes,head_to_head_cv_binary_flag,28199,19990,827,27372,20,20,M1b_any_withdrawal_minus_M0_routine,PASS,11912.0,366.0,11546.0,2033.0,129.0,1904.0,,,,,,,7312.0,260.0,7052.0,delta_c_statistic,-0.0002957593890684,-0.0007354342598941,0.0001545329249343,500.0
share,incident_diabetes,head_to_head_cv_binary_flag,28199,19990,827,27372,20,20,M1b_any_withdrawal_minus_M0_routine,PASS,11912.0,366.0,11546.0,2033.0,129.0,1904.0,,,,,,,7312.0,260.0,7052.0,delta_brier_score,2.2729114579136955e-06,-2.685429220247553e-07,4.5210708525545046e-06,500.0
share,incident_diabetes,head_to_head_cv_binary_flag,28199,19990,827,27372,20,20,M2_fried_minus_M0_routine,PASS,11912.0,366.0,11546.0,2033.0,129.0,1904.0,,,,,,,7312.0,260.0,7052.0,delta_c_statistic,0.0031199412775144,-0.0004007016565789,0.0066406892428242,500.0
share,incident_diabetes,head_to_head_cv_binary_flag,28199,19990,827,27372,20,20,M2_fried_minus_M0_routine,PASS,11912.0,366.0,11546.0,2033.0,129.0,1904.0,,,,,,,7312.0,260.0,7052.0,delta_brier_score,-4.313788843735705e-06,-3.4245223111513485e-05,2.287622056568701e-05,500.0
share,incident_diabetes,head_to_head_cv_binary_flag,28199,19990,827,27372,20,20,M3b_fried_any_withdrawal_minus_M0_routine,PASS,11912.0,366.0,11546.0,2033.0,129.0,1904.0,,,,,,,7312.0,260.0,7052.0,delta_c_statistic,0.0028497598849017,-0.0007744485052793,0.0064139792364997,500.0
share,incident_diabetes,head_to_head_cv_binary_flag,28199,19990,827,27372,20,20,M3b_fried_any_withdrawal_minus_M0_routine,PASS,11912.0,366.0,11546.0,2033.0,129.0,1904.0,,,,,,,7312.0,260.0,7052.0,delta_brier_score,-1.9843684838198594e-06,-3.2180237989860946e-05,2.4803495567251948e-05,500.0
share,incident_diabetes,head_to_head_cv_binary_flag,28199,19990,827,27372,20,20,M3b_fried_any_withdrawal_minus_M2_fried,PASS,11912.0,366.0,11546.0,2033.0,129.0,1904.0,,,,,,,7312.0,260.0,7052.0,delta_c_statistic,-0.0002701813926127,-0.0006937058845219,0.0001548858093895,500.0
share,incident_diabetes,head_to_head_cv_binary_flag,28199,19990,827,27372,20,20,M3b_fried_any_withdrawal_minus_M2_fried,PASS,11912.0,366.0,11546.0,2033.0,129.0,1904.0,,,,,,,7312.0,260.0,7052.0,delta_brier_score,2.329420359915846e-06,-1.740814632230671e-07,4.623769622451225e-06,500.0
share,incident_stroke,head_to_head_cv,31291,22245,667,30624,21,21,M0_routine,PASS,13420.0,333.0,13087.0,2354.0,109.0,2245.0,7426.0,190.0,7236.0,792.0,25.0,767.0,,,,c_statistic,0.6567511943479671,0.6372687512514768,0.6745086910888985,500.0
share,incident_stroke,head_to_head_cv,31291,22245,667,30624,21,21,M0_routine,PASS,13420.0,333.0,13087.0,2354.0,109.0,2245.0,7426.0,190.0,7236.0,792.0,25.0,767.0,,,,brier_score,0.0207543204788872,0.0192230018854215,0.022482737087608,500.0
share,incident_stroke,head_to_head_cv,31291,22245,667,30624,21,21,M1_withdrawal,PASS,13420.0,333.0,13087.0,2354.0,109.0,2245.0,7426.0,190.0,7236.0,792.0,25.0,767.0,,,,c_statistic,0.6554670108127755,0.6352467017604603,0.6727570399749808,500.0
share,incident_stroke,head_to_head_cv,31291,22245,667,30624,21,21,M1_withdrawal,PASS,13420.0,333.0,13087.0,2354.0,109.0,2245.0,7426.0,190.0,7236.0,792.0,25.0,767.0,,,,brier_score,0.0207547446591024,0.0192241719443504,0.0224832954604295,500.0
share,incident_stroke,head_to_head_cv,31291,22245,667,30624,21,21,M2_fried,PASS,13420.0,333.0,13087.0,2354.0,109.0,2245.0,7426.0,190.0,7236.0,792.0,25.0,767.0,,,,c_statistic,0.6629979485179041,0.643498953496577,0.6814101783440398,500.0
share,incident_stroke,head_to_head_cv,31291,22245,667,30624,21,21,M2_fried,PASS,13420.0,333.0,13087.0,2354.0,109.0,2245.0,7426.0,190.0,7236.0,792.0,25.0,767.0,,,,brier_score,0.0207391264951735,0.0192086203393254,0.0224707016264872,500.0
share,incident_stroke,head_to_head_cv,31291,22245,667,30624,21,21,M3_fried_withdrawal,PASS,13420.0,333.0,13087.0,2354.0,109.0,2245.0,7426.0,190.0,7236.0,792.0,25.0,767.0,,,,c_statistic,0.6617342288886905,0.6422367187086054,0.680076603271516,500.0
share,incident_stroke,head_to_head_cv,31291,22245,667,30624,21,21,M3_fried_withdrawal,PASS,13420.0,333.0,13087.0,2354.0,109.0,2245.0,7426.0,190.0,7236.0,792.0,25.0,767.0,,,,brier_score,0.0207398262168804,0.0192107331730895,0.022471961776249,500.0
share,incident_stroke,head_to_head_cv,31291,22245,667,30624,21,21,M1_withdrawal_minus_M0_routine,PASS,13420.0,333.0,13087.0,2354.0,109.0,2245.0,7426.0,190.0,7236.0,792.0,25.0,767.0,,,,delta_c_statistic,-0.0012841835351916,-0.002237130012476,-0.0003132283758438,500.0
share,incident_stroke,head_to_head_cv,31291,22245,667,30624,21,21,M1_withdrawal_minus_M0_routine,PASS,13420.0,333.0,13087.0,2354.0,109.0,2245.0,7426.0,190.0,7236.0,792.0,25.0,767.0,,,,delta_brier_score,4.24180215119474e-07,-3.349531101985801e-06,3.980079118589846e-06,500.0
share,incident_stroke,head_to_head_cv,31291,22245,667,30624,21,21,M2_fried_minus_M0_routine,PASS,13420.0,333.0,13087.0,2354.0,109.0,2245.0,7426.0,190.0,7236.0,792.0,25.0,767.0,,,,delta_c_statistic,0.0062467541699369,-0.0003578586685454,0.0130660674632189,500.0
share,incident_stroke,head_to_head_cv,31291,22245,667,30624,21,21,M2_fried_minus_M0_routine,PASS,13420.0,333.0,13087.0,2354.0,109.0,2245.0,7426.0,190.0,7236.0,792.0,25.0,767.0,,,,delta_brier_score,-1.5193983713749498e-05,-3.661232828179951e-05,4.774374143381998e-06,500.0
share,incident_stroke,head_to_head_cv,31291,22245,667,30624,21,21,M3_fried_withdrawal_minus_M0_routine,PASS,13420.0,333.0,13087.0,2354.0,109.0,2245.0,7426.0,190.0,7236.0,792.0,25.0,767.0,,,,delta_c_statistic,0.0049830345407233,-0.0017520153128164,0.0117506472319196,500.0
share,incident_stroke,head_to_head_cv,31291,22245,667,30624,21,21,M3_fried_withdrawal_minus_M0_routine,PASS,13420.0,333.0,13087.0,2354.0,109.0,2245.0,7426.0,190.0,7236.0,792.0,25.0,767.0,,,,delta_brier_score,-1.4494262006808922e-05,-3.777759343751652e-05,5.686410460349095e-06,500.0
share,incident_stroke,head_to_head_cv,31291,22245,667,30624,21,21,M3_fried_withdrawal_minus_M2_fried,PASS,13420.0,333.0,13087.0,2354.0,109.0,2245.0,7426.0,190.0,7236.0,792.0,25.0,767.0,,,,delta_c_statistic,-0.0012637196292135,-0.0021744927243102,-0.0003512870623201,500.0
share,incident_stroke,head_to_head_cv,31291,22245,667,30624,21,21,M3_fried_withdrawal_minus_M2_fried,PASS,13420.0,333.0,13087.0,2354.0,109.0,2245.0,7426.0,190.0,7236.0,792.0,25.0,767.0,,,,delta_brier_score,6.997217069405759e-07,-3.35409166934697e-06,4.535790661515208e-06,500.0
share,incident_stroke,head_to_head_cv_binary_flag,31291,22245,667,30624,20,20,M0_routine,PASS,13420.0,333.0,13087.0,2354.0,109.0,2245.0,,,,,,,8218.0,215.0,8003.0,c_statistic,0.6567511943479671,0.6372687512514768,0.6745086910888985,500.0
share,incident_stroke,head_to_head_cv_binary_flag,31291,22245,667,30624,20,20,M0_routine,PASS,13420.0,333.0,13087.0,2354.0,109.0,2245.0,,,,,,,8218.0,215.0,8003.0,brier_score,0.0207543204788872,0.0192230018854215,0.022482737087608,500.0
share,incident_stroke,head_to_head_cv_binary_flag,31291,22245,667,30624,20,20,M1b_any_withdrawal,PASS,13420.0,333.0,13087.0,2354.0,109.0,2245.0,,,,,,,8218.0,215.0,8003.0,c_statistic,0.6555061761830684,0.6354516730295603,0.6727204353183317,500.0
share,incident_stroke,head_to_head_cv_binary_flag,31291,22245,667,30624,20,20,M1b_any_withdrawal,PASS,13420.0,333.0,13087.0,2354.0,109.0,2245.0,,,,,,,8218.0,215.0,8003.0,brier_score,0.020755240190964,0.0192241487035428,0.0224841534908599,500.0
share,incident_stroke,head_to_head_cv_binary_flag,31291,22245,667,30624,20,20,M2_fried,PASS,13420.0,333.0,13087.0,2354.0,109.0,2245.0,,,,,,,8218.0,215.0,8003.0,c_statistic,0.6629979485179041,0.643498953496577,0.6814101783440398,500.0
share,incident_stroke,head_to_head_cv_binary_flag,31291,22245,667,30624,20,20,M2_fried,PASS,13420.0,333.0,13087.0,2354.0,109.0,2245.0,,,,,,,8218.0,215.0,8003.0,brier_score,0.0207391264951735,0.0192086203393254,0.0224707016264872,500.0
share,incident_stroke,head_to_head_cv_binary_flag,31291,22245,667,30624,20,20,M3b_fried_any_withdrawal,PASS,13420.0,333.0,13087.0,2354.0,109.0,2245.0,,,,,,,8218.0,215.0,8003.0,c_statistic,0.6618078108281282,0.6423429352712859,0.6800568718517057,500.0
share,incident_stroke,head_to_head_cv_binary_flag,31291,22245,667,30624,20,20,M3b_fried_any_withdrawal,PASS,13420.0,333.0,13087.0,2354.0,109.0,2245.0,,,,,,,8218.0,215.0,8003.0,brier_score,0.0207403479793741,0.0192105983699897,0.0224728590120408,500.0
share,incident_stroke,head_to_head_cv_binary_flag,31291,22245,667,30624,20,20,M1b_any_withdrawal_minus_M0_routine,PASS,13420.0,333.0,13087.0,2354.0,109.0,2245.0,,,,,,,8218.0,215.0,8003.0,delta_c_statistic,-0.0012450181648987,-0.0020740102575539,-0.0002778193784508,500.0
share,incident_stroke,head_to_head_cv_binary_flag,31291,22245,667,30624,20,20,M1b_any_withdrawal_minus_M0_routine,PASS,13420.0,333.0,13087.0,2354.0,109.0,2245.0,,,,,,,8218.0,215.0,8003.0,delta_brier_score,9.197120767641398e-07,-2.1582206105008086e-06,3.4511467257062983e-06,500.0
share,incident_stroke,head_to_head_cv_binary_flag,31291,22245,667,30624,20,20,M2_fried_minus_M0_routine,PASS,13420.0,333.0,13087.0,2354.0,109.0,2245.0,,,,,,,8218.0,215.0,8003.0,delta_c_statistic,0.0062467541699369,-0.0003578586685454,0.0130660674632189,500.0
share,incident_stroke,head_to_head_cv_binary_flag,31291,22245,667,30624,20,20,M2_fried_minus_M0_routine,PASS,13420.0,333.0,13087.0,2354.0,109.0,2245.0,,,,,,,8218.0,215.0,8003.0,delta_brier_score,-1.5193983713749498e-05,-3.661232828179951e-05,4.774374143381998e-06,500.0
share,incident_stroke,head_to_head_cv_binary_flag,31291,22245,667,30624,20,20,M3b_fried_any_withdrawal_minus_M0_routine,PASS,13420.0,333.0,13087.0,2354.0,109.0,2245.0,,,,,,,8218.0,215.0,8003.0,delta_c_statistic,0.005056616480161,-0.0016999722738224,0.0118044879631739,500.0
share,incident_stroke,head_to_head_cv_binary_flag,31291,22245,667,30624,20,20,M3b_fried_any_withdrawal_minus_M0_routine,PASS,13420.0,333.0,13087.0,2354.0,109.0,2245.0,,,,,,,8218.0,215.0,8003.0,delta_brier_score,-1.3972499513140169e-05,-3.712051267160763e-05,5.815411865998578e-06,500.0
share,incident_stroke,head_to_head_cv_binary_flag,31291,22245,667,30624,20,20,M3b_fried_any_withdrawal_minus_M2_fried,PASS,13420.0,333.0,13087.0,2354.0,109.0,2245.0,,,,,,,8218.0,215.0,8003.0,delta_c_statistic,-0.0011901376897758,-0.0020215284842432,-0.0003189663262623,500.0
share,incident_stroke,head_to_head_cv_binary_flag,31291,22245,667,30624,20,20,M3b_fried_any_withdrawal_minus_M2_fried,PASS,13420.0,333.0,13087.0,2354.0,109.0,2245.0,,,,,,,8218.0,215.0,8003.0,delta_brier_score,1.2214842006093296e-06,-2.0561330404283464e-06,4.208194194143912e-06,500.0
share,incident_heart_disease,head_to_head_cv,26644,18995,1340,25304,21,21,M0_routine,PASS,11161.0,646.0,10515.0,1661.0,195.0,1466.0,6223.0,348.0,5875.0,651.0,39.0,612.0,,,,c_statistic,0.6579078259115425,0.6438073448020283,0.6715335540159918,500.0
share,incident_heart_disease,head_to_head_cv,26644,18995,1340,25304,21,21,M0_routine,PASS,11161.0,646.0,10515.0,1661.0,195.0,1466.0,6223.0,348.0,5875.0,651.0,39.0,612.0,,,,brier_score,0.0470553795591796,0.0449353017912345,0.0489883167377175,500.0
share,incident_heart_disease,head_to_head_cv,26644,18995,1340,25304,21,21,M1_withdrawal,PASS,11161.0,646.0,10515.0,1661.0,195.0,1466.0,6223.0,348.0,5875.0,651.0,39.0,612.0,,,,c_statistic,0.6565055344916266,0.642561703303882,0.6700838107255829,500.0
share,incident_heart_disease,head_to_head_cv,26644,18995,1340,25304,21,21,M1_withdrawal,PASS,11161.0,646.0,10515.0,1661.0,195.0,1466.0,6223.0,348.0,5875.0,651.0,39.0,612.0,,,,brier_score,0.0470780039279294,0.044962255361474,0.0490119990908301,500.0
share,incident_heart_disease,head_to_head_cv,26644,18995,1340,25304,21,21,M2_fried,PASS,11161.0,646.0,10515.0,1661.0,195.0,1466.0,6223.0,348.0,5875.0,651.0,39.0,612.0,,,,c_statistic,0.6666226447591319,0.6514841676605283,0.6802086858521816,500.0
share,incident_heart_disease,head_to_head_cv,26644,18995,1340,25304,21,21,M2_fried,PASS,11161.0,646.0,10515.0,1661.0,195.0,1466.0,6223.0,348.0,5875.0,651.0,39.0,612.0,,,,brier_score,0.046929714927391,0.044824696423063,0.0488636920562436,500.0
share,incident_heart_disease,head_to_head_cv,26644,18995,1340,25304,21,21,M3_fried_withdrawal,PASS,11161.0,646.0,10515.0,1661.0,195.0,1466.0,6223.0,348.0,5875.0,651.0,39.0,612.0,,,,c_statistic,0.6652292304679573,0.6501172879312999,0.6792486505264892,500.0
share,incident_heart_disease,head_to_head_cv,26644,18995,1340,25304,21,21,M3_fried_withdrawal,PASS,11161.0,646.0,10515.0,1661.0,195.0,1466.0,6223.0,348.0,5875.0,651.0,39.0,612.0,,,,brier_score,0.0469556330853638,0.0448533923094065,0.0488866526944549,500.0
share,incident_heart_disease,head_to_head_cv,26644,18995,1340,25304,21,21,M1_withdrawal_minus_M0_routine,PASS,11161.0,646.0,10515.0,1661.0,195.0,1466.0,6223.0,348.0,5875.0,651.0,39.0,612.0,,,,delta_c_statistic,-0.0014022914199158,-0.0023440325527423,-0.0005515544515808,500.0
share,incident_heart_disease,head_to_head_cv,26644,18995,1340,25304,21,21,M1_withdrawal_minus_M0_routine,PASS,11161.0,646.0,10515.0,1661.0,195.0,1466.0,6223.0,348.0,5875.0,651.0,39.0,612.0,,,,delta_brier_score,2.262436874983509e-05,1.1362048017123442e-05,3.37234123598297e-05,500.0
share,incident_heart_disease,head_to_head_cv,26644,18995,1340,25304,21,21,M2_fried_minus_M0_routine,PASS,11161.0,646.0,10515.0,1661.0,195.0,1466.0,6223.0,348.0,5875.0,651.0,39.0,612.0,,,,delta_c_statistic,0.0087148188475894,0.0032322422315898,0.0138343628567929,500.0
share,incident_heart_disease,head_to_head_cv,26644,18995,1340,25304,21,21,M2_fried_minus_M0_routine,PASS,11161.0,646.0,10515.0,1661.0,195.0,1466.0,6223.0,348.0,5875.0,651.0,39.0,612.0,,,,delta_brier_score,-0.0001256646317885,-0.0002206492291487,-3.413922324790219e-05,500.0
share,incident_heart_disease,head_to_head_cv,26644,18995,1340,25304,21,21,M3_fried_withdrawal_minus_M0_routine,PASS,11161.0,646.0,10515.0,1661.0,195.0,1466.0,6223.0,348.0,5875.0,651.0,39.0,612.0,,,,delta_c_statistic,0.0073214045564148,0.0018899902890579,0.0126441871387588,500.0
share,incident_heart_disease,head_to_head_cv,26644,18995,1340,25304,21,21,M3_fried_withdrawal_minus_M0_routine,PASS,11161.0,646.0,10515.0,1661.0,195.0,1466.0,6223.0,348.0,5875.0,651.0,39.0,612.0,,,,delta_brier_score,-9.974647381577606e-05,-0.0001954776605061,-2.984446628303469e-06,500.0
share,incident_heart_disease,head_to_head_cv,26644,18995,1340,25304,21,21,M3_fried_withdrawal_minus_M2_fried,PASS,11161.0,646.0,10515.0,1661.0,195.0,1466.0,6223.0,348.0,5875.0,651.0,39.0,612.0,,,,delta_c_statistic,-0.0013934142911745,-0.0023367088329484,-0.0006094105868801,500.0
share,incident_heart_disease,head_to_head_cv,26644,18995,1340,25304,21,21,M3_fried_withdrawal_minus_M2_fried,PASS,11161.0,646.0,10515.0,1661.0,195.0,1466.0,6223.0,348.0,5875.0,651.0,39.0,612.0,,,,delta_brier_score,2.5918157972759648e-05,1.4008834634519388e-05,3.82224316069133e-05,500.0
share,incident_heart_disease,head_to_head_cv_binary_flag,26644,18995,1340,25304,20,20,M0_routine,PASS,11161.0,646.0,10515.0,1661.0,195.0,1466.0,,,,,,,6874.0,387.0,6487.0,c_statistic,0.6579078259115425,0.6438073448020283,0.6715335540159918,500.0
share,incident_heart_disease,head_to_head_cv_binary_flag,26644,18995,1340,25304,20,20,M0_routine,PASS,11161.0,646.0,10515.0,1661.0,195.0,1466.0,,,,,,,6874.0,387.0,6487.0,brier_score,0.0470553795591796,0.0449353017912345,0.0489883167377175,500.0
share,incident_heart_disease,head_to_head_cv_binary_flag,26644,18995,1340,25304,20,20,M1b_any_withdrawal,PASS,11161.0,646.0,10515.0,1661.0,195.0,1466.0,,,,,,,6874.0,387.0,6487.0,c_statistic,0.6568106010022603,0.642721493055636,0.6702674225008801,500.0
share,incident_heart_disease,head_to_head_cv_binary_flag,26644,18995,1340,25304,20,20,M1b_any_withdrawal,PASS,11161.0,646.0,10515.0,1661.0,195.0,1466.0,,,,,,,6874.0,387.0,6487.0,brier_score,0.0470698017817386,0.0449538088513643,0.049003511699921,500.0
share,incident_heart_disease,head_to_head_cv_binary_flag,26644,18995,1340,25304,20,20,M2_fried,PASS,11161.0,646.0,10515.0,1661.0,195.0,1466.0,,,,,,,6874.0,387.0,6487.0,c_statistic,0.6666226447591319,0.6514841676605283,0.6802086858521816,500.0
share,incident_heart_disease,head_to_head_cv_binary_flag,26644,18995,1340,25304,20,20,M2_fried,PASS,11161.0,646.0,10515.0,1661.0,195.0,1466.0,,,,,,,6874.0,387.0,6487.0,brier_score,0.046929714927391,0.044824696423063,0.0488636920562436,500.0
share,incident_heart_disease,head_to_head_cv_binary_flag,26644,18995,1340,25304,20,20,M3b_fried_any_withdrawal,PASS,11161.0,646.0,10515.0,1661.0,195.0,1466.0,,,,,,,6874.0,387.0,6487.0,c_statistic,0.6655524346336607,0.6503426549719699,0.6794606064173415,500.0
share,incident_heart_disease,head_to_head_cv_binary_flag,26644,18995,1340,25304,20,20,M3b_fried_any_withdrawal,PASS,11161.0,646.0,10515.0,1661.0,195.0,1466.0,,,,,,,6874.0,387.0,6487.0,brier_score,0.0469470456450896,0.0448457521916037,0.0488808942205725,500.0
share,incident_heart_disease,head_to_head_cv_binary_flag,26644,18995,1340,25304,20,20,M1b_any_withdrawal_minus_M0_routine,PASS,11161.0,646.0,10515.0,1661.0,195.0,1466.0,,,,,,,6874.0,387.0,6487.0,delta_c_statistic,-0.0010972249092822,-0.0018649205742747,-0.0003542621121871,500.0
share,incident_heart_disease,head_to_head_cv_binary_flag,26644,18995,1340,25304,20,20,M1b_any_withdrawal_minus_M0_routine,PASS,11161.0,646.0,10515.0,1661.0,195.0,1466.0,,,,,,,6874.0,387.0,6487.0,delta_brier_score,1.4422222558985176e-05,5.065373372004426e-06,2.358472001008914e-05,500.0
share,incident_heart_disease,head_to_head_cv_binary_flag,26644,18995,1340,25304,20,20,M2_fried_minus_M0_routine,PASS,11161.0,646.0,10515.0,1661.0,195.0,1466.0,,,,,,,6874.0,387.0,6487.0,delta_c_statistic,0.0087148188475894,0.0032322422315898,0.0138343628567929,500.0
share,incident_heart_disease,head_to_head_cv_binary_flag,26644,18995,1340,25304,20,20,M2_fried_minus_M0_routine,PASS,11161.0,646.0,10515.0,1661.0,195.0,1466.0,,,,,,,6874.0,387.0,6487.0,delta_brier_score,-0.0001256646317885,-0.0002206492291487,-3.413922324790219e-05,500.0
share,incident_heart_disease,head_to_head_cv_binary_flag,26644,18995,1340,25304,20,20,M3b_fried_any_withdrawal_minus_M0_routine,PASS,11161.0,646.0,10515.0,1661.0,195.0,1466.0,,,,,,,6874.0,387.0,6487.0,delta_c_statistic,0.0076446087221181,0.0023008481475517,0.0129741453600535,500.0
share,incident_heart_disease,head_to_head_cv_binary_flag,26644,18995,1340,25304,20,20,M3b_fried_any_withdrawal_minus_M0_routine,PASS,11161.0,646.0,10515.0,1661.0,195.0,1466.0,,,,,,,6874.0,387.0,6487.0,delta_brier_score,-0.00010833391409,-0.0002034043081006,-1.2497123431591653e-05,500.0
share,incident_heart_disease,head_to_head_cv_binary_flag,26644,18995,1340,25304,20,20,M3b_fried_any_withdrawal_minus_M2_fried,PASS,11161.0,646.0,10515.0,1661.0,195.0,1466.0,,,,,,,6874.0,387.0,6487.0,delta_c_statistic,-0.0010702101254712,-0.001820517616389,-0.0003561529477525,500.0
share,incident_heart_disease,head_to_head_cv_binary_flag,26644,18995,1340,25304,20,20,M3b_fried_any_withdrawal_minus_M2_fried,PASS,11161.0,646.0,10515.0,1661.0,195.0,1466.0,,,,,,,6874.0,387.0,6487.0,delta_brier_score,1.733071769851463e-05,7.496256300079142e-06,2.713060525059395e-05,500.0
share,incident_hypertension,head_to_head_cv,15238,11095,1750,13488,21,21,M0_routine,PASS,6093.0,781.0,5312.0,767.0,147.0,620.0,3485.0,419.0,3066.0,343.0,43.0,300.0,,,,c_statistic,0.6201560328757838,0.6044891600938919,0.633970531938653,500.0
share,incident_hypertension,head_to_head_cv,15238,11095,1750,13488,21,21,M0_routine,PASS,6093.0,781.0,5312.0,767.0,147.0,620.0,3485.0,419.0,3066.0,343.0,43.0,300.0,,,,brier_score,0.099840645501351,0.0963095491508737,0.103758816356542,500.0
share,incident_hypertension,head_to_head_cv,15238,11095,1750,13488,21,21,M1_withdrawal,PASS,6093.0,781.0,5312.0,767.0,147.0,620.0,3485.0,419.0,3066.0,343.0,43.0,300.0,,,,c_statistic,0.619177851211659,0.6034535562861588,0.633191142356437,500.0
share,incident_hypertension,head_to_head_cv,15238,11095,1750,13488,21,21,M1_withdrawal,PASS,6093.0,781.0,5312.0,767.0,147.0,620.0,3485.0,419.0,3066.0,343.0,43.0,300.0,,,,brier_score,0.0998682290563724,0.0963395949793711,0.1037880123106061,500.0
share,incident_hypertension,head_to_head_cv,15238,11095,1750,13488,21,21,M2_fried,PASS,6093.0,781.0,5312.0,767.0,147.0,620.0,3485.0,419.0,3066.0,343.0,43.0,300.0,,,,c_statistic,0.6210472165734622,0.6061233278007452,0.6348179401181192,500.0
share,incident_hypertension,head_to_head_cv,15238,11095,1750,13488,21,21,M2_fried,PASS,6093.0,781.0,5312.0,767.0,147.0,620.0,3485.0,419.0,3066.0,343.0,43.0,300.0,,,,brier_score,0.0997657337784951,0.0961930405211712,0.1036743363852891,500.0
share,incident_hypertension,head_to_head_cv,15238,11095,1750,13488,21,21,M3_fried_withdrawal,PASS,6093.0,781.0,5312.0,767.0,147.0,620.0,3485.0,419.0,3066.0,343.0,43.0,300.0,,,,c_statistic,0.6201086892052194,0.6050262068701612,0.6337304660775867,500.0
share,incident_hypertension,head_to_head_cv,15238,11095,1750,13488,21,21,M3_fried_withdrawal,PASS,6093.0,781.0,5312.0,767.0,147.0,620.0,3485.0,419.0,3066.0,343.0,43.0,300.0,,,,brier_score,0.0997966831191229,0.0962181608083763,0.1037105189988032,500.0
share,incident_hypertension,head_to_head_cv,15238,11095,1750,13488,21,21,M1_withdrawal_minus_M0_routine,PASS,6093.0,781.0,5312.0,767.0,147.0,620.0,3485.0,419.0,3066.0,343.0,43.0,300.0,,,,delta_c_statistic,-0.0009781816641247,-0.0019466435723094,-9.996541235064198e-05,500.0
share,incident_hypertension,head_to_head_cv,15238,11095,1750,13488,21,21,M1_withdrawal_minus_M0_routine,PASS,6093.0,781.0,5312.0,767.0,147.0,620.0,3485.0,419.0,3066.0,343.0,43.0,300.0,,,,delta_brier_score,2.7583555021415407e-05,-4.433619405354999e-06,6.554198832034035e-05,500.0
share,incident_hypertension,head_to_head_cv,15238,11095,1750,13488,21,21,M2_fried_minus_M0_routine,PASS,6093.0,781.0,5312.0,767.0,147.0,620.0,3485.0,419.0,3066.0,343.0,43.0,300.0,,,,delta_c_statistic,0.0008911836976783,-0.0016704228280356,0.0033719279989316,500.0
share,incident_hypertension,head_to_head_cv,15238,11095,1750,13488,21,21,M2_fried_minus_M0_routine,PASS,6093.0,781.0,5312.0,767.0,147.0,620.0,3485.0,419.0,3066.0,343.0,43.0,300.0,,,,delta_brier_score,-7.491172285588321e-05,-0.0001863705908616,3.759635762877694e-05,500.0
share,incident_hypertension,head_to_head_cv,15238,11095,1750,13488,21,21,M3_fried_withdrawal_minus_M0_routine,PASS,6093.0,781.0,5312.0,767.0,147.0,620.0,3485.0,419.0,3066.0,343.0,43.0,300.0,,,,delta_c_statistic,-4.7343670564359286e-05,-0.0028282328736959,0.0025529856664359,500.0
share,incident_hypertension,head_to_head_cv,15238,11095,1750,13488,21,21,M3_fried_withdrawal_minus_M0_routine,PASS,6093.0,781.0,5312.0,767.0,147.0,620.0,3485.0,419.0,3066.0,343.0,43.0,300.0,,,,delta_brier_score,-4.396238222810489e-05,-0.0001582018665565,6.87290097314125e-05,500.0
share,incident_hypertension,head_to_head_cv,15238,11095,1750,13488,21,21,M3_fried_withdrawal_minus_M2_fried,PASS,6093.0,781.0,5312.0,767.0,147.0,620.0,3485.0,419.0,3066.0,343.0,43.0,300.0,,,,delta_c_statistic,-0.0009385273682427,-0.0019164569838714,-5.8596804018349057e-05,500.0
share,incident_hypertension,head_to_head_cv,15238,11095,1750,13488,21,21,M3_fried_withdrawal_minus_M2_fried,PASS,6093.0,781.0,5312.0,767.0,147.0,620.0,3485.0,419.0,3066.0,343.0,43.0,300.0,,,,delta_brier_score,3.094934062777832e-05,-2.514304722552388e-06,6.999186169054371e-05,500.0
share,incident_hypertension,head_to_head_cv_binary_flag,15238,11095,1750,13488,20,20,M0_routine,PASS,6093.0,781.0,5312.0,767.0,147.0,620.0,,,,,,,3828.0,462.0,3366.0,c_statistic,0.6201560328757838,0.6044891600938919,0.633970531938653,500.0
share,incident_hypertension,head_to_head_cv_binary_flag,15238,11095,1750,13488,20,20,M0_routine,PASS,6093.0,781.0,5312.0,767.0,147.0,620.0,,,,,,,3828.0,462.0,3366.0,brier_score,0.099840645501351,0.0963095491508737,0.103758816356542,500.0
share,incident_hypertension,head_to_head_cv_binary_flag,15238,11095,1750,13488,20,20,M1b_any_withdrawal,PASS,6093.0,781.0,5312.0,767.0,147.0,620.0,,,,,,,3828.0,462.0,3366.0,c_statistic,0.6193192679206914,0.6037144986660742,0.6332539191349953,500.0
share,incident_hypertension,head_to_head_cv_binary_flag,15238,11095,1750,13488,20,20,M1b_any_withdrawal,PASS,6093.0,781.0,5312.0,767.0,147.0,620.0,,,,,,,3828.0,462.0,3366.0,brier_score,0.0998639916318043,0.0963372062383298,0.1037961174925879,500.0
share,incident_hypertension,head_to_head_cv_binary_flag,15238,11095,1750,13488,20,20,M2_fried,PASS,6093.0,781.0,5312.0,767.0,147.0,620.0,,,,,,,3828.0,462.0,3366.0,c_statistic,0.6210472165734622,0.6061233278007452,0.6348179401181192,500.0
share,incident_hypertension,head_to_head_cv_binary_flag,15238,11095,1750,13488,20,20,M2_fried,PASS,6093.0,781.0,5312.0,767.0,147.0,620.0,,,,,,,3828.0,462.0,3366.0,brier_score,0.0997657337784951,0.0961930405211712,0.1036743363852891,500.0
share,incident_hypertension,head_to_head_cv_binary_flag,15238,11095,1750,13488,20,20,M3b_fried_any_withdrawal,PASS,6093.0,781.0,5312.0,767.0,147.0,620.0,,,,,,,3828.0,462.0,3366.0,c_statistic,0.6202242628368073,0.6052714174149137,0.6338456025572934,500.0
share,incident_hypertension,head_to_head_cv_binary_flag,15238,11095,1750,13488,20,20,M3b_fried_any_withdrawal,PASS,6093.0,781.0,5312.0,767.0,147.0,620.0,,,,,,,3828.0,462.0,3366.0,brier_score,0.0997926718756103,0.0962106380725485,0.1037034156700646,500.0
share,incident_hypertension,head_to_head_cv_binary_flag,15238,11095,1750,13488,20,20,M1b_any_withdrawal_minus_M0_routine,PASS,6093.0,781.0,5312.0,767.0,147.0,620.0,,,,,,,3828.0,462.0,3366.0,delta_c_statistic,-0.0008367649550924,-0.0015988337274672,-9.0795888260381e-05,500.0
share,incident_hypertension,head_to_head_cv_binary_flag,15238,11095,1750,13488,20,20,M1b_any_withdrawal_minus_M0_routine,PASS,6093.0,781.0,5312.0,767.0,147.0,620.0,,,,,,,3828.0,462.0,3366.0,delta_brier_score,2.334613045330836e-05,-1.001883790740024e-06,5.4559619659847215e-05,500.0
share,incident_hypertension,head_to_head_cv_binary_flag,15238,11095,1750,13488,20,20,M2_fried_minus_M0_routine,PASS,6093.0,781.0,5312.0,767.0,147.0,620.0,,,,,,,3828.0,462.0,3366.0,delta_c_statistic,0.0008911836976783,-0.0016704228280356,0.0033719279989316,500.0
share,incident_hypertension,head_to_head_cv_binary_flag,15238,11095,1750,13488,20,20,M2_fried_minus_M0_routine,PASS,6093.0,781.0,5312.0,767.0,147.0,620.0,,,,,,,3828.0,462.0,3366.0,delta_brier_score,-7.491172285588321e-05,-0.0001863705908616,3.759635762877694e-05,500.0
share,incident_hypertension,head_to_head_cv_binary_flag,15238,11095,1750,13488,20,20,M3b_fried_any_withdrawal_minus_M0_routine,PASS,6093.0,781.0,5312.0,767.0,147.0,620.0,,,,,,,3828.0,462.0,3366.0,delta_c_statistic,6.822996102351375e-05,-0.0027104959005403,0.0024989695809356,500.0
share,incident_hypertension,head_to_head_cv_binary_flag,15238,11095,1750,13488,20,20,M3b_fried_any_withdrawal_minus_M0_routine,PASS,6093.0,781.0,5312.0,767.0,147.0,620.0,,,,,,,3828.0,462.0,3366.0,delta_brier_score,-4.797362574061881e-05,-0.0001633500132072,6.413340461429578e-05,500.0
share,incident_hypertension,head_to_head_cv_binary_flag,15238,11095,1750,13488,20,20,M3b_fried_any_withdrawal_minus_M2_fried,PASS,6093.0,781.0,5312.0,767.0,147.0,620.0,,,,,,,3828.0,462.0,3366.0,delta_c_statistic,-0.0008229537366548,-0.0015823188660898,-7.907754501144394e-05,500.0
share,incident_hypertension,head_to_head_cv_binary_flag,15238,11095,1750,13488,20,20,M3b_fried_any_withdrawal_minus_M2_fried,PASS,6093.0,781.0,5312.0,767.0,147.0,620.0,,,,,,,3828.0,462.0,3366.0,delta_brier_score,2.6938097115264403e-05,1.7557680928117357e-06,5.966108043081033e-05,500.0
share,incident_cancer,head_to_head_cv,29906,21430,816,29090,21,21,M0_routine,PASS,12795.0,391.0,12404.0,2441.0,91.0,2350.0,7183.0,205.0,6978.0,779.0,32.0,747.0,,,,c_statistic,0.5986926770536334,0.57888012343503,0.6190663642490039,500.0
share,incident_cancer,head_to_head_cv,29906,21430,816,29090,21,21,M0_routine,PASS,12795.0,391.0,12404.0,2441.0,91.0,2350.0,7183.0,205.0,6978.0,779.0,32.0,747.0,,,,brier_score,0.0264464340916804,0.0247557493779772,0.0282125960973409,500.0
share,incident_cancer,head_to_head_cv,29906,21430,816,29090,21,21,M1_withdrawal,PASS,12795.0,391.0,12404.0,2441.0,91.0,2350.0,7183.0,205.0,6978.0,779.0,32.0,747.0,,,,c_statistic,0.5975221632998335,0.5773253309112434,0.617340262075588,500.0
share,incident_cancer,head_to_head_cv,29906,21430,816,29090,21,21,M1_withdrawal,PASS,12795.0,391.0,12404.0,2441.0,91.0,2350.0,7183.0,205.0,6978.0,779.0,32.0,747.0,,,,brier_score,0.0264510735985709,0.0247572960038769,0.0282182822779832,500.0
share,incident_cancer,head_to_head_cv,29906,21430,816,29090,21,21,M2_fried,PASS,12795.0,391.0,12404.0,2441.0,91.0,2350.0,7183.0,205.0,6978.0,779.0,32.0,747.0,,,,c_statistic,0.6044218753159566,0.5843692609551813,0.624066772864141,500.0
share,incident_cancer,head_to_head_cv,29906,21430,816,29090,21,21,M2_fried,PASS,12795.0,391.0,12404.0,2441.0,91.0,2350.0,7183.0,205.0,6978.0,779.0,32.0,747.0,,,,brier_score,0.0264399455156803,0.0247514034284757,0.0282063595208017,500.0
share,incident_cancer,head_to_head_cv,29906,21430,816,29090,21,21,M3_fried_withdrawal,PASS,12795.0,391.0,12404.0,2441.0,91.0,2350.0,7183.0,205.0,6978.0,779.0,32.0,747.0,,,,c_statistic,0.6031468852580565,0.5822827327957335,0.6232247160114777,500.0
share,incident_cancer,head_to_head_cv,29906,21430,816,29090,21,21,M3_fried_withdrawal,PASS,12795.0,391.0,12404.0,2441.0,91.0,2350.0,7183.0,205.0,6978.0,779.0,32.0,747.0,,,,brier_score,0.0264447303465888,0.0247532088683362,0.0282125779521837,500.0
share,incident_cancer,head_to_head_cv,29906,21430,816,29090,21,21,M1_withdrawal_minus_M0_routine,PASS,12795.0,391.0,12404.0,2441.0,91.0,2350.0,7183.0,205.0,6978.0,779.0,32.0,747.0,,,,delta_c_statistic,-0.0011705137537998,-0.0035305055715633,0.0013522532509238,500.0
share,incident_cancer,head_to_head_cv,29906,21430,816,29090,21,21,M1_withdrawal_minus_M0_routine,PASS,12795.0,391.0,12404.0,2441.0,91.0,2350.0,7183.0,205.0,6978.0,779.0,32.0,747.0,,,,delta_brier_score,4.6395068905337455e-06,-3.444128033686187e-06,1.1719896978586336e-05,500.0
share,incident_cancer,head_to_head_cv,29906,21430,816,29090,21,21,M2_fried_minus_M0_routine,PASS,12795.0,391.0,12404.0,2441.0,91.0,2350.0,7183.0,205.0,6978.0,779.0,32.0,747.0,,,,delta_c_statistic,0.0057291982623232,-0.0008198570270919,0.0111360154177882,500.0
share,incident_cancer,head_to_head_cv,29906,21430,816,29090,21,21,M2_fried_minus_M0_routine,PASS,12795.0,391.0,12404.0,2441.0,91.0,2350.0,7183.0,205.0,6978.0,779.0,32.0,747.0,,,,delta_brier_score,-6.488576000020924e-06,-2.0554612943116117e-05,7.810805643761879e-06,500.0
share,incident_cancer,head_to_head_cv,29906,21430,816,29090,21,21,M3_fried_withdrawal_minus_M0_routine,PASS,12795.0,391.0,12404.0,2441.0,91.0,2350.0,7183.0,205.0,6978.0,779.0,32.0,747.0,,,,delta_c_statistic,0.0044542082044231,-0.0022767379543763,0.0104463573226252,500.0
share,incident_cancer,head_to_head_cv,29906,21430,816,29090,21,21,M3_fried_withdrawal_minus_M0_routine,PASS,12795.0,391.0,12404.0,2441.0,91.0,2350.0,7183.0,205.0,6978.0,779.0,32.0,747.0,,,,delta_brier_score,-1.7037450915531605e-06,-1.840049322072617e-05,1.3553106040170645e-05,500.0
share,incident_cancer,head_to_head_cv,29906,21430,816,29090,21,21,M3_fried_withdrawal_minus_M2_fried,PASS,12795.0,391.0,12404.0,2441.0,91.0,2350.0,7183.0,205.0,6978.0,779.0,32.0,747.0,,,,delta_c_statistic,-0.0012749900579001,-0.0035945383209279,0.0011133173484816,500.0
share,incident_cancer,head_to_head_cv,29906,21430,816,29090,21,21,M3_fried_withdrawal_minus_M2_fried,PASS,12795.0,391.0,12404.0,2441.0,91.0,2350.0,7183.0,205.0,6978.0,779.0,32.0,747.0,,,,delta_brier_score,4.784830908467763e-06,-3.6137147552683062e-06,1.187865911234931e-05,500.0
share,incident_cancer,head_to_head_cv_binary_flag,29906,21430,816,29090,20,20,M0_routine,PASS,12795.0,391.0,12404.0,2441.0,91.0,2350.0,,,,,,,7962.0,237.0,7725.0,c_statistic,0.5986926770536334,0.57888012343503,0.6190663642490039,500.0
share,incident_cancer,head_to_head_cv_binary_flag,29906,21430,816,29090,20,20,M0_routine,PASS,12795.0,391.0,12404.0,2441.0,91.0,2350.0,,,,,,,7962.0,237.0,7725.0,brier_score,0.0264464340916804,0.0247557493779772,0.0282125960973409,500.0
share,incident_cancer,head_to_head_cv_binary_flag,29906,21430,816,29090,20,20,M1b_any_withdrawal,PASS,12795.0,391.0,12404.0,2441.0,91.0,2350.0,,,,,,,7962.0,237.0,7725.0,c_statistic,0.5972074705612737,0.577017051940503,0.6174182296772246,500.0
share,incident_cancer,head_to_head_cv_binary_flag,29906,21430,816,29090,20,20,M1b_any_withdrawal,PASS,12795.0,391.0,12404.0,2441.0,91.0,2350.0,,,,,,,7962.0,237.0,7725.0,brier_score,0.0264507650950515,0.0247577005045959,0.0282173310246429,500.0
share,incident_cancer,head_to_head_cv_binary_flag,29906,21430,816,29090,20,20,M2_fried,PASS,12795.0,391.0,12404.0,2441.0,91.0,2350.0,,,,,,,7962.0,237.0,7725.0,c_statistic,0.6044218753159566,0.5843692609551813,0.624066772864141,500.0
share,incident_cancer,head_to_head_cv_binary_flag,29906,21430,816,29090,20,20,M2_fried,PASS,12795.0,391.0,12404.0,2441.0,91.0,2350.0,,,,,,,7962.0,237.0,7725.0,brier_score,0.0264399455156803,0.0247514034284757,0.0282063595208017,500.0
share,incident_cancer,head_to_head_cv_binary_flag,29906,21430,816,29090,20,20,M3b_fried_any_withdrawal,PASS,12795.0,391.0,12404.0,2441.0,91.0,2350.0,,,,,,,7962.0,237.0,7725.0,c_statistic,0.6028379639927474,0.5823284924371757,0.6225208404752917,500.0
share,incident_cancer,head_to_head_cv_binary_flag,29906,21430,816,29090,20,20,M3b_fried_any_withdrawal,PASS,12795.0,391.0,12404.0,2441.0,91.0,2350.0,,,,,,,7962.0,237.0,7725.0,brier_score,0.0264444392704758,0.0247534239953109,0.028211808517281,500.0
share,incident_cancer,head_to_head_cv_binary_flag,29906,21430,816,29090,20,20,M1b_any_withdrawal_minus_M0_routine,PASS,12795.0,391.0,12404.0,2441.0,91.0,2350.0,,,,,,,7962.0,237.0,7725.0,delta_c_statistic,-0.0014852064923597,-0.0032175358363532,0.0004624474289434,500.0
share,incident_cancer,head_to_head_cv_binary_flag,29906,21430,816,29090,20,20,M1b_any_withdrawal_minus_M0_routine,PASS,12795.0,391.0,12404.0,2441.0,91.0,2350.0,,,,,,,7962.0,237.0,7725.0,delta_brier_score,4.331003371133013e-06,4.7474618385286254e-08,8.792225946860527e-06,500.0
share,incident_cancer,head_to_head_cv_binary_flag,29906,21430,816,29090,20,20,M2_fried_minus_M0_routine,PASS,12795.0,391.0,12404.0,2441.0,91.0,2350.0,,,,,,,7962.0,237.0,7725.0,delta_c_statistic,0.0057291982623232,-0.0008198570270919,0.0111360154177882,500.0
share,incident_cancer,head_to_head_cv_binary_flag,29906,21430,816,29090,20,20,M2_fried_minus_M0_routine,PASS,12795.0,391.0,12404.0,2441.0,91.0,2350.0,,,,,,,7962.0,237.0,7725.0,delta_brier_score,-6.488576000020924e-06,-2.0554612943116117e-05,7.810805643761879e-06,500.0
share,incident_cancer,head_to_head_cv_binary_flag,29906,21430,816,29090,20,20,M3b_fried_any_withdrawal_minus_M0_routine,PASS,12795.0,391.0,12404.0,2441.0,91.0,2350.0,,,,,,,7962.0,237.0,7725.0,delta_c_statistic,0.0041452869391139,-0.0024231775244342,0.0101655637228159,500.0
share,incident_cancer,head_to_head_cv_binary_flag,29906,21430,816,29090,20,20,M3b_fried_any_withdrawal_minus_M0_routine,PASS,12795.0,391.0,12404.0,2441.0,91.0,2350.0,,,,,,,7962.0,237.0,7725.0,delta_brier_score,-1.9948212045817204e-06,-1.7177958004599164e-05,1.2028202005618696e-05,500.0
share,incident_cancer,head_to_head_cv_binary_flag,29906,21430,816,29090,20,20,M3b_fried_any_withdrawal_minus_M2_fried,PASS,12795.0,391.0,12404.0,2441.0,91.0,2350.0,,,,,,,7962.0,237.0,7725.0,delta_c_statistic,-0.0015839113232092,-0.0032773438814999,0.0001978615134945,500.0
share,incident_cancer,head_to_head_cv_binary_flag,29906,21430,816,29090,20,20,M3b_fried_any_withdrawal_minus_M2_fried,PASS,12795.0,391.0,12404.0,2441.0,91.0,2350.0,,,,,,,7962.0,237.0,7725.0,delta_brier_score,4.493754795439203e-06,1.564668048251175e-07,9.091048063072233e-06,500.0
share,incident_arthritis,head_to_head_cv,19598,14716,2510,17088,21,21,M0_routine,PASS,7481.0,1122.0,6359.0,923.0,212.0,711.0,4460.0,609.0,3851.0,480.0,57.0,423.0,,,,c_statistic,0.6077110215505022,0.5954190086014679,0.6199778416308925,500.0
share,incident_arthritis,head_to_head_cv,19598,14716,2510,17088,21,21,M0_routine,PASS,7481.0,1122.0,6359.0,923.0,212.0,711.0,4460.0,609.0,3851.0,480.0,57.0,423.0,,,,brier_score,0.109755454398031,0.1069095392040299,0.1131256466792315,500.0
share,incident_arthritis,head_to_head_cv,19598,14716,2510,17088,21,21,M1_withdrawal,PASS,7481.0,1122.0,6359.0,923.0,212.0,711.0,4460.0,609.0,3851.0,480.0,57.0,423.0,,,,c_statistic,0.6077594001335482,0.5954129332389582,0.6198605408730118,500.0
share,incident_arthritis,head_to_head_cv,19598,14716,2510,17088,21,21,M1_withdrawal,PASS,7481.0,1122.0,6359.0,923.0,212.0,711.0,4460.0,609.0,3851.0,480.0,57.0,423.0,,,,brier_score,0.1097287148211697,0.1068859182664642,0.1130992650234909,500.0
share,incident_arthritis,head_to_head_cv,19598,14716,2510,17088,21,21,M2_fried,PASS,7481.0,1122.0,6359.0,923.0,212.0,711.0,4460.0,609.0,3851.0,480.0,57.0,423.0,,,,c_statistic,0.6158278869540564,0.6041194693131012,0.6277979295478122,500.0
share,incident_arthritis,head_to_head_cv,19598,14716,2510,17088,21,21,M2_fried,PASS,7481.0,1122.0,6359.0,923.0,212.0,711.0,4460.0,609.0,3851.0,480.0,57.0,423.0,,,,brier_score,0.1093479505343517,0.106508061882912,0.112782903609358,500.0
share,incident_arthritis,head_to_head_cv,19598,14716,2510,17088,21,21,M3_fried_withdrawal,PASS,7481.0,1122.0,6359.0,923.0,212.0,711.0,4460.0,609.0,3851.0,480.0,57.0,423.0,,,,c_statistic,0.61586693954519,0.604192099533101,0.6277451898165884,500.0
share,incident_arthritis,head_to_head_cv,19598,14716,2510,17088,21,21,M3_fried_withdrawal,PASS,7481.0,1122.0,6359.0,923.0,212.0,711.0,4460.0,609.0,3851.0,480.0,57.0,423.0,,,,brier_score,0.1093109773531061,0.1064434534533087,0.1127562736430694,500.0
share,incident_arthritis,head_to_head_cv,19598,14716,2510,17088,21,21,M1_withdrawal_minus_M0_routine,PASS,7481.0,1122.0,6359.0,923.0,212.0,711.0,4460.0,609.0,3851.0,480.0,57.0,423.0,,,,delta_c_statistic,4.8378583046071455e-05,-0.0012914816205115,0.0013623240918793,500.0
share,incident_arthritis,head_to_head_cv,19598,14716,2510,17088,21,21,M1_withdrawal_minus_M0_routine,PASS,7481.0,1122.0,6359.0,923.0,212.0,711.0,4460.0,609.0,3851.0,480.0,57.0,423.0,,,,delta_brier_score,-2.6739576861320447e-05,-7.577999303546649e-05,2.388478547743869e-05,500.0
share,incident_arthritis,head_to_head_cv,19598,14716,2510,17088,21,21,M2_fried_minus_M0_routine,PASS,7481.0,1122.0,6359.0,923.0,212.0,711.0,4460.0,609.0,3851.0,480.0,57.0,423.0,,,,delta_c_statistic,0.0081168654035542,0.0038257537623102,0.0130873894072754,500.0
share,incident_arthritis,head_to_head_cv,19598,14716,2510,17088,21,21,M2_fried_minus_M0_routine,PASS,7481.0,1122.0,6359.0,923.0,212.0,711.0,4460.0,609.0,3851.0,480.0,57.0,423.0,,,,delta_brier_score,-0.0004075038636792,-0.00063230080049,-0.0001994325618254,500.0
share,incident_arthritis,head_to_head_cv,19598,14716,2510,17088,21,21,M3_fried_withdrawal_minus_M0_routine,PASS,7481.0,1122.0,6359.0,923.0,212.0,711.0,4460.0,609.0,3851.0,480.0,57.0,423.0,,,,delta_c_statistic,0.0081559179946878,0.0037524926866086,0.0131882959027964,500.0
share,incident_arthritis,head_to_head_cv,19598,14716,2510,17088,21,21,M3_fried_withdrawal_minus_M0_routine,PASS,7481.0,1122.0,6359.0,923.0,212.0,711.0,4460.0,609.0,3851.0,480.0,57.0,423.0,,,,delta_brier_score,-0.0004444770449249,-0.0006892198691433,-0.0002307671555818,500.0
share,incident_arthritis,head_to_head_cv,19598,14716,2510,17088,21,21,M3_fried_withdrawal_minus_M2_fried,PASS,7481.0,1122.0,6359.0,923.0,212.0,711.0,4460.0,609.0,3851.0,480.0,57.0,423.0,,,,delta_c_statistic,3.90525911335704e-05,-0.0011945945990683,0.0013097142204307,500.0
share,incident_arthritis,head_to_head_cv,19598,14716,2510,17088,21,21,M3_fried_withdrawal_minus_M2_fried,PASS,7481.0,1122.0,6359.0,923.0,212.0,711.0,4460.0,609.0,3851.0,480.0,57.0,423.0,,,,delta_brier_score,-3.697318124566695e-05,-9.220541662004478e-05,1.532963749182012e-05,500.0
share,incident_arthritis,head_to_head_cv_binary_flag,19598,14716,2510,17088,20,20,M0_routine,PASS,7481.0,1122.0,6359.0,923.0,212.0,711.0,,,,,,,4940.0,666.0,4274.0,c_statistic,0.6077110215505022,0.5954190086014679,0.6199778416308925,500.0
share,incident_arthritis,head_to_head_cv_binary_flag,19598,14716,2510,17088,20,20,M0_routine,PASS,7481.0,1122.0,6359.0,923.0,212.0,711.0,,,,,,,4940.0,666.0,4274.0,brier_score,0.109755454398031,0.1069095392040299,0.1131256466792315,500.0
share,incident_arthritis,head_to_head_cv_binary_flag,19598,14716,2510,17088,20,20,M1b_any_withdrawal,PASS,7481.0,1122.0,6359.0,923.0,212.0,711.0,,,,,,,4940.0,666.0,4274.0,c_statistic,0.6078988470276199,0.5955007004123523,0.6199760209259892,500.0
share,incident_arthritis,head_to_head_cv_binary_flag,19598,14716,2510,17088,20,20,M1b_any_withdrawal,PASS,7481.0,1122.0,6359.0,923.0,212.0,711.0,,,,,,,4940.0,666.0,4274.0,brier_score,0.1097244665536676,0.106882743304453,0.113088803363032,500.0
share,incident_arthritis,head_to_head_cv_binary_flag,19598,14716,2510,17088,20,20,M2_fried,PASS,7481.0,1122.0,6359.0,923.0,212.0,711.0,,,,,,,4940.0,666.0,4274.0,c_statistic,0.6158278869540564,0.6041194693131012,0.6277979295478122,500.0
share,incident_arthritis,head_to_head_cv_binary_flag,19598,14716,2510,17088,20,20,M2_fried,PASS,7481.0,1122.0,6359.0,923.0,212.0,711.0,,,,,,,4940.0,666.0,4274.0,brier_score,0.1093479505343517,0.106508061882912,0.112782903609358,500.0
share,incident_arthritis,head_to_head_cv_binary_flag,19598,14716,2510,17088,20,20,M3b_fried_any_withdrawal,PASS,7481.0,1122.0,6359.0,923.0,212.0,711.0,,,,,,,4940.0,666.0,4274.0,c_statistic,0.6160438302967903,0.6044289091443469,0.6279865685977013,500.0
share,incident_arthritis,head_to_head_cv_binary_flag,19598,14716,2510,17088,20,20,M3b_fried_any_withdrawal,PASS,7481.0,1122.0,6359.0,923.0,212.0,711.0,,,,,,,4940.0,666.0,4274.0,brier_score,0.1093077444327683,0.1064340793627411,0.1127484620506497,500.0
share,incident_arthritis,head_to_head_cv_binary_flag,19598,14716,2510,17088,20,20,M1b_any_withdrawal_minus_M0_routine,PASS,7481.0,1122.0,6359.0,923.0,212.0,711.0,,,,,,,4940.0,666.0,4274.0,delta_c_statistic,0.0001878254771177,-0.0011884530476652,0.0014238105361041,500.0
share,incident_arthritis,head_to_head_cv_binary_flag,19598,14716,2510,17088,20,20,M1b_any_withdrawal_minus_M0_routine,PASS,7481.0,1122.0,6359.0,923.0,212.0,711.0,,,,,,,4940.0,666.0,4274.0,delta_brier_score,-3.09878443633671e-05,-8.151212569772504e-05,2.0585397420249867e-05,500.0
share,incident_arthritis,head_to_head_cv_binary_flag,19598,14716,2510,17088,20,20,M2_fried_minus_M0_routine,PASS,7481.0,1122.0,6359.0,923.0,212.0,711.0,,,,,,,4940.0,666.0,4274.0,delta_c_statistic,0.0081168654035542,0.0038257537623102,0.0130873894072754,500.0
share,incident_arthritis,head_to_head_cv_binary_flag,19598,14716,2510,17088,20,20,M2_fried_minus_M0_routine,PASS,7481.0,1122.0,6359.0,923.0,212.0,711.0,,,,,,,4940.0,666.0,4274.0,delta_brier_score,-0.0004075038636792,-0.00063230080049,-0.0001994325618254,500.0
share,incident_arthritis,head_to_head_cv_binary_flag,19598,14716,2510,17088,20,20,M3b_fried_any_withdrawal_minus_M0_routine,PASS,7481.0,1122.0,6359.0,923.0,212.0,711.0,,,,,,,4940.0,666.0,4274.0,delta_c_statistic,0.0083328087462881,0.0040355643431284,0.0133347251341714,500.0
share,incident_arthritis,head_to_head_cv_binary_flag,19598,14716,2510,17088,20,20,M3b_fried_any_withdrawal_minus_M0_routine,PASS,7481.0,1122.0,6359.0,923.0,212.0,711.0,,,,,,,4940.0,666.0,4274.0,delta_brier_score,-0.0004477099652626,-0.0006920235592933,-0.000238665553906,500.0
share,incident_arthritis,head_to_head_cv_binary_flag,19598,14716,2510,17088,20,20,M3b_fried_any_withdrawal_minus_M2_fried,PASS,7481.0,1122.0,6359.0,923.0,212.0,711.0,,,,,,,4940.0,666.0,4274.0,delta_c_statistic,0.0002159433427338,-0.001084169691902,0.0013880224765239,500.0
share,incident_arthritis,head_to_head_cv_binary_flag,19598,14716,2510,17088,20,20,M3b_fried_any_withdrawal_minus_M2_fried,PASS,7481.0,1122.0,6359.0,923.0,212.0,711.0,,,,,,,4940.0,666.0,4274.0,delta_brier_score,-4.020610158339544e-05,-9.460414443700216e-05,1.261962222836515e-05,500.0
